profile_url,likes,comments,timestamp,type,caption,url,shortcode,display_url,is_pinned
https://www.instagram.com/chhindwarasocial,254,1,2026-07-22T09:33:24.000Z,Video,"मौसम बदल सकता है, लेकिन हमारा संकल्प नहीं।

बारिश हो या तूफ़ान—हम न रुकने वाले हैं, न झुकने वाले हैं। जब तक पेपर लीक, छात्रों की मौतों और शिक्षा व्यवस्था की विफलताओं पर जवाबदेही तय नहीं होती, यह शांतिपूर्ण छात्र आंदोलन लगातार जारी रहेगा।

पानी बरसे या आँधी आए, हम छात्र प्रदर्शन स्थल से नहीं हटेंगे। यह लड़ाई किसी राजनीतिक दल की नहीं, बल्कि हर उस छात्र के भविष्य की है जो न्याय, पारदर्शिता और जवाबदेही चाहता है।

छात्र आंदोलन, जवाबदेही, शिक्षा व्यवस्था, पेपर लीक, छात्र न्याय, शांतिपूर्ण प्रदर्शन, छिंदवाड़ा छात्र आंदोलन

#StudentProtest #JusticeForStudents #AccountabilityNow #EducationReform #Chhindwara",https://www.instagram.com/p/DbFxrRdsjXF/,DbFxrRdsjXF,https://scontent-hou1-1.cdninstagram.com/v/t51.82787-15/753513332_17947679577252081_2435917267888643442_n.jpg?stp=dst-jpg_e15_tt6&_nc_cat=104&ig_cache_key=Mzk0Njc3OTEyNjQyODQ4MDk2NTE3OTQ3Njc5NTcxMjUyMDgx.3-ccb7-5&ccb=7-5&_nc_sid=58cdad&efg=eyJ2ZW5jb2RlX3RhZyI6IkNMSVBTLnhwaWRzLjEzMjAuc2RyLnZpZGVvX2RlZmF1bHRfY292ZXJfZnJhbWUuQzMifQ%3D%3D&_nc_ohc=pzxB1YT9jFAQ7kNvwEOvpEV&_nc_oc=AdrgS0rCVPtsGcrp33odMcdVJIOd8IgmJFXrptQmDVdLP6CbxQHd2C-LQ7uxmzdmvNlpIjgljt9u026x1Ig_0MOL&_nc_zt=23&_nc_ht=scontent-hou1-1.cdninstagram.com&_nc_gid=lSHPsjjU1lVogGM3Luqf5A&_nc_ss=7c689&oh=00_AQC-fGAVn04kXueRJhTqFHz25SH0kEJ8mEnTIuqDwZizKg&oe=6A665BB1,False
https://www.instagram.com/chhindwarasocial,857,53,2026-07-22T07:38:37.000Z,Video,"मुख्यमंत्री डॉ. मोहन यादव ने विधानसभा में जय श्री राम का नारा लगाकर कराया UCC बिल पास। बोले - “जो हिंदू हित की बात करेगा वही देश पर राज करेगा”

#Mp #UCC #cmmohanyadav",https://www.instagram.com/p/DbFkkAAptGf/,DbFkkAAptGf,https://scontent-atl3-3.cdninstagram.com/v/t51.82787-15/751439156_17947668147252081_205825337737068915_n.jpg?stp=dst-jpg_e15_tt6&_nc_cat=108&ig_cache_key=Mzk0NjcyMTQ1MjA0NjYwMjY1NTE3OTQ3NjY4MTQ0MjUyMDgx.3-ccb7-5&ccb=7-5&_nc_sid=58cdad&efg=eyJ2ZW5jb2RlX3RhZyI6IkNMSVBTLnhwaWRzLjEzMjAuc2RyLnZpZGVvX2RlZmF1bHRfY292ZXJfZnJhbWUuQzMifQ%3D%3D&_nc_ohc=kT-lB33EkVEQ7kNvwFcVH-z&_nc_oc=Adqf8F05W0n2GlEEEUw-BvWuGgPUnk1NlBi5KFm6AR79v4-aQHS1ZAXmFZbRe51I4i-cjFoNS1CdUiVhLf9rjuwY&_nc_zt=23&_nc_ht=scontent-atl3-3.cdninstagram.com&_nc_gid=DXi8TV67KW0l8N1S3jUh_w&_nc_ss=72689&oh=00_AQDm7S_4IfImN8bDKZf5x-eOpHToJUat0Zq7hB0tOSFGiw&oe=6A666894,False
https://www.instagram.com/chhindwarasocial,752,11,2026-07-21T17:38:22.000Z,Video,कांग्रेस नेता राहुल गांधी को दिल्ली में प्रदर्शन के दौरान हिरासत में लिए जाने के विरोध में छिंदवाड़ा में कांग्रेस कार्यकर्ताओं ने धरना-प्रदर्शन कर विरोध जताया। कांग्रेस कार्यकर्ताओं ने केंद्र सरकार के खिलाफ नारेबाजी करते हुए राहुल गांधी के समर्थन में आवाज बुलंद की।,https://www.instagram.com/p/DbEESvhJasW/,DbEESvhJasW,https://scontent-lga3-1.cdninstagram.com/v/t51.82787-15/751159597_17947580631252081_8950234110925423116_n.jpg?stp=dst-jpg_e35_p1080x1080_sh2.08_tt6&_nc_ht=scontent-lga3-1.cdninstagram.com&_nc_cat=109&_nc_oc=Q6cZ2gFJSLlA44VnzSOOInzHxVcFBLluwVnoac7DARLD67lyndb2OTc-AYGp8mg-V3xmInU-g0sYDP4VR5lS4w8a3jIU&_nc_ohc=Vsv4biAbBXYQ7kNvwHVdS0u&_nc_gid=BOxZAtd-rrJrQAN2zVskRg&edm=ADp7STQBAAAA&ccb=7-5&oh=00_AQCPco9Hz-oLy1qCtLJpHdcRWNupR-vkGEnGiQICMa0ZRw&oe=6A667460&_nc_sid=c6f216,False
https://www.instagram.com/chhindwarasocial,3291,76,2026-07-21T16:50:38.000Z,Video,"हमें अपना विरोध स्थल छोड़ना पड़ा, क्योंकि श्री नकुलनाथ जी एवं कांग्रेस के अन्य पदाधिकारी राहुल गांधी जी के समर्थन में प्रदर्शन करने वहाँ आ रहे थे।

हम साफ करना चाहते हैं कि यह आंदोलन किसी राजनीतिक दल का आंदोलन नहीं है। यह छात्रों की आवाज़ है, छात्रों के भविष्य की लड़ाई है और शिक्षा व्यवस्था में जवाबदेही की मांग है।

इसी कारण हमने शांतिपूर्वक वहाँ से हटने का निर्णय लिया, ताकि हमारे आंदोलन को किसी राजनीतिक पार्टी से जोड़कर न देखा जाए। हमारा संघर्ष गैर-राजनीतिक, छात्र-नेतृत्व वाला और पूरी तरह शांतिपूर्ण है।

Keywords: छात्र आंदोलन, गैर-राजनीतिक प्रदर्शन, शांतिपूर्ण विरोध, शिक्षा व्यवस्था, छात्रों का भविष्य, छात्र एकता, Chhindwara Student Protest, Youth Protest, Education Reform, Students’ Rights

#StudentProtest #NonPoliticalMovement #StudentsUnity #EducationJustice #Chhindwara",https://www.instagram.com/p/DbD-8z2p_hV/,DbD-8z2p_hV,https://scontent-phl2-1.cdninstagram.com/v/t51.82787-15/752391739_17947573299252081_444667515345626798_n.jpg?stp=dst-jpg_e35_p1080x1080_sh2.08_tt6&_nc_ht=scontent-phl2-1.cdninstagram.com&_nc_cat=109&_nc_oc=Q6cZ2gHEfH2nOMp9BdzH3SM8i9td555X0m4nnKEOQ2NcPLjuPjr3RbKjdIm4maUKji11dqY&_nc_ohc=CTdKKNLBd88Q7kNvwEScsvM&_nc_gid=upCm97kQ2Gni3spjd_XGmg&edm=ADp7STQBAAAA&ccb=7-5&oh=00_AQCZnSSfCetlUCXG7zI1AVhVAjT89xzOCCJqrSJFWtHSZA&oe=6A6671EE&_nc_sid=c6f216,False
https://www.instagram.com/chhindwarasocial,997,2,2026-07-21T16:42:35.000Z,Video,"दिल्ली में राहुल गांधी और अन्य कांग्रेस नेताओं ने छात्रों से जुड़े मुद्दों को लेकर प्रदर्शन किया था, जहां राहुल गांधी को पुलिस ने हिरासत में लिया। इसके बाद देश के विभिन्न हिस्सों में कांग्रेस कार्यकर्ताओं द्वारा विरोध प्रदर्शन किए जा रहे हैं।

Follow @chhindwarasocial 

#congress #rahulgandhi #chhindwara #bjp #protest",https://www.instagram.com/p/DbD9_Hqpjb5/,DbD9_Hqpjb5,https://scontent-atl3-1.cdninstagram.com/v/t51.82787-15/753224999_17947572090252081_6410962607828642389_n.jpg?stp=dst-jpg_e15_tt6&_nc_cat=100&ig_cache_key=Mzk0NjI3MDMxNjkwMjYyNzA2NTE3OTQ3NTcyMDg3MjUyMDgx.3-ccb7-5&ccb=7-5&_nc_sid=58cdad&efg=eyJ2ZW5jb2RlX3RhZyI6IkNMSVBTLnhwaWRzLjcyMC5zZHIudmlkZW9fZGVmYXVsdF9jb3Zlcl9mcmFtZS5DMyJ9&_nc_ohc=phxBU-tkkykQ7kNvwFzadcr&_nc_oc=Adqckb_k8BSXH7G7TsRYAGzbVA2rq_KpphAfBku6ZJH2cfsWYMkFf2gZAGOvNZ8-VJ8&_nc_zt=23&_nc_ht=scontent-atl3-1.cdninstagram.com&_nc_gid=dbDmXUCC2c3qHXRnUCzodw&_nc_ss=7c289&oh=00_AQBTB7TMR81PdronVPLcHuFS-JemPdhF9udVmUZKjbAVGA&oe=6A667807,False
https://www.instagram.com/chhindwarasocial,4829,55,2026-07-21T16:36:32.000Z,Video,"कांग्रेस नेता राहुल गांधी को दिल्ली में प्रदर्शन के दौरान हिरासत में लिए जाने के विरोध में छिंदवाड़ा में कांग्रेस कार्यकर्ताओं ने धरना-प्रदर्शन कर विरोध जताया। कांग्रेस कार्यकर्ताओं ने केंद्र सरकार के खिलाफ नारेबाजी करते हुए राहुल गांधी के समर्थन में आवाज बुलंद की।

दिल्ली में राहुल गांधी और अन्य कांग्रेस नेताओं ने छात्रों से जुड़े मुद्दों को लेकर प्रदर्शन किया था, जहां राहुल गांधी को पुलिस ने हिरासत में लिया। इसके बाद देश के विभिन्न हिस्सों में कांग्रेस कार्यकर्ताओं द्वारा विरोध प्रदर्शन किए जा रहे हैं। 

Follow @chhindwarasocial 

#protest #congress #bjp #trending #reels",https://www.instagram.com/p/DbD9NUIpUu1/,DbD9NUIpUu1,https://scontent-phl2-1.cdninstagram.com/v/t51.82787-15/751939754_17947570821252081_7677988773692757194_n.jpg?stp=dst-jpg_e15_tt6&_nc_cat=111&ig_cache_key=Mzk0NjI2Njg5NDMxNjk0ODQwNTE3OTQ3NTcwODE4MjUyMDgx.3-ccb7-5&ccb=7-5&_nc_sid=58cdad&efg=eyJ2ZW5jb2RlX3RhZyI6IkNMSVBTLnhwaWRzLjcyMC5zZHIudmlkZW9fZGVmYXVsdF9jb3Zlcl9mcmFtZS5DMyJ9&_nc_ohc=uMyXFt_fb6gQ7kNvwEdaBpe&_nc_oc=Adrr9r-WITeLtecxwxDrCLGVtZq4XJf0Iqpe_Jh0H8VIpxH4Tf9cGsJ-hj0K1j7IgN8&_nc_zt=23&_nc_ht=scontent-phl2-1.cdninstagram.com&_nc_gid=0Jioo9XG6HI2gytCUyuYgg&_nc_ss=7c689&oh=00_AQBueHL71x7CCTS0cZR4V5aAvD03oNyUST09jZoytPFGnQ&oe=6A664CE8,False
https://www.instagram.com/chhindwarasocial,2207,7,2026-07-21T14:25:11.000Z,Video,"छिंदवाड़ा में भुट्टे ने किसानों के साथ-साथ बेरोजगारों की भी बदली तकदीर, चौक-चौराहों पर सजी भुट्टे बेचने वालों की दुकानें. स्वीट कॉर्न की जमकर डिमांड.

बीसापुर की रहने वाली मनीषा कहार घर के काम करने के बाद बेरोजगार ही रहा करती थीं, फिर उसने हाईवे के किनारे चौक पर भुट्टे की दुकान लगाना शुरू किया. अब इसी दुकान से डेढ़ से 2 लाख रुपए महीने की कमाई करती हैं.

कॉर्न सिटी का तमगा छिंदवाड़ा को यूं ही हासिल नहीं हुआ है, मक्के की खेती करके यहां का किसान ही मालामाल नहीं हो रहा है बल्कि बेरोजगारों के लिए रोजगार का भी जरिया बन चुका है. छिंदवाड़ा शहर के आसपास चौक और चौराहों पर इन दिनों भुट्टे बेचने वालों की दुकानें सजी हैं.

#chhindwarasocial #chhindwara #bhutta #corn #motivation",https://www.instagram.com/p/DbDuTpuMDVV/,DbDuTpuMDVV,https://scontent-msp1-1.cdninstagram.com/v/t51.82787-15/753329182_17947552503252081_2302484085114597201_n.jpg?stp=dst-jpg_e15_tt6&_nc_cat=103&ig_cache_key=Mzk0NjIwMTM1OTExNDU4MTMzMzE3OTQ3NTUyNTAwMjUyMDgx.3-ccb7-5&ccb=7-5&_nc_sid=58cdad&efg=eyJ2ZW5jb2RlX3RhZyI6IkNMSVBTLnhwaWRzLjEzMjAuc2RyLnZpZGVvX2RlZmF1bHRfY292ZXJfZnJhbWUuQzMifQ%3D%3D&_nc_ohc=RTOF724zGt4Q7kNvwGPBDWw&_nc_oc=AdpaY633os2gI9QBs9Sz924V0LOL3bz_8KhjNfW8eQa0JT4pwDirPMZEXGkSFz0KbBI&_nc_zt=23&_nc_ht=scontent-msp1-1.cdninstagram.com&_nc_gid=NpzqTbf7HKIDs0TfEUbB3g&_nc_ss=7ca8c&oh=00_AQCOJ3z_K6KO0WbmS7VrOShdbX9mODObAwCC_R-yaGXIbg&oe=6A667C5D,False
https://www.instagram.com/chhindwarasocial,1312,6,2026-07-21T13:19:03.000Z,Video,"छिंदवाड़ा के खजरी रोड स्थित हरे माधव के सामने एक सड़क हादसा सामने आया है। बताया जा रहा है कि अज्ञात वाहन ने सड़क पर स्कॉर्पियो को टक्कर मार दी और घटना के बाद मौके से फरार हो गया। हादसे में स्कॉर्पियो क्षतिग्रस्त हुई है।

Follow @chhindwarasocial 

#chhindwarasocial #chhindwara #viral #trending #chhindwaracity",https://www.instagram.com/p/DbDmpqrsQxD/,DbDmpqrsQxD,https://scontent-atl3-1.cdninstagram.com/v/t51.82787-15/753231549_17947543188252081_5240325994633588198_n.jpg?stp=dst-jpg_e15_tt6&_nc_cat=100&ig_cache_key=Mzk0NjE2NzY4NzYwMjgzNDQ5OTE3OTQ3NTQzMTgyMjUyMDgx.3-ccb7-5&ccb=7-5&_nc_sid=58cdad&efg=eyJ2ZW5jb2RlX3RhZyI6IkNMSVBTLnhwaWRzLjEzMjAuc2RyLnZpZGVvX2RlZmF1bHRfY292ZXJfZnJhbWUuQzMifQ%3D%3D&_nc_ohc=87XabU-0ELoQ7kNvwGyzQl-&_nc_oc=AdohBtGuYOqtwwa4_78pKTSO6vr2_-6NZun5xQyOKm8XjJvwieLdAqpYipGc-z_-_c0&_nc_zt=23&_nc_ht=scontent-atl3-1.cdninstagram.com&_nc_gid=XS6oK4yc2gCWK9_XPD5FWg&_nc_ss=72689&oh=00_AQBj_V7seOTYrUl8_IooD_-WkTlqjOTYH1sVr56Ux8rUUw&oe=6A6678F9,False
https://www.instagram.com/chhindwarasocial,9917,86,2026-07-21T11:50:39.000Z,Video,"देश की राजधानी दिल्ली के जंतर-मंतर पर जारी प्रदर्शन में अब छिंदवाड़ा के युवा भी शामिल होने पहुंचे। अपनी मांगों और युवाओं की आवाज को मजबूती देने के लिए छिंदवाड़ा से दिल्ली पहुंचे युवाओं ने आंदोलन में अपनी भागीदारी दर्ज कराई।

छिंदवाड़ा से दिल्ली तक—अपने हक और आवाज के लिए मैदान में युवा!

Credits @harshhcreation 

#jantarmantar #protest #sonamwanchuk #chhindwara #educationminister",https://www.instagram.com/p/DbDcgDypGor/,DbDcgDypGor,https://scontent-atl3-3.cdninstagram.com/v/t51.82787-15/750816335_17947530075252081_2373073282936830150_n.jpg?stp=dst-jpg_e35_p1080x1080_sh2.08_tt6&_nc_ht=scontent-atl3-3.cdninstagram.com&_nc_cat=109&_nc_oc=Q6cZ2gGybQkocJEP5x3sHOq_hs1zBk41mYhSzWLl-JROaCTKC5GDGTK2PtyWdysGV5Svmbk&_nc_ohc=A9w2D0Nl-3gQ7kNvwHE9-JJ&_nc_gid=OqCb5upRhldtlPWLh0uhTA&edm=ADp7STQBAAAA&ccb=7-5&oh=00_AQB3UJvv51TQuTzp7KiyfjJoLz7l2tG7QgACL7kP0Tel6Q&oe=6A665DB2&_nc_sid=c6f216,False
https://www.instagram.com/chhindwarasocial,14024,103,2026-07-21T10:29:07.000Z,Video,"दिल्ली के जंतर-मंतर पर गूंजी छिंदवाड़ा के युवाओं की आवाज

देश की राजधानी दिल्ली के जंतर-मंतर पर जारी प्रदर्शन में अब छिंदवाड़ा के युवा भी शामिल होने पहुंचे। अपनी मांगों और युवाओं की आवाज को मजबूती देने के लिए छिंदवाड़ा से दिल्ली पहुंचे युवाओं ने आंदोलन में अपनी भागीदारी दर्ज कराई।

छिंदवाड़ा से दिल्ली तक—अपने हक और आवाज के लिए मैदान में युवा!

Credits @harshhcreation 

#jantarmantar #protest #sonamwanchuk #chhindwara #educationminister",https://www.instagram.com/p/DbDTFXTJ-tj/,DbDTFXTJ-tj,https://scontent-phl2-1.cdninstagram.com/v/t51.82787-15/753362069_17947520718252081_1262179440782985257_n.jpg?stp=dst-jpg_e15_tt6&_nc_cat=110&ig_cache_key=Mzk0NjA4MTYzMDAwNTIyNjMzOTE3OTQ3NTIwNzE1MjUyMDgx.3-ccb7-5&ccb=7-5&_nc_sid=58cdad&efg=eyJ2ZW5jb2RlX3RhZyI6IkNMSVBTLnhwaWRzLjcyMC5zZHIudmlkZW9fZGVmYXVsdF9jb3Zlcl9mcmFtZS5DMyJ9&_nc_ohc=m1MfaZxV-KAQ7kNvwHL5ruX&_nc_oc=AdqYjWBLxxWjVIDQn5yKZxEYX6RBJ-P7oTnclR14xyJogtBGYTd4u1LGmQq7GwlZtsk&_nc_zt=23&_nc_ht=scontent-phl2-1.cdninstagram.com&_nc_gid=PK_QNOzB8RSiRdAaXz9-Gw&_nc_ss=73689&oh=00_AQA91sIyZ6YU0Gl5FOslvnpyRSSA0KIfia7ueZ0hdUXc8w&oe=6A665DD7,False
https://www.instagram.com/chhindwarasocial,3,1,2026-07-21T08:21:33.000Z,Video,"APT’s unique “MBA program”  in tie up with *SAGE University*

✅100% Job assurance program 

✅100% fee cash back 

✅U can continue along with CA /CS 
✅2 years PAID INTERNSHIP from city of your choice 

Just graduated and still 🤔 wondering what to do???

Well our MBA students have already started practical training!

Best opportunity for all MBA aspirants who want a high paying career...

For Admission Call-
SURYANSH SONI 
City Centre Head(CHHINDWARA)
SAGE UNIVERSITY.
(BHOPAL,INDORE)
7987508109.
8889869455.
@suryansh_soni008 
@hardia_rahul 
@apt.career",https://www.instagram.com/p/DbDEn7DJJKP/,DbDEn7DJJKP,https://scontent-ord5-1.cdninstagram.com/v/t51.71878-15/753018773_1505331868299163_5435234237403821653_n.jpg?stp=dst-jpg_e15_tt6&_nc_cat=111&ig_cache_key=Mzk0NjAxODAzNDE1NTgxOTY2Mw%3D%3D.3-ccb7-5&ccb=7-5&_nc_sid=58cdad&efg=eyJ2ZW5jb2RlX3RhZyI6IkNMSVBTLnhwaWRzLjY0MC5zZHIudmlkZW9fZGVmYXVsdF9jb3Zlcl9mcmFtZS5DMyJ9&_nc_ohc=XfMmejEz1RYQ7kNvwE5MUFg&_nc_oc=AdpE9O5XFFhYhxOMUeTrS1om58DTkpB_qf7Fm4Cd4yBTp-vbBJ_XhXbKDNH1bry0utE&_nc_zt=23&_nc_ht=scontent-ord5-1.cdninstagram.com&_nc_gid=ruGC6KYmtx_fTcNmQTc1Zg&_nc_ss=7c689&oh=00_AQA5_Nz6b8uKdmv0FJlDs1f7hTKdcl2tFN1SmBNbRryLkg&oe=6A6651E4,False
https://www.instagram.com/jabalpur_city,3,0,2026-06-25T16:04:23.000Z,Video,"Jabalpur biggest Sale is now coming at Park Inn by Radisson Jabalpur 🔥

- Date: 28,29,30 june
- Day: Sun, Mon, Tue
- Contact: 9826451444
- Timing: 10:00 AM to 10:00 PM
- ⁠Free Entry & Free Parking

📍 Park Inn by Radisson Jabalpur, Tilwara Road, opposite Bargi Hills, Sagda, Jabalpur

📞 Contact: 9826451444
👉 Save & Share this video 👈

#sale #MegaSale #shopping #brands #viral DiscountSale Shopping brands",https://www.instagram.com/p/DaA8lWHPJs8/,DaA8lWHPJs8,https://scontent-ord5-2.cdninstagram.com/v/t51.71878-15/729567056_2137747690506864_796485272658670978_n.jpg?stp=dst-jpg_e15_tt6&_nc_cat=104&ig_cache_key=MzkyNzQwNTMyNDIyMjExMDUyNA%3D%3D.3-ccb7-5&ccb=7-5&_nc_sid=58cdad&efg=eyJ2ZW5jb2RlX3RhZyI6IkNMSVBTLnhwaWRzLjY0MC5zZHIudmlkZW9fbmZyYW1lX2NvdmVyX2ZyYW1lLkMzIn0%3D&_nc_ohc=0MP8xjhiqL4Q7kNvwFBqEFX&_nc_oc=Adr4Ln37eJXByk4U3sRU79jkXMgB7hQ4xiueDz-AvTwp4xFZJmkKHQ2oM0EYcGJw3nE&_nc_zt=23&_nc_ht=scontent-ord5-2.cdninstagram.com&_nc_gid=CnrvFpkD1stD5KoFNLRntw&_nc_ss=72a8c&oh=00_AQADl40k5gbSg2ZupkQIJiKiJxqCtCcP3qQSFoaI4dicWQ&oe=6A66543D,False
https://www.instagram.com/jabalpur_city,425,8,2026-05-01T15:24:22.000Z,Video,"जबलपुर क्रूज हादसे का माँ और बेटे का आखिरी वीडियो किसी ने कल्पना भी नहीं की थी कि कुछ पल बाद सब ख़त्म हो जाएगा

⏬
⏬
⏬
⏬
LOCATION - BARGI DAM JABALPUR MADHYA PRADESH 🇮🇳
⏬
⏬
FOLLOW ME @jabalpur_city
⏬
⏬
---- YOU CAN SEND PICS/VIDEOS ON DM ----
⏬
⏬
THANK YOU FOR USING HASHTAGjabalpur_city
⏬
⏬
KEEP HASHTAGGING ME .
⏬
⏬
#bargidam #jabalpur #madhyapradesh #maa #cruise",https://www.instagram.com/p/DXzQq7LPJw8/,DXzQq7LPJw8,https://scontent-phl2-1.cdninstagram.com/v/t51.71878-15/684092681_979007864595008_2229499570230879706_n.jpg?stp=dst-jpg_e15_tt6&_nc_cat=104&ig_cache_key=Mzg4NzUyNDIyMTg1MjM1OTc0MA%3D%3D.3-ccb7-5&ccb=7-5&_nc_sid=58cdad&efg=eyJ2ZW5jb2RlX3RhZyI6IkNMSVBTLnhwaWRzLjY0MC5zZHIudmlkZW9fbmZyYW1lX2NvdmVyX2ZyYW1lLkMzIn0%3D&_nc_ohc=1i5vLsKCk_IQ7kNvwGWc0Zh&_nc_oc=Adoy2XJURkxThRV1fmhdqHP16AS4J6VzMdZzJr5BGpBVhCSXkCRj-94eMjyyaMQVqFo&_nc_zt=23&_nc_ht=scontent-phl2-1.cdninstagram.com&_nc_gid=ODTAxKcliD8hn3JzNXHJPA&_nc_ss=78689&oh=00_AQANg8Q9IE5r9lRs54V46bxh0_2XDcRfPDIVKEtTSoUxrA&oe=6A665CB8,False
https://www.instagram.com/jabalpur_city,711,6,2026-05-01T10:49:12.000Z,Video,"सीधे हाथ की तरफ गुलाबी टीशर्ट में छोटा बच्चा अपनी मां के साथ बैठा है जहाँ माँ ने आख़िरी सांस तक अपने बच्चे को सीने से लगाए रखा।
क्रूज़ डूबने से पहले का वीडियो
⏬
⏬
VIDEO CREDIT -@__iamsanju_jbp
⏬
⏬
LOCATION - BARGI DAM JABALPUR MADHYA PRADESH 🇮🇳
⏬
⏬
FOLLOW ME @jabalpur_city
⏬
⏬
---- YOU CAN SEND PICS/VIDEOS ON DM ----
⏬
⏬
THANK YOU FOR USING HASHTAG#jabalpur_city
⏬
⏬
KEEP HASHTAGGING ME .
⏬
⏬
#cruise #Jabalpur 
#madhyapradesh #bargidam",https://www.instagram.com/p/DXyxDAUvvaR/,DXyxDAUvvaR,https://scontent-lax3-2.cdninstagram.com/v/t51.71878-15/684544208_1588471928882777_2104714143601250582_n.jpg?stp=dst-jpg_e15_tt6&_nc_cat=107&ig_cache_key=Mzg4NzM4NTEzOTE1OTY5Mjk0NQ%3D%3D.3-ccb7-5&ccb=7-5&_nc_sid=58cdad&efg=eyJ2ZW5jb2RlX3RhZyI6IkNMSVBTLnhwaWRzLjY0MC5zZHIudmlkZW9fZGVmYXVsdF9jb3Zlcl9mcmFtZS5DMyJ9&_nc_ohc=ZcyJwtboyCgQ7kNvwFGbrM1&_nc_oc=AdrgyYRZsMlECOsEBXtadAAQ0pE35lUsjkJ2IdgKyEyz-nxKDbhaCy6w3KeDU834LeU&_nc_zt=23&_nc_ht=scontent-lax3-2.cdninstagram.com&_nc_gid=4jBbeGz4LGH0U1Z0e7b_5w&_nc_ss=72689&oh=00_AQDFB4xKBnN1wePhTPT-a7TtXIrv0wmgAJrSNxNCSh8idg&oe=6A666905,False
https://www.instagram.com/jabalpur_city,310,1,2026-05-01T09:46:46.000Z,Video,"माँ तो बस माँ होती है.. जहाँ माँ ने आख़िरी सांस तक अपने बच्चे को सीने से लगाए रखा, ममता यहाँ भी हार नहीं मानी। कुछ भी हो जाए लेकिन मां अपने बच्चे की जान होती है।

श्रद्धांजलि 💐💐💐
⏬
⏬
⏬
⏬
LOCATION - BARGI DAM JABALPUR MADHYA PRADESH 🇮🇳
⏬
⏬
FOLLOW ME @jabalpur_city
⏬
⏬
---- YOU CAN SEND PICS/VIDEOS ON DM ----
⏬
⏬
THANK YOU FOR USING HASHTAG#jabalpur_city
⏬
⏬
KEEP HASHTAGGING ME .
⏬
⏬
#cruise #Jabalpur 
#madhyapradesh #bargidam",https://www.instagram.com/p/DXyqEb9PWYo/,DXyqEb9PWYo,https://scontent-phl2-1.cdninstagram.com/v/t51.71878-15/683643444_1478935237062197_4283572792415854886_n.jpg?stp=dst-jpg_e15_tt6&_nc_cat=107&ig_cache_key=Mzg4NzM1NDQ1MTIyMzk5NTk0NA%3D%3D.3-ccb7-5&ccb=7-5&_nc_sid=58cdad&efg=eyJ2ZW5jb2RlX3RhZyI6IkNMSVBTLnhwaWRzLjY0MC5zZHIudmlkZW9fZGVmYXVsdF9jb3Zlcl9mcmFtZS5DMyJ9&_nc_ohc=4lperep5MD4Q7kNvwHk9ntZ&_nc_oc=AdpaeJHUAm2slA_SwaTTLZ1O8LYrhxhoAy89Q1P80LdkBKxZzHnWv3QXhk4xIfQc_tw&_nc_zt=23&_nc_ht=scontent-phl2-1.cdninstagram.com&_nc_gid=ZqjfHyZh-EHnspY0Qk6Tog&_nc_ss=72a8c&oh=00_AQCSv5DmbiwSFnxX-9GfK_mcimTbxZxoDey3mteHccoZQA&oe=6A665F55,False
https://www.instagram.com/jabalpur_city,498,5,2026-05-01T09:30:48.000Z,Sidecar,"माँ तो बस माँ होती है.. जहाँ माँ ने आख़िरी सांस तक अपने बच्चे को सीने से लगाए रखा, ममता यहाँ भी हार नहीं मानी। कुछ भी हो जाए लेकिन मां अपने बच्चे की जान होती है।

श्रद्धांजलि 💐💐💐
Pic AI Generated 
⏬
⏬
⏬
⏬
LOCATION - BARGI DAM JABALPUR MADHYA PRADESH 🇮🇳
⏬
⏬
FOLLOW ME @jabalpur_city
⏬
⏬
---- YOU CAN SEND PICS/VIDEOS ON DM ----
⏬
⏬
THANK YOU FOR USING HASHTAG#jabalpur_city
⏬
⏬
KEEP HASHTAGGING ME .
⏬
⏬
#jabalpuriya #Jabalpur 
#madhyapradesh #bargidam mahadev jabalpurdairies madanmahal jabalpurdiaries jabalpurian narmada photographer bhadbada  ghantaghar dhuandhar civillines vijaynagar jamtara kachnarcity jabalpurdiaries bhavartal bhedaghat tilwara jabalpurcity jabalpurunseen jabalpurfoodblogger kalimaa jabalpursmartcitylimited foodyjabalpur jabalpurfoodies jabalpuriyaa",https://www.instagram.com/p/DXyoSPjj7T0/,DXyoSPjj7T0,https://scontent-atl3-3.cdninstagram.com/v/t51.82787-15/683813067_18410563312180715_5484488069276072085_n.jpg?stp=dst-jpg_e15_tt6&_nc_cat=109&ig_cache_key=Mzg4NzM0NjQ3ODQ5NTAxNDg5Mg%3D%3D.3-ccb7-5&ccb=7-5&_nc_sid=58cdad&efg=eyJ2ZW5jb2RlX3RhZyI6IkNBUk9VU0VMX0lURU0ueHBpZHMuNzIwLnNkci52aWRlb19kZWZhdWx0X2NvdmVyX2ZyYW1lLkMzIn0%3D&_nc_ohc=AF1om7wl9BwQ7kNvwF1g1gX&_nc_oc=AdpXUu3yBE7aZzYO29TM51PA45PInFSMIPYpfmnmzXr0szq_LH06DZdNKaW-sSj0WKg&_nc_zt=23&_nc_ht=scontent-atl3-3.cdninstagram.com&_nc_gid=w98ku7ZweNmzg_OA29bvFw&_nc_ss=72a8c&oh=00_AQDsDm-6kFNtOGxmNhD0WrRHQ4H9L4PDshThZsHU-L5dyg&oe=6A66474E,False
https://www.instagram.com/jabalpur_city,193,2,2026-05-01T04:39:03.000Z,Video,"तूफान के चलते बरगी डैम जबलपुर में हादसा । बरगी डैम जबलपुर में क्रूज डूबा, 9 शव मिले, 4 से ज्यादा लापता, 28 को बचाया।
⏬
⏬
⏬
⏬
LOCATION - BARGI DAM JABALPUR MADHYA PRADESH 🇮🇳
⏬
⏬
FOLLOW ME @jabalpur_city
⏬
⏬
---- YOU CAN SEND PICS/VIDEOS ON DM ----
⏬
⏬
THANK YOU FOR USING HASHTAG#jabalpur_city
⏬
⏬
KEEP HASHTAGGING ME .
⏬
⏬
#jabalpuriya #Jabalpur 
#madhyapradesh #bargidam mahadev jabalpurdairies madanmahal jabalpurdiaries jabalpurian narmada photographer bhadbada  ghantaghar dhuandhar civillines vijaynagar jamtara kachnarcity jabalpurdiaries bhavartal bhedaghat tilwara jabalpurcity jabalpurunseen jabalpurfoodblogger kalimaa jabalpursmartcitylimited foodyjabalpur jabalpurfoodies jabalpuriyaa",https://www.instagram.com/p/DXyGzg6v-ed/,DXyGzg6v-ed,https://scontent-lga3-3.cdninstagram.com/v/t51.71878-15/683579223_987037183700844_2554795875055992359_n.jpg?stp=dst-jpg_e15_tt6&_nc_cat=108&ig_cache_key=Mzg4NzE5OTM1NjY5MTkzMzA4NQ%3D%3D.3-ccb7-5&ccb=7-5&_nc_sid=58cdad&efg=eyJ2ZW5jb2RlX3RhZyI6IkNMSVBTLnhwaWRzLjY0MC5zZHIudmlkZW9fZGVmYXVsdF9jb3Zlcl9mcmFtZS5DMyJ9&_nc_ohc=rywNy8OazeAQ7kNvwHnVq-m&_nc_oc=Adp8WM577EjFTX1arapkO0ci1E1KRwYgxjlUgwZt54GKot0Y5pqWBbOx2alCcZVCBKw&_nc_zt=23&_nc_ht=scontent-lga3-3.cdninstagram.com&_nc_gid=OWGOwTMabGBaMJfHszwAvQ&_nc_ss=72689&oh=00_AQCd7mMQL95n9uc69dDRrQ7z8zc1mjjppVi__6_Xitzcvg&oe=6A6659BA,False
https://www.instagram.com/jabalpur_city,3,0,2026-03-30T09:15:47.000Z,Image,"@insd_bhopal Step into the world of style, creativity, and limitless opportunities! ✨
Admissions are now OPEN for Fashion Design at INSD Bhopal.

Whether you're starting fresh or upgrading your skills — we offer it all:
🎓 Degree Programs 
📘 Diploma Courses
⚡ Short-Term Skill Courses

Learn from industry experts, build your portfolio, and step into the fashion world with confidence. 💃
Your dream career in fashion starts right here!

📍 Limited seats available — Enroll now!
#FashionDesign #FashionDesignCourse #FashionCareer #DesignInstitute #AdmissionsOpen BDesign",https://www.instagram.com/p/DWgNIC-D9Jd/,DWgNIC-D9Jd,https://scontent-phl2-1.cdninstagram.com/v/t51.82787-15/657938448_18405182692180715_4409219944702619358_n.webp?_nc_cat=108&ig_cache_key=Mzg2NDE0NjIwNzgzMzA1MTc0MQ%3D%3D.3-ccb7-5&ccb=7-5&_nc_sid=58cdad&efg=eyJ2ZW5jb2RlX3RhZyI6IkZFRUQueHBpZHMuMTQ0MC5zZHIucmVndWxhcl9waG90by5DMyJ9&_nc_ohc=d5v0Z2VBJisQ7kNvwEGIvAS&_nc_oc=Adqgd3p1YPI8eN_w_vcKQOS_vRIvVTuiYxdxtzNe9Fy-Ngc33IfrmW0fXu1Enk3PB4I&_nc_zt=23&_nc_ht=scontent-phl2-1.cdninstagram.com&_nc_gid=Ymc6QMxzxDXtqpEv5z8czw&_nc_ss=72a8c&oh=00_AQAdEG0gMUhOZPw3PmSMtLVhP_ZWiprvR7jwUTtUanB61Q&oe=6A666F65,False
https://www.instagram.com/jabalpur_city,377,4,2025-05-07T04:46:12.000Z,Sidecar,Jaihind 🇮🇳 #opretionsindoor,https://www.instagram.com/p/DJVuVnQPOp7/,DJVuVnQPOp7,https://scontent-iad6-1.cdninstagram.com/v/t51.75761-15/495795784_18360461485180715_6150713419328937139_n.jpg?stp=dst-jpg_e15_tt6&_nc_cat=109&ig_cache_key=MzYyNzAwNzgwODM5MTM5NTc2OQ%3D%3D.3-ccb7-5&ccb=7-5&_nc_sid=58cdad&efg=eyJ2ZW5jb2RlX3RhZyI6IkNBUk9VU0VMX0lURU0ueHBpZHMuNDgwLnNkci52aWRlb19kZWZhdWx0X2NvdmVyX2ZyYW1lLkMzIn0%3D&_nc_ohc=TymufXVqowYQ7kNvwGjAi7N&_nc_oc=Adqn2RL6FNmn2lyVSlk6ZNwYhgu_CLTAbUqUDpJcNHl-_-ncDzy8YzXbSRzXWSZXN6U&_nc_zt=23&_nc_ht=scontent-iad6-1.cdninstagram.com&_nc_gid=2xrqdyPt4EnSlcea9zaCYA&_nc_ss=72689&oh=00_AQDW_IGr5dc1e7vJJFipW9xNQAvcNMRApPwRQQigFG1Vvw&oe=6A666CB8,False
https://www.instagram.com/jabalpur_city,375,9,2025-05-07T03:43:30.000Z,Video,"Enjoy the audio, Video- Terrorist Masood Azhar Terrorist Camp, Pakistan 
जय हिंद 🇮🇳 
#opretionsindoor",https://www.instagram.com/p/DJVms_Uv39P/,DJVms_Uv39P,https://scontent-atl3-3.cdninstagram.com/v/t51.2885-15/496073646_18360456880180715_455255741901675008_n.jpg?stp=dst-jpg_e15_tt6&_nc_ht=scontent-atl3-3.cdninstagram.com&_nc_cat=111&_nc_oc=Q6cZ2gFNyEkp-FNv3JQwkfw9192MxAgAt00yE9kY2ufQlbANtW3Dcaa04cXkFjClSf9wBmw&_nc_ohc=F0s7G04j2kQQ7kNvwHslamG&_nc_gid=tmJ_o8O_hc8PECJjHq3Cjg&edm=ADp7STQBAAAA&ccb=7-5&oh=00_AQBdkVyX29_Mzfrhp7i6E9QYeIlsnAN6nM66bA7dLcmHYQ&oe=6A6664DE&_nc_sid=c6f216,False
https://www.instagram.com/the_bhopal_times,86,3,2026-07-14T06:24:29.000Z,Video,"Boba Square 3rd outlet launch offer 🔥🔥
📍Behind BOI Officers colony, Gautam nagar
📍Infront of Jain kuti, Indrapuri Sector C
Bhopal, MP
.
.
#bhopal #sweet #startup #bobatea #chocolate",https://www.instagram.com/p/Daw1l14MKli/,Daw1l14MKli,https://scontent-atl3-1.cdninstagram.com/v/t51.71878-15/747771154_2421337895055749_2510452571586786452_n.jpg?stp=dst-jpg_e15_tt6&_nc_cat=106&ig_cache_key=Mzk0MDg4NTM3MDg4NTk0MTYwMg%3D%3D.3-ccb7-5&ccb=7-5&_nc_sid=58cdad&efg=eyJ2ZW5jb2RlX3RhZyI6IkNMSVBTLnhwaWRzLjY0MC5zZHIudmlkZW9fbmZyYW1lX2NvdmVyX2ZyYW1lLkMzIn0%3D&_nc_ohc=-keTwSzZo-gQ7kNvwHKypeY&_nc_oc=AdpU_HQhjmqWU1sM3cL7IgeN7--fOuSRMv8h5xfVRuEQ8KNxWEkMwuXFSmmO224BfQQ&_nc_zt=23&_nc_ht=scontent-atl3-1.cdninstagram.com&_nc_gid=ikWx5sYSB7buUUY_uWMrYQ&_nc_ss=7d689&oh=00_AQB6k8qAPtSMGl1F3x2iJGROJDUoaXyw0sQ6K2pfxoXwhw&oe=6A666250,False
https://www.instagram.com/the_bhopal_times,1092,58,2025-10-01T18:24:24.000Z,Video,"Whatsapp - 9302204320
shop 36, sarafa chowk, itwara road, bhopal

LATEST TECHNOLOGY✅
LOWEST PRICE✅
EXTRA GIFTS✅
BUMPER LUCKY DRAW✅
.
.
.
.
.
.
.
.
.
.
.
.
.
.
.
#bhopal​ #bhopal_the_city_of_lakes​ #bhopaldiaries​ #bhopali​ #bhopalinfo​ #bhopalelectronics​ #bhopalevents​ #bhopaleventsupdate​ #bhopal_ki_baatein​ #bhopal_bus_update​ #bhopal_club​ #bhopal_shoutout​ #bhopalareracolony​ #bhopalminalresidency​ #bhopaliphone​ #bhopaliphonemarket​ #iphone16​ #iphone16pro​ #iphone16promax​ #iphone16plus​ #brandnew​ #viral​ #latestiphone​ #zamzamelectronics​ #technology​ #techburner​ #technicalguruji​ #viral​ #india​ #latest​",https://www.instagram.com/p/DPRsw_KDEpa/,DPRsw_KDEpa,https://scontent-sjc6-1.cdninstagram.com/v/t51.82787-15/557443005_17951564520009071_2496044523553126559_n.jpg?stp=dst-jpg_e15_tt6&_nc_ht=scontent-sjc6-1.cdninstagram.com&_nc_cat=111&_nc_oc=Q6cZ2gGprJbIfhh-UyXtTbtMtA8xsw_mIsQyJI319GFbB0pfTnuOcTlhQC9vYmi6NujUpGw-Djh0CvnIEKmpg2DJPWHr&_nc_ohc=wsSq235cLgAQ7kNvwGHDMq4&_nc_gid=Gf4U_Rk-saG5oHEZPfVaJg&edm=ADp7STQBAAAA&ccb=7-5&oh=00_AQAPQYshd-H5RnjkQ4QjEhWTN7jLg-9qnI9pdU3uV8fGhA&oe=6A6652BB&_nc_sid=c6f216,False
https://www.instagram.com/the_bhopal_times,939,16,2025-08-23T16:27:41.000Z,Video,"Whatsapp - 9302204320
shop 36, sarafa chowk, itwara road, bhopal

LATEST TECHNOLOGY✅
LOWEST PRICE✅
EXTRA GIFTS✅
BUMPER LUCKY DRAW✅
.
.
.
.
.
.
.
.
.
.
.
.
.
.
.
#bhopal​ #bhopal_the_city_of_lakes​ #bhopaldiaries​ #bhopali​ #bhopalinfo​ #bhopalelectronics​ #bhopalevents​ #bhopaleventsupdate​ #bhopal_ki_baatein​ #bhopal_bus_update​ #bhopal_club​ #bhopal_shoutout​ #bhopalareracolony​ #bhopalminalresidency​ #bhopaliphone​ #bhopaliphonemarket​ #iphone16​ #iphone16pro​ #iphone16promax​ #iphone16plus​ #brandnew​ #viral​ #latestiphone​ #zamzamelectronics​ #technology​ #techburner​ #technicalguruji​ #viral​ #india​ #latest​",https://www.instagram.com/p/DNtEWoM0PMY/,DNtEWoM0PMY,https://instagram.fwbw1-1.fna.fbcdn.net/v/t51.82787-15/538071029_17946963537009071_6988829566973026460_n.jpg?stp=dst-jpg_e15_tt6&_nc_ht=instagram.fwbw1-1.fna.fbcdn.net&_nc_cat=111&_nc_oc=Q6cZ2gEqfmNTIXgSCF67GIGz2PVuuezmjwS4Wo9HzKWqOaK0fCUp0oYAmhFl8qKYAfQuBDA&_nc_ohc=bKM5zSwN_cgQ7kNvwGl9TMY&_nc_gid=iqXPAot78BceRPFpbmmmUw&edm=ADp7STQBAAAA&ccb=7-5&oh=00_AQA6kvzciBSwJNrrP1r1Y6it1AeBP6YsYNSt07lDCw_mwg&oe=6A6653B1&_nc_sid=c6f216,False
https://www.instagram.com/the_bhopal_times,1552,69,2025-07-28T17:01:40.000Z,Video,"Whatsapp - 9302204320
shop 36, sarafa chowk, itwara road, bhopal

LATEST TECHNOLOGY✅
LOWEST PRICE✅
EXTRA GIFTS✅
BUMPER LUCKY DRAW✅
.
.
.
.
.
.
.
.
.
.
.
.
.
.
.
#bhopal​ #bhopal_the_city_of_lakes​ #bhopaldiaries​ #bhopali​ #bhopalinfo​ #bhopalelectronics​ #bhopalevents​ #bhopaleventsupdate​ #bhopal_ki_baatein​ #bhopal_bus_update​ #bhopal_club​ #bhopal_shoutout​ #bhopalareracolony​ #bhopalminalresidency​ #bhopaliphone​ #bhopaliphonemarket​ #iphone16​ #iphone16pro​ #iphone16promax​ #iphone16plus​ #brandnew​ #viral​ #latestiphone​ #zamzamelectronics​ #technology​ #techburner​ #technicalguruji​ #viral​ #india​ #latest​",https://www.instagram.com/p/DMqLhqJSdwD/,DMqLhqJSdwD,https://instagram.flas1-1.fna.fbcdn.net/v/t51.82787-15/524754071_17944129686009071_4366058274247706615_n.jpg?stp=dst-jpg_e15_tt6&_nc_ht=instagram.flas1-1.fna.fbcdn.net&_nc_cat=111&_nc_oc=Q6cZ2gGE6jtDafvweVRT9e4JQ-MV6GVtpU_nJ53Rd48W3H7HcRLg-2ix3wSo8AOqmELgBBgy5JhNopFdC1JvMngNeQqO&_nc_ohc=xP6v8Psq3goQ7kNvwGH7qYf&_nc_gid=lUh48a8xsf8Syi3nBk-VIA&edm=ADp7STQBAAAA&ccb=7-5&oh=00_AQCOTDTHP0zGzOqHYMz4n9RpBDdJu5Vha3gR-7Qbqjd86A&oe=6A6657BB&_nc_sid=c6f216,False
https://www.instagram.com/the_bhopal_times,2000,54,2025-07-16T16:50:36.000Z,Video,"Whatsapp - 9302204320
shop 36, sarafa chowk, itwara road, bhopal

LATEST TECHNOLOGY✅
LOWEST PRICE✅
EXTRA GIFTS✅
BUMPER LUCKY DRAW✅
.
.
.
.
.
.
.
.
.
.
.
.
.
.
.
#bhopal​ #bhopal_the_city_of_lakes​ #bhopaldiaries​ #bhopali​ #bhopalinfo​ #bhopalelectronics​ #bhopalevents​ #bhopaleventsupdate​ #bhopal_ki_baatein​ #bhopal_bus_update​ #bhopal_club​ #bhopal_shoutout​ #bhopalareracolony​ #bhopalminalresidency​ #bhopaliphone​ #bhopaliphonemarket​ #iphone16​ #iphone16pro​ #iphone16promax​ #iphone16plus​ #brandnew​ #viral​ #latestiphone​ #zamzamelectronics​ #technology​ #techburner​ #technicalguruji​ #viral​ #india​ #latest​",https://www.instagram.com/p/DMLQtjrojpJ/,DMLQtjrojpJ,https://scontent-ord5-1.cdninstagram.com/v/t51.82787-15/518729221_17942780703009071_2802233455408281253_n.jpg?stp=dst-jpg_e15_tt6&_nc_cat=108&ig_cache_key=MzY3ODEwNzAyMDExMTc4ODYxNzE3OTQyNzgwNjk0MDA5MDcx.3-ccb7-5&ccb=7-5&_nc_sid=58cdad&efg=eyJ2ZW5jb2RlX3RhZyI6IkNMSVBTLnhwaWRzLjU0MC5zZHIudmlkZW9fZGVmYXVsdF9jb3Zlcl9mcmFtZS5DMyJ9&_nc_ohc=0FBZYv9IUogQ7kNvwHezP2p&_nc_oc=AdrXyjM9HNVKzOQdBKWsrvsUkdv2vdKsyL-yjxDAYu2L2TGJm9qp8oexfzmsvHtzXj6oMT69DaVkfobGSpWtztAA&_nc_zt=23&_nc_ht=scontent-ord5-1.cdninstagram.com&_nc_gid=HlbfLazegFoJNIQaXL_5Vw&_nc_ss=72689&oh=00_AQAzWeRES5EOAaq81XNM7ET2jis9nlNI4WFAh0QRyh989w&oe=6A667779,False
https://www.instagram.com/the_bhopal_times,3198,180,2025-07-05T16:44:17.000Z,Video,"Whatsapp - 9302204320
shop 36, sarafa chowk, itwara road, bhopal

LATEST TECHNOLOGY✅
LOWEST PRICE✅
EXTRA GIFTS✅
BUMPER LUCKY DRAW✅
.
.
.
.
.
.
.
.
.
.
.
.
.
.
.
#bhopal​ #bhopal_the_city_of_lakes​ #bhopaldiaries​ #bhopali​ #bhopalinfo​ #bhopalelectronics​ #bhopalevents​ #bhopaleventsupdate​ #bhopal_ki_baatein​ #bhopal_bus_update​ #bhopal_club​ #bhopal_shoutout​ #bhopalareracolony​ #bhopalminalresidency​ #bhopaliphone​ #bhopaliphonemarket​ #iphone16​ #iphone16pro​ #iphone16promax​ #iphone16plus​ #brandnew​ #viral​ #latestiphone​ #zamzamelectronics​ #technology​ #techburner​ #technicalguruji​ #viral​ #india​ #latest​",https://www.instagram.com/p/DLu7Py-SIGh/,DLu7Py-SIGh,https://scontent-phl2-1.cdninstagram.com/v/t51.82787-15/515158916_17941561548009071_2504286118509316567_n.jpg?stp=dst-jpg_e15_tt6&_nc_ht=scontent-phl2-1.cdninstagram.com&_nc_cat=111&_nc_oc=Q6cZ2gE8GJmbv-LOXUXdm7C8RRYT5uXbN1HzkTdsQUOVQfHqg_fLag6mr-pUhIPdOvvLPjDda7uZCZ8jkhReA_OHdIKK&_nc_ohc=ElGPPsUonzcQ7kNvwEsqtx1&_nc_gid=Qak1uV8p4kD8L03Tda9Vlg&edm=ADp7STQBAAAA&ccb=7-5&oh=00_AQA6znHj4uegdLmDnHXdH6wwI4K4nVirbOfBspCmhfHvgg&oe=6A664910&_nc_sid=c6f216,False
https://www.instagram.com/the_bhopal_times,115,0,2025-06-27T16:45:42.000Z,Video,"Guys kerwa dam par kafi sare log mile pata nai ku dar rhe the par bhot maza aya 

Aap comments me btao ab kaha jaun.",https://www.instagram.com/p/DLaVDpHo_Vl/,DLaVDpHo_Vl,https://scontent-atl3-2.cdninstagram.com/v/t51.71878-15/513516499_1226032392180580_7881961103695761955_n.jpg?stp=dst-jpg_e15_tt6&_nc_ht=scontent-atl3-2.cdninstagram.com&_nc_cat=104&_nc_oc=Q6cZ2gFaYA3fRTAEKW4B214BuLkrn4_-qUYOzLgRZlkneLia7w6lo5CBtxz_HCtYnKaxJt0&_nc_ohc=DYch4um0jhoQ7kNvwHWwmi6&_nc_gid=PgYbXOvbCdouBZg3-j2PnQ&edm=ADp7STQBAAAA&ccb=7-5&oh=00_AQALllqK_hjlfsCsH2TLimsHUhT445dI7Xbp4C5XmNiCdg&oe=6A6650DC&_nc_sid=c6f216,False
https://www.instagram.com/the_bhopal_times,4908,162,2025-06-27T13:56:19.000Z,Video,"Whatsapp - 9302204320
shop 36, sarafa chowk, itwara road, bhopal

LATEST TECHNOLOGY✅
LOWEST PRICE✅
EXTRA GIFTS✅
BUMPER LUCKY DRAW✅
.
.
.
.
.
.
.
.
.
.
.
.
.
.
.
#bhopal​ #bhopal_the_city_of_lakes​ #bhopaldiaries​ #bhopali​ #bhopalinfo​ #bhopalelectronics​ #bhopalevents​ #bhopaleventsupdate​ #bhopal_ki_baatein​ #bhopal_bus_update​ #bhopal_club​ #bhopal_shoutout​ #bhopalareracolony​ #bhopalminalresidency​ #bhopaliphone​ #bhopaliphonemarket​ #iphone16​ #iphone16pro​ #iphone16promax​ #iphone16plus​ #brandnew​ #viral​ #latestiphone​ #zamzamelectronics​ #technology​ #techburner​ #technicalguruji​ #viral​ #india​ #latest​",https://www.instagram.com/p/DLaBl2sSG88/,DLaBl2sSG88,https://scontent-dfw5-1.cdninstagram.com/v/t51.82787-15/513821138_17940660159009071_8034105981309383591_n.jpg?stp=dst-jpg_e15_tt6&_nc_ht=scontent-dfw5-1.cdninstagram.com&_nc_cat=111&_nc_oc=Q6cZ2gELaMRp1hzVhNkGlKPefHhs-H3vUXX9QL6d_-ZiTwAp9_5_Xa61Gtn-WvQZeGjFOSr3d2nZ3MXimrQwh3dcn4Wu&_nc_ohc=qYYdGCIIhisQ7kNvwHgIfha&_nc_gid=4nzZgXL22YqZuOxzCLPzbQ&edm=ADp7STQBAAAA&ccb=7-5&oh=00_AQCJx354sA2B2FkLgojTmD_U63Ilbi1YeXzy2lg_sDT4OA&oe=6A664B60&_nc_sid=c6f216,False
https://www.instagram.com/the_bhopal_times,660,18,2025-06-13T15:47:44.000Z,Video,"Whatsapp - 9302204320
shop 36, sarafa chowk, itwara road, bhopal

LATEST TECHNOLOGY✅
LOWEST PRICE✅
EXTRA GIFTS✅
MAHA LUCKY DRAW✅
.
.
.
.
.
.
.
.
.
.
.
.
.
.
.
#bhopal​ #bhopal_the_city_of_lakes​ #bhopaldiaries​ #bhopali​ #bhopalinfo​ #bhopalelectronics​ #bhopalevents​ #bhopaleventsupdate​ #bhopal_ki_baatein​ #bhopal_bus_update​ #bhopal_club​ #bhopal_shoutout​ #bhopalareracolony​ #bhopalminalresidency​ #bhopaliphone​ #bhopaliphonemarket​ #iphone16​ #iphone16pro​ #iphone16promax​ #iphone16plus​ #brandnew​ #viral​ #latestiphone​ #zamzamelectronics​ #technology​ #techburner​ #technicalguruji​ #viral​ #india​ #latest​",https://www.instagram.com/p/DK2HtUBICd9/,DK2HtUBICd9,https://scontent-lax3-2.cdninstagram.com/v/t51.2885-15/504210474_17939131620009071_8603974797612117841_n.jpg?stp=dst-jpg_e15_tt6&_nc_ht=scontent-lax3-2.cdninstagram.com&_nc_cat=111&_nc_oc=Q6cZ2gGvlbG5bMIpRxnxNGKSEQu_QCcHUA0eyCozDUpWNfLcxHxD-E7qXqNcn58Ohw8VB8g&_nc_ohc=8HQWa9RbLPAQ7kNvwHTpVmN&_nc_gid=RCxHwn0Jn7_Hc1rzR1KN5Q&edm=ADp7STQBAAAA&ccb=7-5&oh=00_AQCI08OBSv-TsEooT-MBcNlLfnG7hjbUj3BPHe6UoapfIQ&oe=6A6657AC&_nc_sid=c6f216,False
https://www.instagram.com/the_bhopal_times,631,125,2025-05-18T11:17:43.000Z,Video,"9302204320
shop 36, sarafa chowk, itwara road, bhopal

LATEST TECHNOLOGY✅
LOWEST PRICE✅
EXTRA GIFTS✅
BUMPER LUCKY DRAW✅
.
.
.
.
.
.
.
.
.
.
.
.
.
.
.
#bhopal #bhopal_the_city_of_lakes #bhopaldiaries #bhopali #bhopalinfo #bhopalelectronics #bhopalevents #bhopaleventsupdate #bhopal_ki_baatein #bhopal_bus_update #bhopal_club #bhopal_shoutout #bhopalareracolony #bhopalminalresidency #bhopaliphone #bhopaliphonemarket #iphone16 #iphone16pro #iphone16promax #iphone16plus #brandnew #viral #latestiphone #zamzamelectronics #technology #techburner #technicalguruji #viral #india #latest",https://www.instagram.com/p/DJyvcNZM2FH/,DJyvcNZM2FH,https://scontent-iad3-2.cdninstagram.com/v/t51.2885-15/499054951_17936049471009071_7042393192025532095_n.jpg?stp=dst-jpg_e15_fr_p1080x1080_tt6&_nc_ht=scontent-iad3-2.cdninstagram.com&_nc_cat=111&_nc_oc=Q6cZ2gGaAZ8gdxEmx9A4gVqb8Rl7QpJ8rlXLRehks5vb_SSEhWmSlFOeTw2XrzzdVDc7QQmbALaSj12cSaDFBrBVlpnP&_nc_ohc=Tg55tPoiLbUQ7kNvwGCN8ni&_nc_gid=QpH-VzXYHVsrQrSuf_zCKQ&edm=ADp7STQBAAAA&ccb=7-5&oh=00_AQD3DDZipjQTJYNrFiaTcDSgp3PyBQ3dQNPW79HmD76y-w&oe=6A6676A2&_nc_sid=c6f216,False
https://www.instagram.com/the_bhopal_times,41746,926,2025-05-04T16:37:45.000Z,Video,"Whatsapp - 9302204320
shop 36, sarafa chowk, itwara road, bhopal

LATEST TECHNOLOGY✅
LOWEST PRICE✅
EXTRA GIFTS✅
BUMPER LUCKY DRAW✅
.
.
.
.
.
.
.
.
.
.
.
.
.
.
.
#bhopal​ #bhopal_the_city_of_lakes​ #bhopaldiaries​ #bhopali​ #bhopalinfo​ #bhopalelectronics​ #bhopalevents​ #bhopaleventsupdate​ #bhopal_ki_baatein​ #bhopal_bus_update​ #bhopal_club​ #bhopal_shoutout​ #bhopalareracolony​ #bhopalminalresidency​ #bhopaliphone​ #bhopaliphonemarket​ #iphone16​ #iphone16pro​ #iphone16promax​ #iphone16plus​ #brandnew​ #viral​ #latestiphone​ #zamzamelectronics​ #technology​ #techburner​ #technicalguruji​ #viral​ #india​ #latest​",https://www.instagram.com/p/DJPRHgzI1y4/,DJPRHgzI1y4,https://scontent-sea5-1.cdninstagram.com/v/t51.2885-15/495675956_17934534723009071_3287299777342445349_n.jpg?stp=dst-jpg_e15_tt6&_nc_ht=scontent-sea5-1.cdninstagram.com&_nc_cat=111&_nc_oc=Q6cZ2gGQ_msiJXTxyng1mH7uDjV9ykRknPnRAQS_IzST_x0PDiyhhv1WJxXirw1kt4RknPQ&_nc_ohc=jxQESyXlV_cQ7kNvwGcgmFM&_nc_gid=CH0kPQSR5soTvQmeaf5OQQ&edm=ADp7STQBAAAA&ccb=7-5&oh=00_AQB-XpDcJjVCjYNAhS0KUe77K-o559OqK58h5S9DXcD6Ow&oe=6A66701F&_nc_sid=c6f216,False
https://www.instagram.com/the_bhopal_times,594,18,2025-05-01T17:16:47.000Z,Video,"9302204320
shop 36, sarafa chowk, itwara road, bhopal

LATEST TECHNOLOGY✅
LOWEST PRICE✅
EXTRA GIFTS✅
BUMPER LUCKY DRAW✅
.
.
.
.
.
.
.
.
.
.
.
.
.
.
.
#bhopal #bhopal_the_city_of_lakes #bhopaldiaries #bhopali #bhopalinfo #bhopalelectronics #bhopalevents #bhopaleventsupdate #bhopal_ki_baatein #bhopal_bus_update #bhopal_club #bhopal_shoutout #bhopalareracolony #bhopalminalresidency #bhopaliphone #bhopaliphonemarket #iphone16 #iphone16pro #iphone16promax #iphone16plus #brandnew #viral #latestiphone #zamzamelectronics #technology #techburner #technicalguruji #viral #india #latest",https://www.instagram.com/p/DJHnTHVIKwn/,DJHnTHVIKwn,https://scontent-lga3-1.cdninstagram.com/v/t51.2885-15/491451021_17934209154009071_8126308519888338525_n.jpg?stp=dst-jpg_e15_tt6&_nc_ht=scontent-lga3-1.cdninstagram.com&_nc_cat=111&_nc_oc=Q6cZ2gFhrUqcoRRRQLH7nAr-nEdmZF0c2jAHads6WKNOjHOfVahodwGHUNBKvHHRUFWhkJuXkOROvkPruGtlUp1bhkaJ&_nc_ohc=LLbrQFNelUwQ7kNvwEgQyNQ&_nc_gid=Nvyn7bUGj-APzpYUr8JcBw&edm=ADp7STQBAAAA&ccb=7-5&oh=00_AQBmoF247K2MJVuWlytVRCjN4MFQM0G83cw2QPW69z-1Vw&oe=6A66675D&_nc_sid=c6f216,False
https://www.instagram.com/the_bhopal_times,892,27,2025-04-26T14:23:13.000Z,Video,"9302204320
shop 36, sarafa chowk, itwara road, bhopal

LATEST TECHNOLOGY✅
LOWEST PRICE✅
EXTRA GIFTS✅
BUMPER LUCKY DRAW✅
.
.
.
.
.
.
.
.
.
.
.
.
.
.
.
#bhopal​ #bhopal_the_city_of_lakes​ #bhopaldiaries​ #bhopali​ #bhopalinfo​ #bhopalelectronics​ #bhopalevents​ #bhopaleventsupdate​ #bhopal_ki_baatein​ #bhopal_bus_update​ #bhopal_club​ #bhopal_shoutout​ #bhopalareracolony​ #bhopalminalresidency​ #bhopaliphone​ #bhopaliphonemarket​ #iphone16​ #iphone16pro​ #iphone16promax​ #iphone16plus​ #brandnew​ #viral​ #latestiphone​ #zamzamelectronics​ #technology​ #techburner​ #technicalguruji​ #viral​ #india​ #latest​",https://www.instagram.com/p/DI6aleEoYvb/,DI6aleEoYvb,https://scontent-dfw5-1.cdninstagram.com/v/t51.2885-15/491445502_17933645562009071_1113650697060438996_n.jpg?stp=dst-jpg_e15_tt6&_nc_ht=scontent-dfw5-1.cdninstagram.com&_nc_cat=111&_nc_oc=Q6cZ2gHbQaHhJtK9bB6GiUt41srzPJvtoMktg53p7CxF0NuDLJormJMT-z48mFxrjgvCQAY&_nc_ohc=nwJK_pQfT-MQ7kNvwEOcg6g&_nc_gid=2FNvkz6JrfcXd_cYHwxXWA&edm=ADp7STQBAAAA&ccb=7-5&oh=00_AQB9NYDGbsOw-GCUfq03io8qTjuarZt8X7xsPpzosZklZQ&oe=6A66562C&_nc_sid=c6f216,False
https://www.instagram.com/the_bhopal_times,1009,25,2025-04-22T05:40:51.000Z,Video,"9302204320
shop 36, sarafa chowk, itwara road, bhopal

LATEST TECHNOLOGY✅
LOWEST PRICE✅
EXTRA GIFTS✅
BUMPER LUCKY DRAW✅
.
.
.
.
.
.
.
.
.
.
.
.
.
.
.
#bhopal​ #bhopal_the_city_of_lakes​ #bhopaldiaries​ #bhopali​ #bhopalinfo​ #bhopalelectronics​ #bhopalevents​ #bhopaleventsupdate​ #bhopal_ki_baatein​ #bhopal_bus_update​ #bhopal_club​ #bhopal_shoutout​ #bhopalareracolony​ #bhopalminalresidency​ #bhopaliphone​ #bhopaliphonemarket​ #iphone16​ #iphone16pro​ #iphone16promax​ #iphone16plus​ #brandnew​ #viral​ #latestiphone​ #zamzamelectronics​ #technology​ #techburner​ #technicalguruji​ #viral​ #india​ #latest​",https://www.instagram.com/p/DIvMjGxIxnd/,DIvMjGxIxnd,https://scontent-ord5-1.cdninstagram.com/v/t51.2885-15/491450247_17933181987009071_7483129976937136604_n.jpg?stp=dst-jpg_e15_tt6&_nc_ht=scontent-ord5-1.cdninstagram.com&_nc_cat=111&_nc_oc=Q6cZ2gF8GPs6wyxVczRFTxECRw88O8GmQQ6ySkrvaPnTQ0QOkqUfAWaSoY4MIBEGk26agfQ&_nc_ohc=U513JD3hQj8Q7kNvwGbF6Ba&_nc_gid=Qn-0NCUu_JldQbVj2Msl1w&edm=ADp7STQBAAAA&ccb=7-5&oh=00_AQAvtI3vVtevRQ6ciitwWEnbpmRcAmQBnvTKbQ8MVSd9WA&oe=6A666AC5&_nc_sid=c6f216,False
https://www.instagram.com/the_bhopal_times,1038,28,2025-04-18T06:10:54.000Z,Video,"9302204320
shop 36, sarafa chowk, itwara road, bhopal

LATEST TECHNOLOGY✅
LOWEST PRICE✅
EXTRA GIFTS✅
BUMPER LUCKY DRAW✅
.
.
.
.
.
.
.
.
.
.
.
.
.
.
.
#bhopal​ #bhopal_the_city_of_lakes​ #bhopaldiaries​ #bhopali​ #bhopalinfo​ #bhopalelectronics​ #bhopalevents​ #bhopaleventsupdate​ #bhopal_ki_baatein​ #bhopal_bus_update​ #bhopal_club​ #bhopal_shoutout​ #bhopalareracolony​ #bhopalminalresidency​ #bhopaliphone​ #bhopaliphonemarket​ #iphone16​ #iphone16pro​ #iphone16promax​ #iphone16plus​ #brandnew​ #viral​ #latestiphone​ #zamzamelectronics​ #technology​ #techburner​ #technicalguruji​ #viral​ #india​ #latest​",https://www.instagram.com/p/DIk8x4qotbE/,DIk8x4qotbE,https://scontent-ord5-1.cdninstagram.com/v/t51.2885-15/490779327_17932766901009071_5765682278706801772_n.jpg?stp=dst-jpg_e15_tt6&_nc_ht=scontent-ord5-1.cdninstagram.com&_nc_cat=111&_nc_oc=Q6cZ2gEwSguaWW2hKxV0wJHo96EBgV54BdN5M7oovk2edenyW-tvNLVnnmmZMBE4z9PBIRPFl_0K7igkndDO-iSuohp-&_nc_ohc=Zc5BbiSIABsQ7kNvwEOcc3_&_nc_gid=NLE2dCV_Q-A4pXtJCh8_6w&edm=ADp7STQBAAAA&ccb=7-5&oh=00_AQAzM7AYWkIyWVPeO0JAf1lVjBl2bS27qkRy4f902FrbcA&oe=6A6652BF&_nc_sid=c6f216,False
https://www.instagram.com/sureshraina3,66979,204,2026-07-23T07:33:35.000Z,Image,"To my first home, my safe place, my favorite human. 
Happy Birthday, Maa ❤️",https://www.instagram.com/p/DbIIV8TI5k2/,DbIIV8TI5k2,https://scontent-iad6-1.cdninstagram.com/v/t51.82787-15/753125212_18622598596050452_8859438058902064625_n.jpg?stp=dst-jpg_e15_fr_p1080x1080_tt6&_nc_ht=scontent-iad6-1.cdninstagram.com&_nc_cat=1&_nc_oc=Q6cZ2gFO0It_yEjp14bsBQyY-xcpDjgkglHdcow4qohK_HyNQOBm4mZGKubuDuIl-ldW8L0&_nc_ohc=8LWC_zSb0b8Q7kNvwEVFtjC&_nc_gid=AkAmn6hmP8NskWSGTjJy1g&edm=ADp7STQBAAAA&ccb=7-5&oh=00_AQBtJNv7ChFR2AFRdx73WXmACyduF2Dgr5A4yMCnkNmYwg&oe=6A67F19E&_nc_sid=c6f216,False
https://www.instagram.com/sureshraina3,64604,212,2026-07-18T10:36:16.000Z,Image,🫶💪#peaceful,https://www.instagram.com/p/Da7lq6FIRPr/,Da7lq6FIRPr,https://scontent-dfw6-2.cdninstagram.com/v/t51.82787-15/748874301_18621065899050452_6851190996352149556_n.jpg?stp=dst-jpg_e15_tt6&_nc_ht=scontent-dfw6-2.cdninstagram.com&_nc_cat=108&_nc_oc=Q6cZ2gEZplalZIjot07ZmNf7fJRTxxUKU0pmlCHej5lqb-YD0PtYc5KIsZwUS1rb31SaC3Y&_nc_ohc=nXBt0xi4lsEQ7kNvwGopHzZ&_nc_gid=Y7LBRp1qqQ5R8_HSbutndA&edm=ADp7STQBAAAA&ccb=7-5&oh=00_AQC16JqVT7RcVfA6xkQQULSViR5Hu_kdW9vw_MVXpV94_w&oe=6A67EA2A&_nc_sid=c6f216,False
https://www.instagram.com/sureshraina3,241563,324,2026-07-15T09:56:45.000Z,Sidecar,Best start of the day! 🙌,https://www.instagram.com/p/Dazy33_kWjS/,Dazy33_kWjS,https://scontent-dfw6-2.cdninstagram.com/v/t51.82787-15/747625344_18620125300050452_3554939944982004776_n.jpg?stp=dst-jpegr_e35_tt6&_nc_cat=110&ig_cache_key=Mzk0MTcxNjcxMjg2MDQzODA3Nw%3D%3D.3-ccb7-5&ccb=7-5&_nc_sid=58cdad&efg=eyJ2ZW5jb2RlX3RhZyI6IkNBUk9VU0VMX0lURU0ueHBpZHMuMTQ0MC5oZHIucmVndWxhcl9waG90by5DMyJ9&_nc_ohc=TRiQB4xhB-sQ7kNvwF86NlY&_nc_oc=Adpk4amL4dAmA0B-8VEas9P_sB2tz7_HqLnQHI71Hjf3sE_mFzaxzdYqIdSfyjfClZ8&_nc_zt=23&_nc_ht=scontent-dfw6-2.cdninstagram.com&_nc_gid=ubc5Sr3cFgQZqMUT_19pdw&_nc_ss=7c689&oh=00_AQA3iEhxBIBZHPl1vi-QwvjomWjrUbe3gnZ4-oTs8IgerQ&oe=6A67BFB0,False
https://www.instagram.com/sureshraina3,483943,1899,2026-07-07T10:26:04.000Z,Image,"Happy Birthday, Mahi bhai! ❤️
Your legacy will never be defined by records alone, but by the countless lives you’ve inspired and the belief you’ve given to so many. Grateful to have shared this journey with you. Wishing you happiness, good health, and many more years of smiles. Stay blessed forever.",https://www.instagram.com/p/DafPzD9oXF8/,DafPzD9oXF8,https://scontent-lga3-3.cdninstagram.com/v/t51.82787-15/733590089_18617656888050452_2087601523887264509_n.jpg?stp=dst-jpg_e15_tt6&_nc_ht=scontent-lga3-3.cdninstagram.com&_nc_cat=108&_nc_oc=Q6cZ2gGwAnvGAihS04nwWEO239K27dcySjbUO987ed2UaWFWIOh6p97iGX1iRWUmU9xl1qU&_nc_ohc=QaTkybtOyvYQ7kNvwFBN4g1&_nc_gid=lBs1CMQHBp7NYVUEw9hARw&edm=ADp7STQBAAAA&ccb=7-5&oh=00_AQCUkNCWvoV9nAVAxFVtTSsknHkpvE2NFwcQHdZfo1TsIg&oe=6A67D709&_nc_sid=c6f216,False
https://www.instagram.com/sureshraina3,232945,579,2026-07-06T16:14:32.000Z,Image,🫰,https://www.instagram.com/p/DadO2dlIB43/,DadO2dlIB43,https://scontent-sea1-1.cdninstagram.com/v/t51.82787-15/741454160_18617439538050452_8933501056760275225_n.jpg?stp=dst-jpg_e35_tt6&_nc_cat=101&ig_cache_key=MzkzNTM2Njk2NDY1NTk1NTUxMQ%3D%3D.3-ccb7-5&ccb=7-5&_nc_sid=58cdad&efg=eyJ2ZW5jb2RlX3RhZyI6IkZFRUQueHBpZHMuMTQ0MC5zZHIucmVndWxhcl9waG90by5DMyJ9&_nc_ohc=N9NCE_x6zlYQ7kNvwGpBL88&_nc_oc=AdqOF1ONTCY4ExFENTyAyol20dA0HJbw7-dBXJcs4zDhizKskckfLbksNXMLrI09QH8&_nc_zt=23&_nc_ht=scontent-sea1-1.cdninstagram.com&_nc_gid=fyI6bRDxRpN_h9lQX4A5Vw&_nc_ss=72689&oh=00_AQBAV1fpUmvLlZxJlnWDweHSAARMESgA0DuNZBDDT6tIEA&oe=6A67E56F,False
https://www.instagram.com/sureshraina3,164931,382,2026-06-29T13:40:28.000Z,Image,When is Portugal 🫶#portugal,https://www.instagram.com/p/DaK_n8VIfTC/,DaK_n8VIfTC,https://scontent-hou1-1.cdninstagram.com/v/t51.82787-15/728912073_18615070468050452_1406920529115619722_n.jpg?stp=dst-jpg_e35_p1080x1080_sh2.08_tt6&_nc_ht=scontent-hou1-1.cdninstagram.com&_nc_cat=108&_nc_oc=Q6cZ2gFWkvD2K9lzbCrDVBe9ze2dDljuDH3dwDVtfBvOS83nak2QEkTy-TvC-BVHCzV_HaE&_nc_ohc=puxYtS4N6c0Q7kNvwFiZTfM&_nc_gid=oYxUOGaOnx8wl3PZgGU0Ig&edm=ADp7STQBAAAA&ccb=7-5&oh=00_AQAtbFKE42LAvcXtyeZnOD7OK4FMPX5XthORmOwmBNXnag&oe=6A67D0B8&_nc_sid=c6f216,False
https://www.instagram.com/sureshraina3,328386,413,2026-06-28T12:01:03.000Z,Sidecar,#vacaymodeon #summer,https://www.instagram.com/p/DaIPlcKCNDe/,DaIPlcKCNDe,https://scontent-dfw5-1.cdninstagram.com/v/t51.82787-15/731423183_18614685094050452_4654554639591476293_n.jpg?stp=dst-jpegr_e35_tt6&_nc_cat=106&ig_cache_key=MzkyOTQ1ODQxMzc1NjY3MTc1MQ%3D%3D.3-ccb7-5&ccb=7-5&_nc_sid=58cdad&efg=eyJ2ZW5jb2RlX3RhZyI6IkNBUk9VU0VMX0lURU0ueHBpZHMuMTQ0MC5oZHIucmVndWxhcl9waG90by5DMyJ9&_nc_ohc=J4v99lGuzm8Q7kNvwG4Wpbp&_nc_oc=Adp_JHGUYnBfZxfdcWtEkiM3HsbnBs_LL-r0GE43pcjuy92ye8kXB1YdAX17MwZC_So&_nc_zt=23&_nc_ht=scontent-dfw5-1.cdninstagram.com&_nc_gid=Q2YdXaX_WwVXLz67d1grJg&_nc_ss=72689&oh=00_AQDbdVL7BlGA7vcXs0AMk1byesKXSBSL0q8GIPj--SPW7w&oe=6A67F67D,False
https://www.instagram.com/sureshraina3,877855,775,2026-06-18T15:05:17.000Z,Sidecar,"Happy birthday dear wifey. May you stay this beautiful, gorgeous, kind, and generous forever and be blessed with the best of life. ❤️ @priyankacraina",https://www.instagram.com/p/DZu0uHdmnHb/,DZu0uHdmnHb,https://scontent-mia3-1.cdninstagram.com/v/t51.82787-15/726839311_18611317387050452_5260219618243397406_n.jpg?stp=dst-jpegr_e35_tt6&_nc_cat=106&ig_cache_key=MzkyMjMwMjEwNjgzNDQ5Nzg0OQ%3D%3D.3-ccb7-5&ccb=7-5&_nc_sid=58cdad&efg=eyJ2ZW5jb2RlX3RhZyI6IkNBUk9VU0VMX0lURU0ueHBpZHMuMTQ0MC5oZHIucmVndWxhcl9waG90by5DMyJ9&_nc_ohc=RZwQm6QPwtQQ7kNvwEm5GVt&_nc_oc=Adrx3hVqfkBQx-Sm5XRvB4eO7qtWrLDRO46Ew9Q7vcvkQ3ehcBgHW7P_3LaN-zGJTeo&_nc_zt=23&_nc_ht=scontent-mia3-1.cdninstagram.com&_nc_gid=LNtLjWQ5S59WKPLcL7_EMQ&_nc_ss=72689&oh=00_AQAsGRLoho1eGoXKvIjdA-s4jFmL6bJcmuN90VVvXFBHWQ&oe=6A67E479,False
https://www.instagram.com/sureshraina3,361516,488,2026-06-15T16:33:03.000Z,Sidecar,Finally the sun is out 🌞🌞🌞#amsterdam,https://www.instagram.com/p/DZnQYS4CNJd/,DZnQYS4CNJd,https://scontent-phl2-1.cdninstagram.com/v/t51.82787-15/724247213_18610456450050452_524585018669833338_n.jpg?stp=dst-jpegr_e35_tt6&_nc_cat=107&ig_cache_key=MzkyMDE3MjQwODEyNTk3NDg4Ng%3D%3D.3-ccb7-5&ccb=7-5&_nc_sid=58cdad&efg=eyJ2ZW5jb2RlX3RhZyI6IkNBUk9VU0VMX0lURU0ueHBpZHMuMTQ0MC5oZHIucmVndWxhcl9waG90by5DMiJ9&_nc_ohc=Ns8JOM6AZN8Q7kNvwHWLPmb&_nc_oc=AdrDgcUy60yuN362bePNXg25E2ea5-iMFwnqmevserdYJZYrIlOgh0AjWePBkfeu6mQ&_nc_zt=23&_nc_ht=scontent-phl2-1.cdninstagram.com&_nc_gid=eDw52AongJRVwPn0oEBn0Q&_nc_ss=72a8c&oh=00_AQACLmy8fgztUoJ4US_U3L4-E7sUsWRpj0qG_uZC85xAVg&oe=6A67D03D,False
https://www.instagram.com/sureshraina3,86687,205,2026-06-13T15:53:12.000Z,Image,🫰🤙#saturdayvibes,https://www.instagram.com/p/DZiCAjaIIBi/,DZiCAjaIIBi,https://scontent-bos5-1.cdninstagram.com/v/t51.82787-15/724230527_18609871504050452_2633156111352002740_n.jpg?stp=dst-jpg_e35_p1080x1080_sh2.08_tt6&_nc_ht=scontent-bos5-1.cdninstagram.com&_nc_cat=108&_nc_oc=Q6cZ2gE8BmVCJRBZBg5jGyNN8kqhf1P_MC9oY1rKW7rnG-moycKcikk5iAiFSU-qgySgiyw&_nc_ohc=K8H3xfBtd7oQ7kNvwEYrNR5&_nc_gid=y6vUx3_igxCmWzBu42FVug&edm=ADp7STQBAAAA&ccb=7-5&oh=00_AQBcgqdg7N_1ByjDVd8QDDMZFzC3shjsRXGM1BVk-iQ_kQ&oe=6A67C2C9&_nc_sid=c6f216,False
https://www.instagram.com/sureshraina3,296465,383,2026-06-10T14:50:57.000Z,Sidecar,#summertime 📸🧿,https://www.instagram.com/p/DZaMuIOmoGz/,DZaMuIOmoGz,https://instagram.flas1-2.fna.fbcdn.net/v/t51.82787-15/721517103_18608990263050452_6718116724375964867_n.jpg?stp=dst-jpegr_e35_tt6&_nc_cat=105&ig_cache_key=MzkxNjQ5ODA5NzQ0MzkyMjgyNQ%3D%3D.3-ccb7-5&ccb=7-5&_nc_sid=58cdad&efg=eyJ2ZW5jb2RlX3RhZyI6IkNBUk9VU0VMX0lURU0ueHBpZHMuMTQ0MC5oZHIucmVndWxhcl9waG90by5DMyJ9&_nc_ohc=ZGBaiYM-BucQ7kNvwGFBzD_&_nc_oc=Adp-pWM2lwusu8TVw1jIeMVp4HXVR4M_IF9jTQ6V6BH7zwvaMS5Mb0iyom9sbnwg_-o&_nc_zt=23&se=-1&_nc_ht=instagram.flas1-2.fna&_nc_gid=9DACRxDQ0A5Vos5sEne-3w&_nc_ss=72a8c&oh=00_AQBdjIidp9OAyOOAnxsOKU9YsPvfiQ1Y8b0_tDD64jKxyQ&oe=6A67E23D,False
https://www.instagram.com/sureshraina3,299098,422,2026-06-04T13:18:16.000Z,Sidecar,📸🫶,https://www.instagram.com/p/DZKlWBqEdm3/,DZKlWBqEdm3,https://scontent-atl3-2.cdninstagram.com/v/t51.82787-15/714737934_18607238356050452_5083332608768412272_n.jpg?stp=dst-jpegr_e35_tt6&_nc_cat=105&ig_cache_key=MzkxMjEwMzE5NjQ1MzM3MTgxMA%3D%3D.3-ccb7-5&ccb=7-5&_nc_sid=58cdad&efg=eyJ2ZW5jb2RlX3RhZyI6IkNBUk9VU0VMX0lURU0ueHBpZHMuMTQ0MC5oZHIucmVndWxhcl9waG90by5DMyJ9&_nc_ohc=wKs_jvpDgMIQ7kNvwESXLER&_nc_oc=Adpq22O3hPvMriZ9PGc7BX7mY04fjtLGppODczrubHEKJR1hqW5Lmpir_QEYi2YBSA0&_nc_zt=23&_nc_ht=scontent-atl3-2.cdninstagram.com&_nc_gid=Guepev_mBDczJ1dXOQZzQw&_nc_ss=7ca8c&oh=00_AQBSbLMfFvWl1cDIIOxpfH4mWVOBtMQ_79KzOZzdX5WlpQ&oe=6A67D021,False
https://www.instagram.com/sureshraina3,1748474,6481,2026-05-31T18:40:09.000Z,Image,"Once was so nice, they did it twice. What a campaign by “Attacking Champions” RCB. A near perfect campaign and the trophy is in right hands of Captain Rajat Patidar. Special mention to Virat Kohli for that knock - Matter bada tha, Isliye wahan King khada tha.

@virat.kohli @royalchallengers.bengaluru #ipl2026",https://www.instagram.com/p/DZA20arIr6P/,DZA20arIr6P,https://scontent-dfw6-2.cdninstagram.com/v/t51.82787-15/709054251_18606040222050452_8843231918262881372_n.jpg?stp=dst-jpg_e35_p1080x1080_sh2.08_tt6&_nc_ht=scontent-dfw6-2.cdninstagram.com&_nc_cat=108&_nc_oc=Q6cZ2gHFeG2JeKsXt5bZdd4ZuIs3S8PuSwS3pS9fdzYzwZiGs1dMDEPIC2AZpRNb27Jk9F4&_nc_ohc=8bujngH1I9QQ7kNvwFoomO9&_nc_gid=Vjz_dhM4rAmNfdBQHXoCow&edm=ADp7STQBAAAA&ccb=7-5&oh=00_AQDUbEjmRWbeChHIQ9TCzGiPcfKjZD0vn1TC-GX89O--xw&oe=6A67EA03&_nc_sid=c6f216,False
https://www.instagram.com/sureshraina3,189976,191,2026-05-29T14:05:20.000Z,Sidecar,"All the best to the entire cast & crew of #HaiJawaniTohIshqHonaHai for the upcoming release! 🎬✨

Wishing you all massive success and lots of love from the audience ❤️

@varundvn @hegdepooja @mrunalthakur 🙌",https://www.instagram.com/p/DY7N9bDCBM_/,DY7N9bDCBM_,https://scontent-atl3-2.cdninstagram.com/v/t51.82787-15/710432100_18605298058050452_5371134612899843170_n.jpg?stp=dst-jpegr_e35_tt6&_nc_cat=101&ig_cache_key=MzkwNzc3NjUwNDU4MDQ4OTEwNQ%3D%3D.3-ccb7-5&ccb=7-5&_nc_sid=58cdad&efg=eyJ2ZW5jb2RlX3RhZyI6IkNBUk9VU0VMX0lURU0ueHBpZHMuMTQ0MC5oZHIucmVndWxhcl9waG90by5DMyJ9&_nc_ohc=htqVXDLW27kQ7kNvwE3Q2ul&_nc_oc=AdrbJ0hw422zjVmWiZojaPS4aR_Yj2GP8mUiAinJDCA3f9eOH0KozqjzBP4EK0Ov8rk&_nc_zt=23&_nc_ht=scontent-atl3-2.cdninstagram.com&_nc_gid=Jn5KdOPN4UDtb_r_gjLHUA&_nc_ss=7c689&oh=00_AQC3U6nnRsQD6Ir4aJ21Pd-4fIxy1cX0e6EM7Q6r-5Qmsg&oe=6A67D79C,False
https://www.instagram.com/sportzwikiinsta,2,3,2026-07-23T12:27:25.000Z,Image,"Ryan Burl tried to hold Zimbabwe together, but India just kept coming 🇮🇳🥶 At 64/5, can Zimbabwe even drag this to a competitive total?",https://www.instagram.com/p/DbIqeX3FOhH/,DbIqeX3FOhH,https://scontent-xxc1-1.cdninstagram.com/v/t39.30808-6/752488784_1576467374146269_5557900139228588846_n.jpg?stp=dst-jpg_e35_p1080x1080_sh2.08_tt6&_nc_ht=scontent-xxc1-1.cdninstagram.com&_nc_cat=109&_nc_oc=Q6cZ2gGCZnkFavzEyBKL4iESwuG0AVRZ0rbMJ-AbeBNZFHjlOd4Ppj0IHFNJhwVmaLmOPeU&_nc_ohc=M3IeI5G6qBgQ7kNvwF2VoHE&_nc_gid=SPb2uasIWEkYGqxUC3iawA&edm=ADp7STQAAAAA&ccb=7-5&oh=00_AQDD5J7josAJzHtaZXcI9kxCJRcN4Cu305edcECl9PWNsw&oe=6A67E5D4&_nc_sid=c6f216,False
https://www.instagram.com/sportzwikiinsta,31,0,2026-07-23T12:12:16.000Z,Image,Lovlina Borgohain gets India on the CWG 2026 medal board 🇮🇳🥊 Bronze is secured... now why stop there? Time to chase GOLD! ❤️,https://www.instagram.com/p/DbIovZZFLSQ/,DbIovZZFLSQ,https://scontent-mia5-2.cdninstagram.com/v/t39.30808-6/752569958_1576457104147296_8535646889977430148_n.jpg?stp=dst-jpg_e35_p1080x1080_sh2.08_tt6&_nc_ht=scontent-mia5-2.cdninstagram.com&_nc_cat=100&_nc_oc=Q6cZ2gE-wEVyFkSaFrUQHqm7KnrgZXW5IokWfdjvC3BxEuQKDXDqKsN77JNOfbCfuyvaIdXibkMpX4bpTLyUDU_Uai4e&_nc_ohc=ELcg-N_LllQQ7kNvwEdo98q&_nc_gid=sUiEdswgmE1V2MXOFiXayQ&edm=ADp7STQAAAAA&ccb=7-5&oh=00_AQDzzWnaUjtZ1Ytv5J0keyTC_sugFxAYAy75CsGpiW6nag&oe=6A67CB65&_nc_sid=c6f216,False
https://www.instagram.com/sportzwikiinsta,165,2,2026-07-23T11:12:27.000Z,Image,Shreyas Iyer & whole team appreciated Ishan Kishan for the terrific DRS call 🔥,https://www.instagram.com/p/DbIh5SflOBF/,DbIh5SflOBF,https://scontent-msp1-1.cdninstagram.com/v/t39.30808-6/753169696_1576420704150936_4733754305208749115_n.jpg?stp=dst-jpg_e15_fr_s1080x1080_tt6&_nc_ht=scontent-msp1-1.cdninstagram.com&_nc_cat=100&_nc_oc=Q6cZ2gEXafZL3sn_RgWWZKFNhtD4_E5Rn4ptxsn6zoNojwn2DFXu14wTpo0hM4umLOkOMyf5DQlK0MamNvSgFWbdflsz&_nc_ohc=wbRFwgYh3yIQ7kNvwFomqTh&_nc_gid=03q3WsTojy-y81wRL1Qsiw&edm=ADp7STQAAAAA&ccb=7-5&oh=00_AQCAa_h0ESOo9dq4rFODcEA0rW5OAjiGGMoEk3JwSyOneg&oe=6A67C446&_nc_sid=c6f216,False
https://www.instagram.com/sportzwikiinsta,80,4,2026-07-23T10:40:38.000Z,Image,"Ashok Sharma has earned this moment the hard way. New jersey, new pressure... India fans, what are you expecting from him today? 🇮🇳🙌",https://www.instagram.com/p/DbIeQSDFHIv/,DbIeQSDFHIv,https://scontent-lga3-3.cdninstagram.com/v/t39.30808-6/753418498_1576401764152830_438571756237983584_n.jpg?stp=dst-jpg_e15_fr_s1080x1080_tt6&_nc_ht=scontent-lga3-3.cdninstagram.com&_nc_cat=106&_nc_oc=Q6cZ2gFUcbHg21OUJkPreB9FFRbKMnbEseW-Ru95qkFFY2Ztg01oZAJ1rYZyel9N4daYatE&_nc_ohc=ynPliHhZXU4Q7kNvwHSCrVn&_nc_gid=-YTJF66sggky9Zbz2huJSA&edm=ADp7STQAAAAA&ccb=7-5&oh=00_AQC35s2FTz-q1gx1HV9IExTa9iGHeJ7cinMJnbIE1SP3eg&oe=6A67F47D&_nc_sid=c6f216,False
https://www.instagram.com/sportzwikiinsta,33,2,2026-07-23T10:37:09.000Z,Image,India will bowl first in the first T20I vs Zimbabwe 🇮🇳🇿🇼,https://www.instagram.com/p/DbId2u5lLDD/,DbId2u5lLDD,https://scontent-mia3-3.cdninstagram.com/v/t39.30808-6/754250335_1576399840819689_2014847932160010622_n.jpg?stp=dst-jpg_e15_fr_s1080x1080_tt6&_nc_ht=scontent-mia3-3.cdninstagram.com&_nc_cat=109&_nc_oc=Q6cZ2gEuVtf9U2X4OUNzWfvvm57WPqjlzKJS6H8bcVbgUb7mnDgytW-Oz8RjjOaCEeUatcM&_nc_ohc=BzJ9nop1RaAQ7kNvwEsj8b_&_nc_gid=KKM2sQcS_1sp3r--1I38Gg&edm=ADp7STQAAAAA&ccb=7-5&oh=00_AQDmUQqffqyfCwyUav-_C77B52JOWXOkhbl2vc-mkGF4XQ&oe=6A67C0C4&_nc_sid=c6f216,False
https://www.instagram.com/sportzwikiinsta,32,1,2026-07-23T10:30:42.000Z,Image,"A BIG DAY AWAITS SHREYAS IYER! 🇮🇳🔥

All eyes will be on Shreyas Iyer as he leads Team India in the opening T20I against Zimbabwe. 💙🏏

Can he kick off his captaincy journey with a memorable first international victory?",https://www.instagram.com/p/DbIdHd_jqpN/,DbIdHd_jqpN,https://scontent-lga3-1.cdninstagram.com/v/t39.30808-6/752488782_1576375800822093_8629952644417979730_n.jpg?stp=dst-jpg_e15_fr_p1080x1080_tt6&_nc_ht=scontent-lga3-1.cdninstagram.com&_nc_cat=109&_nc_oc=Q6cZ2gFkLq7CvXqFhjHdmY0MSxQy04-oOxwG8JQzAlJdssKHAFf0oRcsCp_4gvW-yv42iBBX3s-zEq9EXBdw-PffJ_-c&_nc_ohc=QwXoVZmj9j8Q7kNvwFfStug&_nc_gid=ahSesf_wVdNY8ODVl8UcwA&edm=ADp7STQAAAAA&ccb=7-5&oh=00_AQDkm3DGWCFyyD2tjnXPzIPqKtggVO4ai2sSbDwBjrtIUQ&oe=6A67D69E&_nc_sid=c6f216,False
https://www.instagram.com/sportzwikiinsta,139,0,2026-07-23T10:10:08.000Z,Image,"When it’s Zimbabwe, Abhishek Sharma doesn’t hold back! 💣",https://www.instagram.com/p/DbIawu1iibw/,DbIawu1iibw,https://scontent-atl3-1.cdninstagram.com/v/t39.30808-6/753702419_1576200017506338_3724710948843817136_n.jpg?stp=dst-jpg_e35_p1080x1080_sh2.08_tt6&_nc_ht=scontent-atl3-1.cdninstagram.com&_nc_cat=106&_nc_oc=Q6cZ2gGz9o15wu_Xf1Z9V1rOAv1cRi7Rp3TIkBInWARnBahYhtQY8XC6BuUz-4UTupz7KUUxO-d_2MAM_HSHQ8D2LdqA&_nc_ohc=nIzqmTAIIG4Q7kNvwFovoH4&_nc_gid=JfEZMNv0MsNBrl4VnTP7JQ&edm=ADp7STQAAAAA&ccb=7-5&oh=00_AQBP0j3k6styncdru2p0Zv5Vqb-2j3-_S_NE_xC_W7ulDA&oe=6A67E3D0&_nc_sid=c6f216,False
https://www.instagram.com/sportzwikiinsta,48,0,2026-07-23T09:56:09.000Z,Image,"🚀 A new challenge, a new opportunity! 🇮🇳🏏

Vaibhav Sooryavanshi is ready to take center stage in the IND vs ZIM T20I series. Can the young powerhouse make headlines with a barrage of towering sixes? 💥🔥",https://www.instagram.com/p/DbIZKcmFHpg/,DbIZKcmFHpg,https://scontent-iad6-1.cdninstagram.com/v/t39.30808-6/754097423_1576375290822144_8795235281981539093_n.jpg?stp=dst-jpg_e15_fr_p1080x1080_tt6&_nc_ht=scontent-iad6-1.cdninstagram.com&_nc_cat=100&_nc_oc=Q6cZ2gGYADegPdek_a62IsMsgJaFS4h9TNZyEb1zNKlPYGs0GGObMtouw8KQk-AcP7OvWZs&_nc_ohc=ckKOTkQClCgQ7kNvwFj_r8u&_nc_gid=oYD6qnS34PoTSUfIV-Kleg&edm=ADp7STQAAAAA&ccb=7-5&oh=00_AQAlHxhL9iRF8nPCJgx-TvlcYeiMTxdURORbJ-bK_iOXdQ&oe=6A67D95C&_nc_sid=c6f216,False
https://www.instagram.com/sportzwikiinsta,248,0,2026-07-23T09:30:48.000Z,Image,"Years have passed, but there are still no like-for-like replacements for Bumrah and Hardik. 🤯",https://www.instagram.com/p/DbIWQvTEVY9/,DbIWQvTEVY9,https://scontent-atl3-3.cdninstagram.com/v/t39.30808-6/753857495_1576294534163553_338606937350992632_n.jpg?stp=dst-jpg_e35_p1080x1080_sh2.08_tt6&_nc_ht=scontent-atl3-3.cdninstagram.com&_nc_cat=109&_nc_oc=Q6cZ2gHWb9DJAHjSV33i0i3j2TQFj1sZATAJQEaMycb5sUp7VfWcrYRkiXxLTJfCidn5NNwJHaPis0pwl_xKgDiyIMGx&_nc_ohc=bIvx3rhS5fsQ7kNvwEts-DF&_nc_gid=FbGpPhr0HWTLSXbjKNQE8g&edm=ADp7STQAAAAA&ccb=7-5&oh=00_AQDBLffa0zTiKReSTAEhNgwl0hFbkj7EW4FflfTMIvLtfw&oe=6A67C21B&_nc_sid=c6f216,False
https://www.instagram.com/sportzwikiinsta,32,0,2026-07-23T09:10:17.000Z,Image,"🏏🔥 A NEW CHAPTER BEGINS! 🇿🇼🆚🇮🇳

The battle is set as Zimbabwe take on India in the 1st T20I! 💥
Two teams. One goal. An explosive start to the series awaits. ⚡

📍 Harare
🕟 4:30 PM IST",https://www.instagram.com/p/DbIT6H6CDn9/,DbIT6H6CDn9,https://scontent-dfw6-1.cdninstagram.com/v/t39.30808-6/753018614_1576228167503523_3396329569940585274_n.jpg?stp=dst-jpg_e15_fr_p1080x1080_tt6&_nc_ht=scontent-dfw6-1.cdninstagram.com&_nc_cat=103&_nc_oc=Q6cZ2gHR0jgS5ypJOzGd7ENrN_K809ct0srnhRw9NA9HjOLJ5stA8b40zSlgOiLF7MMqkVA&_nc_ohc=yJd_rSlDJUgQ7kNvwGNVL5J&_nc_gid=zQufF6eKCkN31jbEVmDIKA&edm=ADp7STQAAAAA&ccb=7-5&oh=00_AQCP7xaEH8gfgVMyZGRq9gJi7BUjL9V8V4zWrDXxjGBpyQ&oe=6A67F0FA&_nc_sid=c6f216,False
https://www.instagram.com/sportzwikiinsta,206,2,2026-07-23T08:50:39.000Z,Image,Indian-born cricketers continue to shine on the Australian pathway. 🔥,https://www.instagram.com/p/DbIRqrjAb9U/,DbIRqrjAb9U,https://instagram.fsac1-2.fna.fbcdn.net/v/t39.30808-6/753702715_1576202080839465_7279516246032177629_n.jpg?stp=dst-jpg_e35_p1080x1080_sh2.08_tt6&_nc_ht=instagram.fsac1-2.fna.fbcdn.net&_nc_cat=109&_nc_oc=Q6cZ2gGoSYcIyPQcZL91kmiyieGNRuChDOkPAaXJbmiIADkEW25_TyISXxdyCclUyjgBL7Zm_qABsntCL_8S-31bilwG&_nc_ohc=hlfDCaaluhQQ7kNvwGxcW_m&_nc_gid=rJKmoDqPMj4CK5dFSYd6vQ&edm=ADp7STQAAAAA&ccb=7-5&oh=00_AQCpHF4e0Z2H53h-poN3g686su0-4wInY2MQdumXiTeVkQ&oe=6A67EF14&_nc_sid=c6f216,False
https://www.instagram.com/sportzwikiinsta,60,0,2026-07-23T08:31:13.000Z,Video,Get ready for 2nd Innings 😂,https://www.instagram.com/p/DbIPaFplWSz/,DbIPaFplWSz,https://scontent-bos5-1.cdninstagram.com/v/t51.82787-15/755208137_18412730911157974_3320009762381995533_n.jpg?stp=dst-jpg_e15_tt6&_nc_ht=scontent-bos5-1.cdninstagram.com&_nc_cat=110&_nc_oc=Q6cZ2gFbpoU8ss0J0NJJB_IV78s34NYQ5lu2RJsM23EGa2hR0QEYuFxsT0mbkGVv8Fvd4xbF-s-FvFd82enTTPuLrvV0&_nc_ohc=Af51LEqrYaQQ7kNvwG6mOsW&_nc_gid=XCd6gHIe1DuRuCS7bu2rXg&edm=ADp7STQBAAAA&ccb=7-5&oh=00_AQB9VszLV-dXV-w8-j-Ew9eaa1rFGhdqnJyal5DZZV6Jnw&oe=6A67E174&_nc_sid=c6f216,False
https://www.instagram.com/sportzwikiinsta,70,0,2026-07-23T08:15:16.000Z,Image,"❤️ A WELL-DESERVED TRIBUTE TO A TRUE TEST WARRIOR! 🇯🇲

An emotional moment as Kemar Roach was honoured by Cricket West Indies for reaching the incredible milestone of 300 Test wickets. 👏🏏

A career built on passion, consistency, and unforgettable spells—Roach has truly cemented his place among the modern-day greats. 🌟",https://www.instagram.com/p/DbINngDj6is/,DbINngDj6is,https://scontent-bos5-1.cdninstagram.com/v/t39.30808-6/752682186_1576252287501111_7914001715078075289_n.jpg?stp=dst-jpg_e15_fr_p1080x1080_tt6&_nc_ht=scontent-bos5-1.cdninstagram.com&_nc_cat=103&_nc_oc=Q6cZ2gE7ql_njTEfVq9YvYdPmOU4mTuKseXykMJjbeYrXKUiWGDkqzFha4HARusxxgEp-jY&_nc_ohc=lPz0EH4CKx8Q7kNvwFJf97A&_nc_gid=keB6kA7dg7Ggfu-ZFYB1Kg&edm=ADp7STQAAAAA&ccb=7-5&oh=00_AQDY27NEMZrRt-0A55LDkf6kFQ1R1Kg5jtj2xhYeoBVUUw&oe=6A67F1AE&_nc_sid=c6f216,False
https://www.instagram.com/sportzwikiinsta,54,2,2026-07-23T08:00:30.000Z,Image,England was a lesson. Now it’s time for a strong response against Zimbabwe. 💪🔥,https://www.instagram.com/p/DbIL7a8Cdsv/,DbIL7a8Cdsv,https://scontent-lga3-3.cdninstagram.com/v/t39.30808-6/753702618_1576201417506198_6960296528661132280_n.jpg?stp=dst-jpg_e35_p1080x1080_sh2.08_tt6&_nc_ht=scontent-lga3-3.cdninstagram.com&_nc_cat=106&_nc_oc=Q6cZ2gEGg_t9XxvhPRQb3pK5nnBk0Di4JBvSqaBzw2i8gTS3L_nnfdR7umqsyakshqDxDwU&_nc_ohc=V01RKNzWL9gQ7kNvwEApHAU&_nc_gid=qDQfgC3RtYlA2QxsKTP0UQ&edm=ADp7STQAAAAA&ccb=7-5&oh=00_AQBP_OmaDRQw41keIiNbXsK06uQGwRwq7ehsNPyoxLBYZw&oe=6A67C007&_nc_sid=c6f216,False
https://www.instagram.com/sportzwikiinsta,304,1,2026-07-23T07:30:53.000Z,Image,"Virat Kohli has scored 2470 ODI runs at an average of 65 since 2023, including 10 centuries. Is anyone matching this consistency in world cricket? 👑🇮🇳",https://www.instagram.com/p/DbIIij7DMhE/,DbIIij7DMhE,https://scontent-atl3-1.cdninstagram.com/v/t39.30808-6/753652148_1576208190838854_3567914084951613326_n.jpg?stp=dst-jpg_e35_p1080x1080_sh2.08_tt6&_nc_ht=scontent-atl3-1.cdninstagram.com&_nc_cat=106&_nc_oc=Q6cZ2gH35RPG4klDq4bOJjq89FyezCfoO2w6Ylb947eurrhrE08waZXump4mcY9G3wykehJoStkuDMnawEe8mI6aYgkF&_nc_ohc=04C4UCli8TMQ7kNvwGe-auu&_nc_gid=44QTI39fPh0pXWB5uW3tFQ&edm=ADp7STQAAAAA&ccb=7-5&oh=00_AQCMGlgdOiMinvLBmtrOzVpIubdVwFaS8DrzaZiKemv9-A&oe=6A67D138&_nc_sid=c6f216,False
https://www.instagram.com/mkbhd,15005,97,2026-07-21T20:14:10.000Z,Image,dbrand made a Steam machine skin. Trying to resist the urge to dribble it,https://www.instagram.com/p/DbEWLzCvM-9/,DbEWLzCvM-9,https://scontent-atl3-3.cdninstagram.com/v/t51.82787-15/751915236_18611224540015447_4712126672499396660_n.jpg?stp=dst-jpg_e35_p1080x1080_sh2.08_tt6&_nc_ht=scontent-atl3-3.cdninstagram.com&_nc_cat=107&_nc_oc=Q6cZ2gG2Pnu_GqkKC4DwWLbIdmnj2AXQYUMTXPbJQfDEeHROnCoC8s8mvgDQQbxFtumsm-Qh9sI33IiKwSTCmFivwes7&_nc_ohc=3XKDpy6TK3MQ7kNvwFIyeKj&_nc_gid=3xadnDnQm8TDVJGYotW_Kg&edm=ADp7STQBAAAA&ccb=7-5&oh=00_AQAKQ9wCN8I_N9rP_q-hkPnTXFvsFoUB6UhSdvpZmbX9Dg&oe=6A67E45A&_nc_sid=c6f216,False
https://www.instagram.com/mkbhd,93888,341,2026-07-02T21:06:56.000Z,Sidecar,"2026 is 50% complete.
▓▓▓▓▓▓▓▓░░░░░░░░",https://www.instagram.com/p/DaThPIlj8u8/,DaThPIlj8u8,https://scontent-den2-1.cdninstagram.com/v/t51.82787-15/736456378_18605276323015447_4909712949295803763_n.jpg?stp=dst-jpg_e35_tt6&_nc_cat=102&ig_cache_key=MzkzMjYzMjY4MTM4NDYwNjg3Ng%3D%3D.3-ccb7-5&ccb=7-5&_nc_sid=58cdad&efg=eyJ2ZW5jb2RlX3RhZyI6IkNBUk9VU0VMX0lURU0ueHBpZHMuMTQ0MC5zZHIucmVndWxhcl9waG90by5DMyJ9&_nc_ohc=myDA-E2lXfYQ7kNvwHbtRtZ&_nc_oc=AdqXO0JBjmxJ12RUkS-r8vIGPrNE9C1cCW0tnfSB2N2_m8SEWelVSKWaXJMXXFhfBdM&_nc_zt=23&_nc_ht=scontent-den2-1.cdninstagram.com&_nc_gid=Ll8yQj-kfDc3NB5Z0jZb-w&_nc_ss=72a8c&oh=00_AQBeXJBalKb0qxS0GHFigCBvXfjzynfftG8x9Dz8kGWR8A&oe=6A67CC5D,False
https://www.instagram.com/mkbhd,81713,1154,2026-06-25T15:29:25.000Z,Video,Sheesh,https://www.instagram.com/p/DaA4uWcuFvc/,DaA4uWcuFvc,https://scontent-atl3-3.cdninstagram.com/v/t51.82787-15/729822836_18602738713015447_7006062399714887140_n.jpg?stp=dst-jpg_e15_tt6&_nc_ht=scontent-atl3-3.cdninstagram.com&_nc_cat=107&_nc_oc=Q6cZ2gExcI_-cgX24FUIs60tqh7-KAFN_ZGcNSi7Zj9Q83MTZb-9dJaJ6EheoP1WWI1WLDo&_nc_ohc=MMBaWe1YkKYQ7kNvwHNoIyO&_nc_gid=qMcd1njuT30nd-XgZJtNcw&edm=ADp7STQBAAAA&ccb=7-5&oh=00_AQB3ukXtvw9XSsgjOk6lkqH2YaOlwHuDwg0iAPtwqz2_Lg&oe=6A67EC23&_nc_sid=c6f216,False
https://www.instagram.com/mkbhd,72213,814,2026-06-04T19:41:32.000Z,Video,Apple products that don’t exist… yet,https://www.instagram.com/p/DZLQ-X3v8Ch/,DZLQ-X3v8Ch,https://instagram.fmem1-1.fna.fbcdn.net/v/t51.71878-15/714521301_2126858848095714_7754995888518593178_n.jpg?stp=dst-jpg_e15_tt6&_nc_ht=instagram.fmem1-1.fna.fbcdn.net&_nc_cat=106&_nc_oc=Q6cZ2gG_AZk5Hfplay4UGi9E4fD98AVuBhpgO3PjfwalCVhUG5VXHJuxfmbcWj974rpMunfb53we7wbF4Mx9C71H8izm&_nc_ohc=6uKHpgJnYdoQ7kNvwEXNMuS&_nc_gid=YEspnX1NpqQhqjQXYhgT3A&edm=ADp7STQBAAAA&ccb=7-5&oh=00_AQBU3XZLBULX1uqiLoXh-_59Xsbof8uYy_KnZiVm4URV5g&oe=6A67E409&_nc_sid=c6f216,False
https://www.instagram.com/mkbhd,85569,422,2026-05-28T19:06:32.000Z,Sidecar,🐐,https://www.instagram.com/p/DY5LooklAYO/,DY5LooklAYO,https://scontent-atl3-1.cdninstagram.com/v/t51.82787-15/708123300_18594249043015447_5175856807794518452_n.jpg?stp=dst-jpg_e35_tt6&_nc_cat=106&ig_cache_key=MzkwNzIwNDk1MDk1NDI0ODY1OA%3D%3D.3-ccb7-5&ccb=7-5&_nc_sid=58cdad&efg=eyJ2ZW5jb2RlX3RhZyI6IkNBUk9VU0VMX0lURU0ueHBpZHMuMTQ0MC5zZHIucmVndWxhcl9waG90by5DMyJ9&_nc_ohc=RSPRiTWmoMIQ7kNvwEOYRDR&_nc_oc=Adq2RIxs6oua6idio39dA5XHisHizSIiWbS0HDeWNtwBiAsHXRIk7Qd1cIlYCy0dHZk&_nc_zt=23&_nc_ht=scontent-atl3-1.cdninstagram.com&_nc_gid=dSt-VNtsatuRQCopS5zwQA&_nc_ss=7c689&oh=00_AQC0c3Be4wDXNBL-9G0oWSQKD178iD_wzduG_WNdUL1qKQ&oe=6A67E274,False
https://www.instagram.com/mkbhd,109897,545,2026-05-28T17:59:44.000Z,Video,How does @lewishamilton handle pressure? A conversation with @MKBHD,https://www.instagram.com/p/DY5DYbVO6M1/,DY5DYbVO6M1,https://scontent-bos5-1.cdninstagram.com/v/t51.82787-15/708333384_18594234832015447_7100287082340981980_n.jpg?stp=dst-jpg_e35_p1080x1080_sh2.08_tt6&_nc_ht=scontent-bos5-1.cdninstagram.com&_nc_cat=107&_nc_oc=Q6cZ2gF57GWzrXeqD30NLjSCIt1qljBsygeJ5qPmkXCABxg7VCQfCFYpfQi70wHwrlUJdBOIi_OKiTRaU0WPr1N0Clkw&_nc_ohc=KjY4INCB_DIQ7kNvwFJ9jnA&_nc_gid=SBx2s9608th3uqI_eXxmbQ&edm=ADp7STQBAAAA&ccb=7-5&oh=00_AQD5VGunhITFtgLQPTkK8YyU0f0cZ1Sg_XHy2oR0ekZemQ&oe=6A67FB2C&_nc_sid=c6f216,False
https://www.instagram.com/mkbhd,76580,4538,2026-05-25T20:11:25.000Z,Video,Ferrari’s Electric Car Looks Like…,https://www.instagram.com/p/DYxjsrIPS3-/,DYxjsrIPS3-,https://scontent-mia3-1.cdninstagram.com/v/t51.71878-15/708034325_1360655365911995_3701660278179040194_n.jpg?stp=dst-jpg_e15_tt6&_nc_ht=scontent-mia3-1.cdninstagram.com&_nc_cat=111&_nc_oc=Q6cZ2gEOu5_7qsvI-9roQv4WpgnmRSZeM5gNQ7kF0rEIkSo-_V7XE3apF2fhHQXjoVAYF1U&_nc_ohc=6n_p7mKmZpUQ7kNvwFdQi6c&_nc_gid=XXa3k0WUuD2Exgmj6hU3HQ&edm=ADp7STQBAAAA&ccb=7-5&oh=00_AQCsO2DYADQKVo5RM-8PJOgAdebRr1rrxNRWtGkyx8azDw&oe=6A67ECDD&_nc_sid=c6f216,False
https://www.instagram.com/mkbhd,185762,699,2026-05-25T02:12:18.000Z,Video,"Yeah Wemby is good and everything, but he’s not the only ridiculously skilled person in this arena 🤯",https://www.instagram.com/p/DYvpEtQMtp9/,DYvpEtQMtp9,https://scontent-iad6-1.cdninstagram.com/v/t51.71878-15/705381636_4390904051226336_124726532454067326_n.jpg?stp=dst-jpg_e15_tt6&_nc_ht=scontent-iad6-1.cdninstagram.com&_nc_cat=100&_nc_oc=Q6cZ2gGJW6l3SMghqhiYJ1qRwSw0HDGnuLlbObF4-me-m05w3WSZQ6D0nPTRTMXgLfJLxruOezNlP0vgwT2aWgX5xwfq&_nc_ohc=057SParHWeQQ7kNvwEE58J2&_nc_gid=hpb_qHfSoX-J1vGEI4vm9g&edm=ADp7STQBAAAA&ccb=7-5&oh=00_AQB2G5ShSrCdOEb4e-ACDkT1lxu8YjGm71ibdMfz7Qe46Q&oe=6A67F7BA&_nc_sid=c6f216,False
https://www.instagram.com/mkbhd,104827,645,2026-05-15T16:20:43.000Z,Video,Why everyone’s talking about the Fitbit Air,https://www.instagram.com/p/DYXaKXwuGg8/,DYXaKXwuGg8,https://scontent-lax7-1.cdninstagram.com/v/t51.71878-15/670621129_1250131143589093_5700764156356770238_n.jpg?stp=dst-jpg_e15_tt6&_nc_ht=scontent-lax7-1.cdninstagram.com&_nc_cat=101&_nc_oc=Q6cZ2gH6PTnEFQBjUoFRcILkesiZli0xHZQ_ts_oUrqZfn_Nrucxmn5pD880cNFEsYZTsKhxsCRD3ipc7AwQf5kKZUqt&_nc_ohc=induPoWtVhwQ7kNvwEdfxcL&_nc_gid=7JEe3rsmchzIQdiS52FjZw&edm=ADp7STQBAAAA&ccb=7-5&oh=00_AQDG_HO1fHNCfxHIu_gIjK96SbNczpVvDPs8zDuekThZ-A&oe=6A67E9D7&_nc_sid=c6f216,False
https://www.instagram.com/mkbhd,20806,196,2026-04-23T15:01:18.000Z,Video,Bring back transparent tech. @ridge,https://www.instagram.com/p/DXenfPIDzRn/,DXenfPIDzRn,https://instagram.fagc1-1.fna.fbcdn.net/v/t51.71878-15/671817183_1577295126705838_8162185347064354509_n.jpg?stp=dst-jpg_e15_tt6&_nc_ht=instagram.fagc1-1.fna.fbcdn.net&_nc_cat=110&_nc_oc=Q6cZ2gHAim0GX1DZ6zddovfmPU5Si67jcsyFS43EKN6i6fvPSeLn-tn-WdCNEfKhbr0yFmlBLToAW9m3w2V55AD1VPZ4&_nc_ohc=pVFpAPiDOCQQ7kNvwGGlTnN&_nc_gid=7rRNd2BgkgaMDQNA2XqFkg&edm=ADp7STQBAAAA&ccb=7-5&oh=00_AQA7CSqpS6T8ZKMeaVoY__2D0ZteTSkLWZgWVg72NEiT4w&oe=6A67ED39&_nc_sid=c6f216,False
https://www.instagram.com/mkbhd,80297,1403,2026-03-30T16:41:22.000Z,Video,Every iPhone Ever vs LOW light,https://www.instagram.com/p/DWhABdcifj9/,DWhABdcifj9,https://scontent-dfw6-1.cdninstagram.com/v/t51.71878-15/656818952_1245060604471526_6547002745936039504_n.jpg?stp=dst-jpg_e15_tt6&_nc_ht=scontent-dfw6-1.cdninstagram.com&_nc_cat=102&_nc_oc=Q6cZ2gE_aepp_pTp-cCHvuaX_FU-wMW-qvowJGhj-FGMiR9zAoLrke85YZHPbtASuUo6xe0&_nc_ohc=Qfn5Dp3PeqAQ7kNvwEEMbJ8&_nc_gid=mnHqjMRR8f2JuvQuKMo2ew&edm=ADp7STQBAAAA&ccb=7-5&oh=00_AQAzmb9QG0fnb20H3OjBcJPl5peTsWSVxpRsyxVRas8uuQ&oe=6A67EBD4&_nc_sid=c6f216,False
https://www.instagram.com/mkbhd,387489,6068,2026-03-27T20:08:10.000Z,Video,Every iPhone. Same photo.,https://www.instagram.com/p/DWZpR1vD01U/,DWZpR1vD01U,https://scontent-hou1-1.cdninstagram.com/v/t51.71878-15/658480042_1639323217382091_264661335521254340_n.jpg?stp=dst-jpg_e15_tt6&_nc_ht=scontent-hou1-1.cdninstagram.com&_nc_cat=103&_nc_oc=Q6cZ2gFvhcMtdyHNB-nmL7UV_HeTvMPljNWgAdMM1NjLst0zgHlj3qQse353KkDUfM9GBf0&_nc_ohc=pbJE84Xq6jEQ7kNvwEkqyhL&_nc_gid=vifcBGDjQgBGzfSAYkLNPA&edm=ADp7STQBAAAA&ccb=7-5&oh=00_AQAMVF-9V-NUcW811ZUHdV-dFgVUISi9gY9dzcK1_FHp-w&oe=6A67FCA9&_nc_sid=c6f216,False
https://www.instagram.com/mkbhd,16484,220,2026-03-23T17:44:52.000Z,Sidecar,"Colors in tech 🙌🏾 (If you know, you know) New sticker pack at link in bio",https://www.instagram.com/p/DWPF0weFHQD/,DWPF0weFHQD,https://scontent-ord5-1.cdninstagram.com/v/t51.82787-15/656245571_18575995561015447_3666251220674919796_n.jpg?stp=dst-jpg_e35_tt6&_nc_cat=106&ig_cache_key=Mzg1OTMyODc3ODg5NjY5MDg3MQ%3D%3D.3-ccb7-5&ccb=7-5&_nc_sid=58cdad&efg=eyJ2ZW5jb2RlX3RhZyI6IkNBUk9VU0VMX0lURU0ueHBpZHMuMTQ0MC5zZHIucmVndWxhcl9waG90by5DMyJ9&_nc_ohc=0w0E9tRpMZUQ7kNvwFm0NtM&_nc_oc=AdpWvXv7uP8LGbgrst_p38zlzDCS5Y3QuxEGjIi4ikcsslVB9EoJVJbEABzXKRqsZOw&_nc_zt=23&_nc_ht=scontent-ord5-1.cdninstagram.com&_nc_gid=TclShNgK5CeCEyMG5QfHYQ&_nc_ss=72a8c&oh=00_AQB2rJ71d6cbUtheTXveUTR-g3Cyr0pFQoOUyuozn7Y7ag&oe=6A67E762,False
https://www.instagram.com/mkbhd,12007,110,2026-03-13T12:24:54.000Z,Sidecar,"The many faces of Marques Brownlee and his pulls 🎭

Brownlee enters the 2026 season as the league’s all-time leader in pulls with 1157 over his 115 game career. 

📸 Evan Bernstein, Daniel Cohen, Jen Voce Nelson",https://www.instagram.com/p/DV0xQcIjT0S/,DV0xQcIjT0S,https://scontent-phl2-1.cdninstagram.com/v/t51.82787-15/652549035_18593909767003783_7825399060170225998_n.jpg?stp=dst-jpg_e35_tt6&_nc_cat=109&ig_cache_key=Mzg1MTkxODg0Nzc4ODI2MzE3OA%3D%3D.3-ccb7-5&ccb=7-5&_nc_sid=58cdad&efg=eyJ2ZW5jb2RlX3RhZyI6IkNBUk9VU0VMX0lURU0ueHBpZHMuMTQ0MC5zZHIucmVndWxhcl9waG90by5DMyJ9&_nc_ohc=CZ5MU6VyAWMQ7kNvwGhNyat&_nc_oc=AdpaIz-wnvm8GgrhWP826OcpsaJTcAnVhE57vcKwzchcu7s6eIsf8d6OuLJSrDLy8dE&_nc_zt=23&_nc_ht=scontent-phl2-1.cdninstagram.com&_nc_gid=ZiIPD1CMEV6la8sM2kmLPA&_nc_ss=72289&oh=00_AQD7vV8F8VcmorU56K8PHDQT6rUElou50dHCsuiwQieffQ&oe=6A67DE33,False
https://www.instagram.com/mkbhd,27560,168,2026-03-12T15:09:27.000Z,Video,Rivian R2 Easter Egg maxing,https://www.instagram.com/p/DVyfLIiDTxW/,DVyfLIiDTxW,https://scontent-iad3-1.cdninstagram.com/v/t51.71878-15/650038102_2179854346093522_7015691075329991493_n.jpg?stp=dst-jpg_e15_tt6&_nc_ht=scontent-iad3-1.cdninstagram.com&_nc_cat=110&_nc_oc=Q6cZ2gEwx8eunLmButpcRjf3IIac7cGbFOthX2Tm7kpjbLdXB6JC7MImpxMEj00kD6e-gxs&_nc_ohc=sao-rrsS2fsQ7kNvwGQjxKA&_nc_gid=7R1a1DlZ-2C09HXFoN0i1g&edm=ADp7STQBAAAA&ccb=7-5&oh=00_AQBrswF-mapCT6zrDvxErriVVDu-GiDYYh9XcRGqogN-Bw&oe=6A67D640&_nc_sid=c6f216,False
https://www.instagram.com/mrwhosetheboss,96288,205,2026-06-30T12:30:16.000Z,Video,Imagine showering with that thing 💀,https://www.instagram.com/p/DaNcZ2msmdB/,DaNcZ2msmdB,https://scontent-lga3-3.cdninstagram.com/v/t51.82787-15/731059059_18568431166071107_6435211793702877273_n.jpg?stp=dst-jpg_e15_tt6&_nc_cat=108&ig_cache_key=MzkzMDkyMjk3MTY4NDgyNDg5NzE4NTY4NDMxMTYwMDcxMTA3.3-ccb7-5&ccb=7-5&_nc_sid=58cdad&efg=eyJ2ZW5jb2RlX3RhZyI6IkNMSVBTLnhwaWRzLjEyMTUuc2RyLnZpZGVvX2RlZmF1bHRfY292ZXJfZnJhbWUuQzMifQ%3D%3D&_nc_ohc=zB3JDdP2ToMQ7kNvwEkuFr_&_nc_oc=AdqoCLwDvGGsEaJdWnYdxeg3QuKm8jHJcF5b_XKBZVsIuFtTZP9EUU5UYbA-JoqwUmeBXwkoDHOh_Av9kk0UUed0&_nc_zt=23&_nc_ht=scontent-lga3-3.cdninstagram.com&_nc_gid=BTxGSvoAXzL_qKBuriv06Q&_nc_ss=72a8c&oh=00_AQDy7spujLi2LZpd7KO__HJuW5u1h-GmCRRqVpVZji4irQ&oe=6A67C8EC,False
https://www.instagram.com/mrwhosetheboss,25389,233,2026-06-25T12:23:50.000Z,Video,Can your iPhone see the back of your head?,https://www.instagram.com/p/DaAiDWosNiv/,DaAiDWosNiv,https://scontent-hou1-1.cdninstagram.com/v/t51.82787-15/730608578_18567014734071107_872647352694118904_n.jpg?stp=dst-jpg_e15_tt6&_nc_cat=109&ig_cache_key=MzkyNzI4ODYzOTExMTg3ODgzMTE4NTY3MDE0NzI4MDcxMTA3.3-ccb7-5&ccb=7-5&_nc_sid=58cdad&efg=eyJ2ZW5jb2RlX3RhZyI6IkNMSVBTLnhwaWRzLjEyMTUuc2RyLnZpZGVvX2RlZmF1bHRfY292ZXJfZnJhbWUuQzMifQ%3D%3D&_nc_ohc=JVFFZlWR3EMQ7kNvwH7KEkq&_nc_oc=AdrMLhh-FG0uEShHj7FQvu9oA_Gpz2sWAMlAjKeyJXWbklD4f05aDeki7vKymD8EC_Z-dyB3lDITojS9gAT3mZuI&_nc_zt=23&_nc_ht=scontent-hou1-1.cdninstagram.com&_nc_gid=P4n76r0D70Aq_A1fyXN8Mg&_nc_ss=72689&oh=00_AQCMuVlGWDQplXV7q1L2R9AtDfeRhRIipvw_1Ngd-_ojJg&oe=6A67D335,False
https://www.instagram.com/mrwhosetheboss,30204,166,2026-06-13T13:15:09.000Z,Video,"I’m kind of impressed, kind of horrified #ios27 #appleintelligence #siri",https://www.instagram.com/p/DZhvT-AsShU/,DZhvT-AsShU,https://scontent-lga3-1.cdninstagram.com/v/t51.71878-15/719851960_2078105606460837_7740110448025166989_n.jpg?stp=dst-jpg_e15_tt6&_nc_cat=103&ig_cache_key=MzkxODYyMTIzMTIyODcyNTMzMg%3D%3D.3-ccb7-5&ccb=7-5&_nc_sid=58cdad&efg=eyJ2ZW5jb2RlX3RhZyI6IkNMSVBTLnhwaWRzLjY0MC5zZHIudmlkZW9fbmZyYW1lX2NvdmVyX2ZyYW1lLkMzIn0%3D&_nc_ohc=ZD86wpI1DqEQ7kNvwFoiGJ9&_nc_oc=Adqe5F3DwD-hGGCcYWAs3Zt-gbyezzt01MGESampZMWLATT2K830xA5pWu8ANdB8dgQzLxsAdJwHcP_uocQwN2Oo&_nc_zt=23&_nc_ht=scontent-lga3-1.cdninstagram.com&_nc_gid=cUbLnm5TVwzTSsUvE1NDLg&_nc_ss=72689&oh=00_AQC_Mmyp60jeq1O7wWcWT2GXT1pmP1NIpyTYtqvNhPKZOw&oe=6A67D2CC,False
https://www.instagram.com/mrwhosetheboss,27592,201,2026-06-11T11:01:31.000Z,Video,The touchscreen MacBook is weird,https://www.instagram.com/p/DZcWGe9sNXy/,DZcWGe9sNXy,https://scontent-dfw6-2.cdninstagram.com/v/t51.82787-15/721735611_18563373136071107_978502772938931352_n.jpg?stp=dst-jpg_e15_tt6&_nc_cat=109&ig_cache_key=MzkxNzEwMjk3ODQ5Mjg0NzYwMjE4NTYzMzczMTMzMDcxMTA3.3-ccb7-5&ccb=7-5&_nc_sid=58cdad&efg=eyJ2ZW5jb2RlX3RhZyI6IkNMSVBTLnhwaWRzLjEyMTUuc2RyLnZpZGVvX2RlZmF1bHRfY292ZXJfZnJhbWUuQzMifQ%3D%3D&_nc_ohc=Y90-fgVRro8Q7kNvwFQlzxI&_nc_oc=AdqVT0Z2pDzNEKEusMAidvx5OcjO7V9u-dZj1DBWOazm2JCtXTP0qvOODT6cjKmp8rE&_nc_zt=23&_nc_ht=scontent-dfw6-2.cdninstagram.com&_nc_gid=T7JZlfddezZu5Oi1LMJqTg&_nc_ss=72689&oh=00_AQC350xyR5emjQEFaVUepG1yX7Sipd5HB1PLm86gbbV9hA&oe=6A67F3B5,False
https://www.instagram.com/mrwhosetheboss,42012,540,2026-05-20T10:41:51.000Z,Video,"I switched my iPhone to an Oppo Find X9 Ultra for one holiday, and it’s made me question things…",https://www.instagram.com/p/DYjqk3YMapt/,DYjqk3YMapt,https://instagram.fosu2-2.fna.fbcdn.net/v/t51.71878-15/703613196_2177012029766286_7254717012615959621_n.jpg?stp=dst-jpg_e15_tt6&_nc_cat=108&ig_cache_key=MzkwMTE0ODk1MzU0OTMxODc2NQ%3D%3D.3-ccb7-5&ccb=7-5&_nc_sid=58cdad&efg=eyJ2ZW5jb2RlX3RhZyI6IkNMSVBTLnhwaWRzLjY0MC5zZHIudmlkZW9fbmZyYW1lX2NvdmVyX2ZyYW1lLkMzIn0%3D&_nc_ohc=DRF5ixkw9HoQ7kNvwFvLen_&_nc_oc=AdpG1q6qWbNjCc_dtdIotMLnwlhXFM_kodg6CZ41iF0esqChJnrCYRkVD29qThlQb-ZMRogKSCa-yjBtt-dfn7HN&_nc_zt=23&_nc_ht=instagram.fosu2-2.fna&_nc_gid=Y3JY2ASC42A6-sROTOyb1A&_nc_ss=7d689&oh=00_AQCJemqe6ctO5xg5JsKvXSIQCKFCMyH1ujtnjUthXAXWsQ&oe=6A67D899,False
https://www.instagram.com/mrwhosetheboss,48757,211,2026-05-06T10:47:41.000Z,Video,Attention to detail on iPhones is crazy 🤯,https://www.instagram.com/p/DX_o2Svs2AS/,DX_o2Svs2AS,https://scontent-atl3-3.cdninstagram.com/v/t51.82787-15/684694065_18554744992071107_4031107168024979652_n.jpg?stp=dst-jpg_e15_tt6&_nc_cat=111&ig_cache_key=Mzg5MTAwODI1NTkxMTIyMzMxNDE4NTU0NzQ0OTg2MDcxMTA3.3-ccb7-5&ccb=7-5&_nc_sid=58cdad&efg=eyJ2ZW5jb2RlX3RhZyI6IkNMSVBTLnhwaWRzLjEyMTUuc2RyLnZpZGVvX2RlZmF1bHRfY292ZXJfZnJhbWUuQzMifQ%3D%3D&_nc_ohc=4HR2MqzyVRQQ7kNvwGsnpkY&_nc_oc=AdrDcmVmTKaNJt00QWgLB79bKVMklhzdzm80xitFqs6uRvdn0Dkay9CDxHGlxJHTgbg&_nc_zt=23&_nc_ht=scontent-atl3-3.cdninstagram.com&_nc_gid=SSIUxpphTy1WDsWJryNiAQ&_nc_ss=70a8c&oh=00_AQClxkW4mxuLyByy-dNmQcSEhB_h9DqBfjGzd84mqVnLyQ&oe=6A67E7E0,False
https://www.instagram.com/mrwhosetheboss,211366,389,2026-04-27T11:57:52.000Z,Video,I compared every smartwatch at the @sidemen Charity Match,https://www.instagram.com/p/DXolWNbDFwg/,DXolWNbDFwg,https://scontent-lga3-3.cdninstagram.com/v/t51.82787-15/683668123_18552634870071107_6172189143643489887_n.jpg?stp=dst-jpg_e15_tt6&_nc_cat=102&ig_cache_key=Mzg4NDUxODkzMjU2ODg5MDQwMDE4NTUyNjM0ODY3MDcxMTA3.3-ccb7-5&ccb=7-5&_nc_sid=58cdad&efg=eyJ2ZW5jb2RlX3RhZyI6IkNMSVBTLnhwaWRzLjEyMTUuc2RyLnZpZGVvX2RlZmF1bHRfY292ZXJfZnJhbWUuQzMifQ%3D%3D&_nc_ohc=J3UYMzccwuMQ7kNvwG7Qfac&_nc_oc=Adryk1jC-6hKH81XzuwaKsa0wHcEnHU_Fdf1c2DucnEDtAU88kKaItF1x6mbdQe_ieU&_nc_zt=23&_nc_ht=scontent-lga3-3.cdninstagram.com&_nc_gid=OC-6In4SiWK_JnO1scIv5Q&_nc_ss=7ca8c&oh=00_AQDa2O0UgK6UXiWUrImORgZrfFXdM8HUQ-kWagrPS7wt9g&oe=6A67DB56,False
https://www.instagram.com/mrwhosetheboss,157232,705,2026-04-19T10:02:06.000Z,Video,Highlight of my LIFE ❤️,https://www.instagram.com/p/DXTyMcmDB4o/,DXTyMcmDB4o,https://instagram.ftpa1-2.fna.fbcdn.net/v/t51.71878-15/670424371_1636800244249424_4642642863737038806_n.jpg?stp=dst-jpg_e15_tt6&_nc_cat=102&ig_cache_key=Mzg3ODY2NDQ2MTc1ODUwNDQ4OA%3D%3D.3-ccb7-5&ccb=7-5&_nc_sid=58cdad&efg=eyJ2ZW5jb2RlX3RhZyI6IkNMSVBTLnhwaWRzLjY0MC5zZHIudmlkZW9fbmZyYW1lX2NvdmVyX2ZyYW1lLkMzIn0%3D&_nc_ohc=deYXmZXwPZQQ7kNvwHuSPi9&_nc_oc=AdpU5erPlgBa3DDHZ_zj-sY0U9KNKCFMIM1ukDt20_OFqPbu4OnPhciTDS0RYfyCBxdIwrlczHigEjGanW2jYLoj&_nc_zt=23&_nc_ht=instagram.ftpa1-2.fna&_nc_gid=9LhS5VJtJutrr1Vy95l0RA&_nc_ss=72689&oh=00_AQDEo51OkgzxOHj2s4ax2vR4zWpeJzp-_faUsM986xvgYg&oe=6A67EFE6,False
https://www.instagram.com/mrwhosetheboss,143454,548,2026-04-18T18:07:55.000Z,Image,SCORED THE WINNING PENALTY AT WEMBLEY 🫡. 3 months of grind actually paid off,https://www.instagram.com/p/DXSE9BNjP03/,DXSE9BNjP03,https://scontent-iad3-2.cdninstagram.com/v/t51.82787-15/671274313_18550684795071107_446284239220365129_n.jpg?stp=dst-jpg_e35_tt6&_nc_cat=103&ig_cache_key=Mzg3ODE4NDAxNDQ5NDYyOTE3NQ%3D%3D.3-ccb7-5&ccb=7-5&_nc_sid=58cdad&efg=eyJ2ZW5jb2RlX3RhZyI6IkZFRUQueHBpZHMuMTQ0MC5zZHIucmVndWxhcl9waG90by5DMyJ9&_nc_ohc=cfwCS5QQ2dYQ7kNvwGpi4lH&_nc_oc=AdqxZwo64YsT5RwijNpAMG-hY213PwjDgZAxM_da9CZfZfYtZvAjSfHQg5ssBK7nUHLKbj99mew4vID3bcHKem0R&_nc_zt=23&_nc_ht=scontent-iad3-2.cdninstagram.com&_nc_gid=bgsR6hb36wGFqzts5K8ntg&_nc_ss=72689&oh=00_AQCdEvw-VV1eXaB98NSHWFG4jiZi0DiuVnbmVznwsLbLPQ&oe=6A67FACE,False
https://www.instagram.com/mrwhosetheboss,66574,617,2026-04-16T11:22:33.000Z,Image,A lot can change in just 3 months - 84.6kg to 72.2kg 👀,https://www.instagram.com/p/DXMMx1SjBvO/,DXMMx1SjBvO,https://scontent-hou1-1.cdninstagram.com/v/t51.82787-15/671057974_18550192792071107_6111954826762700664_n.jpg?stp=dst-jpg_e35_p1080x1080_sh2.08_tt6&_nc_ht=scontent-hou1-1.cdninstagram.com&_nc_cat=111&_nc_oc=Q6cZ2gHwKiYL27byDZ9vnMBuJ7gjsosKq7XBHw5Extr__e2-ITzvSaafxTEw-PKI1oAxdKw_1iDNbU7nH0ERiaFMK9KE&_nc_ohc=upiWrZJTqSIQ7kNvwHlPCOL&_nc_gid=iMl1VaDrLJisbYJULIpdVw&edm=ADp7STQBAAAA&ccb=7-5&oh=00_AQBHbaNubFCG7Z62r-sLnWkqH1XvWzICxku2PoqXzP4_Lg&oe=6A67F67D&_nc_sid=c6f216,False
https://www.instagram.com/mrwhosetheboss,340440,9132,2026-04-15T12:11:45.000Z,Video,We’ve been working on something big 👀,https://www.instagram.com/p/DXJtz-ejOeZ/,DXJtz-ejOeZ,https://scontent-atl3-2.cdninstagram.com/v/t51.71878-15/670621126_1390770356151844_3421548759695250343_n.jpg?stp=dst-jpg_e15_tt6&_nc_cat=101&ig_cache_key=Mzg3NTgzMDQzODE5OTg3OTU3Nw%3D%3D.3-ccb7-5&ccb=7-5&_nc_sid=58cdad&efg=eyJ2ZW5jb2RlX3RhZyI6IkNMSVBTLnhwaWRzLjY0MC5zZHIudmlkZW9fbmZyYW1lX2NvdmVyX2ZyYW1lLkMzIn0%3D&_nc_ohc=EjLHSN58DVoQ7kNvwEsLbbW&_nc_oc=AdpAJuHU1DykgA_o8_cKPPIfQvIJfru6-ang1VorAwN3LFKIbNq8re8RiSfNAp62Zi4&_nc_zt=23&_nc_ht=scontent-atl3-2.cdninstagram.com&_nc_gid=AFmloXGi-Y6LvrKlAMJSlw&_nc_ss=7ca8c&oh=00_AQBzqJVI5GwNVBgC-go04P2x4e09Is2iS7RCCGXfv7-bsg&oe=6A67F811,False
https://www.instagram.com/mrwhosetheboss,6375,60,2026-04-10T13:28:10.000Z,Video,Dream come true 🥹 @makeawishuk,https://www.instagram.com/p/DW89tUbDJAM/,DW89tUbDJAM,https://scontent-ord5-1.cdninstagram.com/v/t51.71878-15/669692343_1246828510900152_5171743471194963184_n.jpg?stp=dst-jpg_e15_tt6&_nc_cat=110&ig_cache_key=Mzg3MjI0MTE3NDc3NDA1OTAyMA%3D%3D.3-ccb7-5&ccb=7-5&_nc_sid=58cdad&efg=eyJ2ZW5jb2RlX3RhZyI6IkNMSVBTLnhwaWRzLjY0MC5zZHIudmlkZW9fbmZyYW1lX2NvdmVyX2ZyYW1lLkMzIn0%3D&_nc_ohc=iTmxZPavvs8Q7kNvwFIKs1Q&_nc_oc=AdqonkQePalbmoGZBBl30hChqknNWUnhOS5_4JtD__qacGYB35xXly_5F-45wH2R7SY&_nc_zt=23&_nc_ht=scontent-ord5-1.cdninstagram.com&_nc_gid=u-H7Uq0mCaHqBY4JIkdFkw&_nc_ss=7da8c&oh=00_AQCNudf2nbAOFwkfeYZL_ZpKbVoYWTFo5dt1FEhAXDDKVw&oe=6A67E318,False
https://www.instagram.com/mrwhosetheboss,21498,154,2026-03-31T11:57:20.000Z,Video,60 days into my Body Transformation 👀,https://www.instagram.com/p/DWjDIw7DKsL/,DWjDIw7DKsL,https://scontent-bos5-1.cdninstagram.com/v/t51.71878-15/658212585_774460219077815_5124739568492364891_n.jpg?stp=dst-jpg_e15_tt6&_nc_cat=108&ig_cache_key=Mzg2NDk0NjcwMTYzOTY1ODI1MQ%3D%3D.3-ccb7-5&ccb=7-5&_nc_sid=58cdad&efg=eyJ2ZW5jb2RlX3RhZyI6IkNMSVBTLnhwaWRzLjY0MC5zZHIudmlkZW9fbmZyYW1lX2NvdmVyX2ZyYW1lLkMzIn0%3D&_nc_ohc=Hj5emEr22-EQ7kNvwH9SS8Q&_nc_oc=AdpMRoLBYrbL8ioaUMefBZWCIUOtrDqh0KigkoAhRj9MRaBQjycAGgNbjtZUyE87eaM&_nc_zt=23&_nc_ht=scontent-bos5-1.cdninstagram.com&_nc_gid=QB-ipDtJ-2tWBu6XSWr_kQ&_nc_ss=7ca8c&oh=00_AQABoZgUdXU7cwOnF_t3_ru3CUNY2Fr7QBb2LdHZmDZS6g&oe=6A67D95F,False
https://www.instagram.com/mrwhosetheboss,48254,229,2026-03-20T14:04:55.000Z,Video,30 days into my Body Transformation 👀,https://www.instagram.com/p/DWG9qC-jDuc/,DWG9qC-jDuc,https://scontent-iad6-1.cdninstagram.com/v/t51.71878-15/654381110_1599981098000610_692454456780400653_n.jpg?stp=dst-jpg_e15_tt6&_nc_cat=106&ig_cache_key=Mzg1NzA0MTMwMTE0MTQ3MDEwOA%3D%3D.3-ccb7-5&ccb=7-5&_nc_sid=58cdad&_nc_aid=0&efg=eyJ2ZW5jb2RlX3RhZyI6IkNMSVBTLnhwaWRzLjY0MC5zZHIudmlkZW9fbmZyYW1lX2NvdmVyX2ZyYW1lLkMzIn0%3D&_nc_ohc=77JUX32FaosQ7kNvwEgqLJS&_nc_oc=AdpHOFUq-hdYFiCUO1HzzBVlmMDFUsebznZP2M5ZL8ApC43oqQHJe8j4P_L8kj0ktn84yTMpLnO4LxgZj_k--T8_&_nc_zt=23&_nc_ht=scontent-iad6-1.cdninstagram.com&_nc_gid=4rFR6OiXYW1HobYr-h_FJA&_nc_ss=72689&oh=00_AQDv8oaD9-3Tj5532bx8SIExTyEMdPTBEjnF0aSlcVTh5g&oe=6A67CA29,False
https://www.instagram.com/mrwhosetheboss,69996,230,2026-03-18T11:26:54.000Z,Video,Can we finally humble @ksi?,https://www.instagram.com/p/DWBimB_DPcI/,DWBimB_DPcI,https://scontent-mia5-1.cdninstagram.com/v/t51.82787-15/654617354_18543073312071107_7279439344975613903_n.jpg?stp=dst-jpg_e15_tt6&_nc_cat=101&ig_cache_key=Mzg1NTUxNDkwMzA1ODkwNDg0MDE4NTQzMDczMzA5MDcxMTA3.3-ccb7-5&ccb=7-5&_nc_sid=58cdad&efg=eyJ2ZW5jb2RlX3RhZyI6IkNMSVBTLnhwaWRzLjIxNjAuc2RyLnZpZGVvX2RlZmF1bHRfY292ZXJfZnJhbWUuQzMifQ%3D%3D&_nc_ohc=sJH_siCFaioQ7kNvwGIVmDB&_nc_oc=AdolzfnWlvA6HRkqlOSQ5l-VfWazAK8YFMQkVSahqeaa8nEQtKERpYGJecYgWXSwqQmPD4ZHbgHvaqQD1915G2Il&_nc_zt=23&_nc_ht=scontent-mia5-1.cdninstagram.com&_nc_gid=V2WNaXXXz-kQXdvbJbrWxQ&_nc_ss=7c689&oh=00_AQC4mw7tIF3NIh8vAuhffDrdal6N8VPAvtJ2RIxRKYu8LA&oe=6A67F980,False
https://www.instagram.com/unboxtherapy,1969,22,2026-07-03T15:19:55.000Z,Video,"If you’ve ever thought about building your own product, now’s a great time to take that idea a step further. Alibaba.com’s CoCreate Pitch 2026 is giving entrepreneurs, startups, students, and small businesses the opportunity to compete for a $1M+ prize pool, with every live finalist guaranteed at least $10,000. Links in bio for more details 👀 Learn more about the competition and see how Accio Work can help bring your ideas to life. #CoCreatePitch #AccioWork #Alibaba.com",https://www.instagram.com/p/DaVeIqCOfGo/,DaVeIqCOfGo,https://scontent-ord5-1.cdninstagram.com/v/t51.82787-15/730837142_18608884861060148_1432978054996998323_n.jpg?stp=dst-jpg_e15_tt6&_nc_ht=scontent-ord5-1.cdninstagram.com&_nc_cat=108&_nc_oc=Q6cZ2gGoqonPxtd-3yyoGgKaiVlH94mkcdyHrkj9oU8_ck59s8YPRb61lXto-5f_GpXNqPIG_IGo6xnN3Dx7685PO9yI&_nc_ohc=KV7hcEKyhScQ7kNvwEGBdc_&_nc_gid=g_Bq2bl3m2S2vc81ZiwhNw&edm=ADp7STQBAAAA&ccb=7-5&oh=00_AQDkMw1zADzOVhT-MIbdke6kDFZDx-hh9gYgmAuQ9P0y6A&oe=6A67F221&_nc_sid=c6f216,False
https://www.instagram.com/unboxtherapy,14564,70,2026-06-24T15:58:25.000Z,Video,"Meet the HBADA E3 PRO 2026 Edition, the best ergonomic chair for under $500. Use Code: UNBOX555 (5% off) Link in Bio @hbada_official #HBADA #HBADAE32026 #officechair #bestchair #ergonomicchair partner Thanks to HBADA for partnering on this video",https://www.instagram.com/p/DZ-XKpMuOEE/,DZ-XKpMuOEE,https://scontent-sea5-1.cdninstagram.com/v/t51.82787-15/729995913_18605748025060148_537391074610199218_n.jpg?stp=dst-jpg_e15_tt6&_nc_ht=scontent-sea5-1.cdninstagram.com&_nc_cat=108&_nc_oc=Q6cZ2gFTxJmEcd6MvbzynJlko9MKQL234tgRkHJrDO9bccKL4x3AnpHKP_SXKCaeHbZEpGvl3R0X6t0Q__JQYMCVmHZR&_nc_ohc=gD5lqke0sPgQ7kNvwF5qOJg&_nc_gid=q1y-b7Mo-gq_7y-obH3gcw&edm=ADp7STQBAAAA&ccb=7-5&oh=00_AQAnEzoAtYcm4gWlXUlcctWaOXSIyoI3TOwLxNLoi6apZQ&oe=6A67D85C&_nc_sid=c6f216,False
https://www.instagram.com/unboxtherapy,2889,22,2026-06-23T18:16:17.000Z,Video,The Impossible Earbuds… Link in bio @soundcoreaudio #soundcore #AeroFit2Pro #2in1Earbuds #Openearearbuds #OpenEarbudsWithANC,https://www.instagram.com/p/DZ8CMOtOgCm/,DZ8CMOtOgCm,https://scontent-sea5-1.cdninstagram.com/v/t51.82787-15/729869215_18605461573060148_6038537644650300041_n.jpg?stp=dst-jpg_e15_tt6&_nc_ht=scontent-sea5-1.cdninstagram.com&_nc_cat=108&_nc_oc=Q6cZ2gGcJSo5XrvpwTBKCpbMEaFP4itsW1xEhhnwhDPT_gWq2aEWzSc-qj4gAUqXT84f0mM&_nc_ohc=s1rLEj_EKeUQ7kNvwE483SY&_nc_gid=WHPR0hAVKGWbwzvmRXODhg&edm=ADp7STQBAAAA&ccb=7-5&oh=00_AQDV_Xy274eWXEb_zToANjStk6o6q2GNxkxQKsDDWCck2Q&oe=6A67D326&_nc_sid=c6f216,False
https://www.instagram.com/unboxtherapy,2706,15,2026-06-14T14:14:49.000Z,Video,Designed for Sleeping... 😴 Save $$$ on Prime Day (June 23–26) $40 OFF on @soundcoreaudio Sleep A30 Special! with link in Bio!  #SleepA30Special #soundcoresleepearbuds #soundcore,https://www.instagram.com/p/DZkbiD3OtrC/,DZkbiD3OtrC,https://scontent-lga3-1.cdninstagram.com/v/t51.71878-15/723510064_2263101630892299_1193310773869628799_n.jpg?stp=dst-jpg_e15_tt6&_nc_ht=scontent-lga3-1.cdninstagram.com&_nc_cat=103&_nc_oc=Q6cZ2gFUzDRzhtcyCB7zxkhXkY_b7E617Fo5zrnc686TBeoQ81yTmAIROjjwoWk_I3vRomFOPcr2JHr1oge-51Vm5kI6&_nc_ohc=ca0yA_IL-qcQ7kNvwEd0uiJ&_nc_gid=S7-u5Pb2V3opSIikcQQM3A&edm=ADp7STQBAAAA&ccb=7-5&oh=00_AQAaSfLZ6jja2o_DB86EyDcE9JRMAG5okRzI6L2LW6vJ3w&oe=6A67EA58&_nc_sid=c6f216,False
https://www.instagram.com/unboxtherapy,7409,171,2026-06-12T15:01:05.000Z,Video,"The New Battery Monster from TECNO...
Check out the New TECNO POVA 8 5G, Link in Bio 👀
Full video coming soon. @tecnomobile 
#TECNO #TECNOMobile #POVA8Series #POVA85G #partner",https://www.instagram.com/p/DZfW8PnOFfH/,DZfW8PnOFfH,https://instagram.fcps4-1.fna.fbcdn.net/v/t51.82787-15/722666670_18601939135060148_3893174365565677417_n.jpg?stp=dst-jpg_e15_tt6&_nc_ht=instagram.fcps4-1.fna.fbcdn.net&_nc_cat=108&_nc_oc=Q6cZ2gGBzt8Te9qQYczv8gRbJAkL1AAV2SYameuyFu62j4tlJsEwEhgnvmqR_nNmNXTwISIqFRGcGaSCSy3LKAMeyUvM&_nc_ohc=gIytQmy0fkIQ7kNvwE-ZnAO&_nc_gid=YoCZKBAUPcf3qjCxYNc3ww&edm=ADp7STQBAAAA&ccb=7-5&oh=00_AQAccqTFbdHoSnuTyVE3QxoBBMdaRcEsbn09F-sk1-1kAg&oe=6A67FEE2&_nc_sid=c6f216,False
https://www.instagram.com/unboxtherapy,15054,89,2026-06-04T14:59:57.000Z,Video,"The Collexion 1000X...
A special unboxing from Sony
The Sony 1000X THE COLLEXION celebrates 10 years of the 1000X series, featuring premium materials, a new V3 processor, 12-microphone adaptive noise cancellation, and a luxury design inspired by the original MDR-1000X",https://www.instagram.com/p/DZKw1NvuDbj/,DZKw1NvuDbj,https://instagram.flas1-1.fna.fbcdn.net/v/t51.71878-15/715730309_1659602125264466_8440071126940824250_n.jpg?stp=dst-jpg_e15_tt6&_nc_ht=instagram.flas1-1.fna.fbcdn.net&_nc_cat=102&_nc_oc=Q6cZ2gH01TCxzDBOAsrddj1A6KxA6JhUH5dARTzt_xJ45M5y8ksS9NT-iZFJtpm_oi3MifDvXjc38mri9ni20pGUZnHX&_nc_ohc=kwJXuh58WE8Q7kNvwGinUnT&_nc_gid=SXSdf8njXr9y50QrZT1ICg&edm=ADp7STQBAAAA&ccb=7-5&oh=00_AQB1r-F_jxIm2TX_fNScxHs_3M9WLD06efgxicBsVCp4bA&oe=6A67F628&_nc_sid=c6f216,False
https://www.instagram.com/unboxtherapy,2777,11,2026-05-29T17:03:47.000Z,Video,"Optimize Your Listening Experience...Check out the LG Sound Suite AI, Link in Bio 👀 Thanks to @lg_global for partnering on this video #SurroundSoundSystem  #LGSoundSuite  #SoundSuite",https://www.instagram.com/p/DY7iNRZuK5L/,DY7iNRZuK5L,https://instagram.fhio2-2.fna.fbcdn.net/v/t51.71878-15/709821530_4011107982522343_6559134207721919516_n.jpg?stp=dst-jpg_e15_tt6&_nc_ht=instagram.fhio2-2.fna.fbcdn.net&_nc_cat=107&_nc_oc=Q6cZ2gFV9zUFPPMiiSqjaaiVRAWr3CXItWGxr1btL6tgOBjgcct4PG3dce1BMadG_NYQf71bOP1-Kw3utcvQSCffZkaK&_nc_ohc=3Tiocyp7-XcQ7kNvwHwHeb9&_nc_gid=5FiojABm60Yd8NG1KQ2QXQ&edm=ADp7STQBAAAA&ccb=7-5&oh=00_AQBiFK2t7aU7-_AF9fajKcQb0pLzffUVm9-_L9KiT4tbAw&oe=6A67D660&_nc_sid=c6f216,False
https://www.instagram.com/unboxtherapy,3160,49,2026-05-26T18:15:20.000Z,Video,"These guys do it differently...
Get $20 off your first order of Cometeer at https://cometeer.com/unboxtherapy or with the link in bio.
#coffee #cometeer #espresso #icedcoffee #partner @cometeer",https://www.instagram.com/p/DYz7-9dOp6I/,DYz7-9dOp6I,https://scontent-lax3-2.cdninstagram.com/v/t51.71878-15/708918746_1724883965355911_1740508682304147733_n.jpg?stp=dst-jpg_e15_tt6&_nc_ht=scontent-lax3-2.cdninstagram.com&_nc_cat=111&_nc_oc=Q6cZ2gGFF4GCUyd1mtH7A2EdGR-cRdhUnIHDqHVPplgGohdDfvsUU-B-cwc31PehyT3OvYg&_nc_ohc=kgdyreOPRysQ7kNvwGRwLUT&_nc_gid=MocQW8JMsq9rnXPaGVs9vA&edm=ADp7STQBAAAA&ccb=7-5&oh=00_AQByhp2-eWz2Cm4Auqi8yem0IjW2os9PR0swooydUVlTGw&oe=6A67DF3B&_nc_sid=c6f216,False
https://www.instagram.com/unboxtherapy,2732,27,2026-05-21T16:44:07.000Z,Video,"New OLED Tech...For Gamers
Check out LG Display’s New Tandem WOLED gaming monitors link in Bio 👀
Thanks to LG Display for partnering on this video. #TandemWOLED #gamingmonitor #WOLED",https://www.instagram.com/p/DYm5nNTu-A6/,DYm5nNTu-A6,https://scontent-atl3-1.cdninstagram.com/v/t51.71878-15/704608693_1527448929039234_1445901519268695008_n.jpg?stp=dst-jpg_e15_tt6&_nc_ht=scontent-atl3-1.cdninstagram.com&_nc_cat=106&_nc_oc=Q6cZ2gFaEUaiNDHRpcN_HHhh123KKUGXXXETa-TrkXeqBkT2Hg7t8du-Km7C6nEOn3a3NtI&_nc_ohc=z38Od19SsTMQ7kNvwF0xBTB&_nc_gid=DtBVtkosQzG9NaanjxDMAg&edm=ADp7STQBAAAA&ccb=7-5&oh=00_AQCwCu3o0gAQg3IPzJwP2BN-qz6nSaL27q67cgp1KNTh3Q&oe=6A67E161&_nc_sid=c6f216,False
https://www.instagram.com/unboxtherapy,8115,36,2026-05-19T16:40:27.000Z,Video,"The NEW DJI Osmo Mobile 8P Now comes with a detachable touchscreen remote called the Osmo FrameTap. 
Check out the DJI OSMO Mobile 8P, Link in Bio 👀
Thanks to @djiglobal for partnering on this video #dji #osmo #mobile",https://www.instagram.com/p/DYhvcVTuh54/,DYhvcVTuh54,https://scontent-den2-1.cdninstagram.com/v/t51.82787-15/702486852_18594684493060148_1270131971467356369_n.jpg?stp=dst-jpg_e15_tt6&_nc_ht=scontent-den2-1.cdninstagram.com&_nc_cat=108&_nc_oc=Q6cZ2gHHnYeI1yZbVS1b3pKcuM2num_bsdxW7E8cz4Rt9mgeNgYwl14XJOclCzuofG_S2ISHvgX8gcAPP5nVmcvoNwGb&_nc_ohc=cntL-pGvVWcQ7kNvwEA4rdb&_nc_gid=wY-g1J7DHUvJGWXXUx2avQ&edm=ADp7STQBAAAA&ccb=7-5&oh=00_AQB-4bsqdy94YiiyKpP0rBAeujh_8h5pzciJ6oeKcRNGFQ&oe=6A67D4BF&_nc_sid=c6f216,False
https://www.instagram.com/unboxtherapy,4513,16,2026-05-14T14:47:34.000Z,Video,"How Many Speakers Is Too Many?
Check out the LG Sound Suite AI, Link in Bio
Thanks to @lg_global for partnering on this video
#SurroundSoundSystem #LGSoundSuite #SoundSuite",https://www.instagram.com/p/DYUqiKdujA3/,DYUqiKdujA3,https://scontent-dfw6-2.cdninstagram.com/v/t51.82787-15/695757707_18593203339060148_2910017072425340917_n.jpg?stp=dst-jpg_e15_tt6&_nc_ht=scontent-dfw6-2.cdninstagram.com&_nc_cat=108&_nc_oc=Q6cZ2gEaP_D-RF5LCfgb2_tdJok1-t01l8LpZ__TwS1M2QgPsgzlczRO1rFpzZ4EeCJQeBo&_nc_ohc=c-aORHs4kT4Q7kNvwFWtMmG&_nc_gid=6zdAAh0x1Is-STGXUj6mww&edm=ADp7STQBAAAA&ccb=7-5&oh=00_AQCEX05AaRsEW_6UZWUaNT0HzrooyArryWiphrFdE29YgQ&oe=6A67E229&_nc_sid=c6f216,False
https://www.instagram.com/unboxtherapy,2123,13,2026-05-08T16:24:31.000Z,Video,"Optimize your Sleep 😴 Right now, Pod users can experience the new Sleep Agent - AI that explains your sleep in plain language every morning and adjusts your Pod automatically every night. It’s a new update in the app. Use my code UNBOXTHERAPY for up to $350 off the Pod 5 (Link in Bio 👀) 30 days to try it at home and return it if you don’t love it. But we’re confident you will Thanks to @eightsleep for partnering on this video #eightsleep #sleepagent #pod5 #AI",https://www.instagram.com/p/DYFY-KpONHH/,DYFY-KpONHH,https://scontent-det1-1.cdninstagram.com/v/t51.71878-15/684885053_4424860557799286_3683377807478844953_n.jpg?stp=dst-jpg_e15_tt6&_nc_ht=scontent-det1-1.cdninstagram.com&_nc_cat=102&_nc_oc=Q6cZ2gFITZfX8_higji0j6G4nvzzxyguINXIhzpWIjjPCX4xG65yWJjU2CP-62C1rK_Ylw4&_nc_ohc=VSYSP4PIvUQQ7kNvwHmPQRk&_nc_gid=fIIFcgPxIkRPsW7SqllyKw&edm=ADp7STQBAAAA&ccb=7-5&oh=00_AQB8tu80UT1i8lkw6BXY8h7N08LikXCZh_tXSZDI6QvIPw&oe=6A67D26D&_nc_sid=c6f216,False
https://www.instagram.com/unboxtherapy,33974,1132,2026-05-07T18:04:53.000Z,Video,iPhone ULTRA Fold early look. Go check the channel @unboxtherapy,https://www.instagram.com/p/DYC_xCtPJuE/,DYC_xCtPJuE,https://scontent-iad3-1.cdninstagram.com/v/t51.71878-15/685627814_2366751360512833_6710805638722573488_n.jpg?stp=dst-jpg_e15_tt6&_nc_ht=scontent-iad3-1.cdninstagram.com&_nc_cat=101&_nc_oc=Q6cZ2gHWbz8KVVgBV_PPPlB93lA5o35w6TkgWjvjM7c8IJLZSNWyMucufexIgj4wxzbpjh8&_nc_ohc=lWw-qpVBQRcQ7kNvwHmW-XW&_nc_gid=ZRMMSdbw1PHRXXY0je6a6A&edm=ADp7STQBAAAA&ccb=7-5&oh=00_AQBgW5FMq79RO-axuiUR9BQRE4XUMf3dHfPI7HpGnj74jg&oe=6A67EFD3&_nc_sid=c6f216,False
https://www.instagram.com/unboxtherapy,7633,61,2026-04-24T16:34:15.000Z,Video,"Meet The New DJI Lito & Lito X1 Drone...The Most beginner friendly, easy to use drone on the market...Link in Bio 👀
#dji #partner #djilito #djilitox1
Thanks to @djiglobal for partnering on this video",https://www.instagram.com/p/DXhWvRdDlGJ/,DXhWvRdDlGJ,https://scontent-iad3-1.cdninstagram.com/v/t51.82787-15/681284026_18587611978060148_8828494321385029490_n.jpg?stp=dst-jpg_e15_tt6&_nc_ht=scontent-iad3-1.cdninstagram.com&_nc_cat=108&_nc_oc=Q6cZ2gFz1a1-AORL6OiV705pGlyKie-wJjubAqaKrggq3E51Y9jNUliTq-7klktw6X_Cmjw&_nc_ohc=boVxeZYWneEQ7kNvwHHWQsm&_nc_gid=OjJFqLeaxtG48rUpacu-aQ&edm=ADp7STQBAAAA&ccb=7-5&oh=00_AQBgkBjZiG_4e4dqe64PciQCchTQJVWb-fqAFVMEoCLqFg&oe=6A67EF92&_nc_sid=c6f216,False
https://www.instagram.com/unboxtherapy,28926,629,2026-04-22T17:25:48.000Z,Video,"Giveaway🔥 follow @romoglobal and like this post for a chance to win a New DJI Romo P. Winner will be contacted through Instagram, good luck! Not Your Typical Design… Check out the new DJI ROMO P...Link in Bio 👀  Thanks to @romoglobal for partnering on this video #dji #romop #robot #cleaner",https://www.instagram.com/p/DXcS_NzjnKb/,DXcS_NzjnKb,https://instagram.fhnl3-1.fna.fbcdn.net/v/t51.71878-15/674436970_949546241050999_8677282681673547409_n.jpg?stp=dst-jpg_e15_tt6&_nc_ht=instagram.fhnl3-1.fna.fbcdn.net&_nc_cat=107&_nc_oc=Q6cZ2gGR4JI3rTtX5hvd2rrKy1w4FVbkhZK2S89FKiYKmfNG09OdRgBXl0YJRVCegXVPhMlaO3Kwp6pNgkCGg6RRXw7m&_nc_ohc=Ed43ukEcAzEQ7kNvwHpXRPW&_nc_gid=-g8rlY7rB1Hyc0qE-m-kgw&edm=ADp7STQBAAAA&ccb=7-5&oh=00_AQAbocaSDbmRLtn4ofjZUKcsFpRZ8ZDJuTbLaS0kNQlQHw&oe=6A67F711&_nc_sid=c6f216,False
https://www.instagram.com/ijustine,2232,94,2026-07-21T01:45:00.000Z,Video,I went to get my hair done and side quested too hard.. 🤣,https://www.instagram.com/p/DbCXNnHTrNK/,DbCXNnHTrNK,https://instagram.ftpa1-2.fna.fbcdn.net/v/t51.82787-15/753231560_18616674505000104_7495882987499468047_n.jpg?stp=dst-jpg_e15_fr_p1080x1080_tt6&_nc_ht=instagram.ftpa1-2.fna.fbcdn.net&_nc_cat=100&_nc_oc=Q6cZ2gENoJi3cbcn1l3hnmijRUBFOxBwF3ZA5NZ7K-RjJOVfs9Fo8J7KKH0L9b4V9Y-irbcWEOAMH8FcXS8PWBYV827A&_nc_ohc=J4ibDeMAOroQ7kNvwGop9i8&_nc_gid=qtudbGNC3uUgutBTe5hEwQ&edm=ADp7STQBAAAA&ccb=7-5&oh=00_AQChBXaNK8i2ELvU02_zvdZlOOWPfddQV4h9z9h_28sEOQ&oe=6A67EA94&_nc_sid=c6f216,False
https://www.instagram.com/ijustine,6764,93,2026-07-18T14:52:25.000Z,Video,What could this intervention possibly be about?!!!!!!,https://www.instagram.com/p/Da8DEH9tZ98/,Da8DEH9tZ98,https://scontent-atl3-1.cdninstagram.com/v/t51.82787-15/752466259_18615846475000104_2973769676258713523_n.jpg?stp=dst-jpg_e15_tt6&_nc_ht=scontent-atl3-1.cdninstagram.com&_nc_cat=100&_nc_oc=Q6cZ2gGIPiJFezsa9jSDTw6fE8VPUvCZhVzA6B7dRHW_Ye-YZtcemT3om6cJQnYyLhUOa_-IRh6Wn3w3BTXbRwljpyzt&_nc_ohc=D4TfffOiNsIQ7kNvwHwWLAX&_nc_gid=W9pLEP76SjuA-lcBNs_7gQ&edm=ADp7STQBAAAA&ccb=7-5&oh=00_AQDuDv11QUc25BVfLceLJaTPOIk_P1NVcyCdT7i7wQXD_A&oe=6A67EE0A&_nc_sid=c6f216,False
https://www.instagram.com/ijustine,10003,99,2026-07-07T08:37:52.000Z,Sidecar,"Wow being in London for The Odyssey premiere was incredible! Getting to see the first film fully shot on IMAX in IMAX with Christopher Nolan introducing it was so special!!!

The entire 3 hours I was just LIKE THIS: 👁️👁️😱🤯 THE ENTIRE TIME! I’m not even sure if I was breathing… 

CAN’T WAIT FOR YOU ALL TO SEE IT SOON!!! 🤎🐴",https://www.instagram.com/p/DafDfL6DqDB/,DafDfL6DqDB,https://instagram.ftol2-1.fna.fbcdn.net/v/t51.82787-15/733935611_18612419368000104_6114663551516469159_n.jpg?stp=dst-jpg_e35_tt6&_nc_cat=109&ig_cache_key=MzkzNTg3NDEyMTg0NTEyNDc3MQ%3D%3D.3-ccb7-5&ccb=7-5&_nc_sid=58cdad&_nc_aid=0&efg=eyJ2ZW5jb2RlX3RhZyI6IkNBUk9VU0VMX0lURU0ueHBpZHMuMzA3Mi5zZHIucmVndWxhcl9waG90by5DMyJ9&_nc_ohc=sRweLtCoS_8Q7kNvwHv6V2l&_nc_oc=AdrD0kQPdAIQ-aAs605EpKxL_K2pPh-kn5kap5YWs7DAOBKKvrfYl5FUdsp4EmHQPtA&_nc_zt=23&_nc_ht=instagram.ftol2-1.fna&_nc_gid=ZNeQTfLzfXjzsUb3TPGNow&_nc_ss=72a8c&oh=00_AQAkcCmLms-cZoI1Yql2mBAkmzRGb2XEHLbOWJ3WIezplQ&oe=6A67CF11,False
https://www.instagram.com/ijustine,7555,171,2026-07-02T20:03:47.000Z,Video,I’VE BEEN TRAINING MY ENTIRE LIFE FOR THIS MOMENT,https://www.instagram.com/p/DaTZ7e0hcTj/,DaTZ7e0hcTj,https://scontent-iad6-1.cdninstagram.com/v/t51.82787-15/731791678_18611040718000104_1145136433785999589_n.jpg?stp=dst-jpg_e15_tt6&_nc_ht=scontent-iad6-1.cdninstagram.com&_nc_cat=100&_nc_oc=Q6cZ2gGYaHBUqd5guudew_YryAjafJM1Wyq4zFC5ybD7KqbYV6lA4Lrp2xu6vLc7tlbM3pw&_nc_ohc=dwOfFjXefQ4Q7kNvwHDDRi_&_nc_gid=Lg83hD4TAOCwf-GM7oPDRQ&edm=ADp7STQBAAAA&ccb=7-5&oh=00_AQCP-bFFSW2wobqa2yEMdbnTXktaHlpaFfYyaiSCNBpiVg&oe=6A67E8EE&_nc_sid=c6f216,False
https://www.instagram.com/ijustine,978,52,2026-06-29T21:07:34.000Z,Video,When two friends start a cloud island on Pokopia and it’s now their reason for living and all they text about 😂😂😂 @michaeljosh,https://www.instagram.com/p/DaLyjMXOUNC/,DaLyjMXOUNC,https://scontent-iad6-1.cdninstagram.com/v/t51.82787-15/730732066_18610119313000104_8805205180873126911_n.jpg?stp=dst-jpg_e15_fr_p1080x1080_tt6&_nc_ht=scontent-iad6-1.cdninstagram.com&_nc_cat=100&_nc_oc=Q6cZ2gFDNQ3r1rkixft_lUDuaLFO9W2dMGHQ-wJaTZq3pBtATnPEAd2IRhDPxk8I7Kb7W4nChLCE_DJcBYrWZxPhvhNw&_nc_ohc=QZN3JixPesEQ7kNvwFbSdoL&_nc_gid=hMvcIjxrtApFk9fWu44fqA&edm=ADp7STQBAAAA&ccb=7-5&oh=00_AQCo0rX4fYAAF4MTLC1-Dhrgk-lNr4nzWniSMvMCCyxGFA&oe=6A67DC3A&_nc_sid=c6f216,False
https://www.instagram.com/praveenkumarofficial/,103280,315,2026-06-16T08:08:36.000Z,Video,,https://www.instagram.com/p/DZo7RjyRh0B/,DZo7RjyRh0B,https://instagram.flux3-1.fna.fbcdn.net/v/t51.71878-15/724148235_1672321247351515_6517435111429391008_n.jpg?stp=dst-jpg_e15_tt6&_nc_ht=instagram.flux3-1.fna.fbcdn.net&_nc_cat=107&_nc_oc=Q6cZ2gEWrIEscUmmYJzzzb-gZPdHTe3aFG9ih8HJTaar8gX1-Rjtid6I0YIllSHjbgatgs8&_nc_ohc=7hOgjn48ij8Q7kNvwE7QwqL&_nc_gid=6x-9678vrm7_w8NUTbi68Q&edm=ADp7STQBAAAA&ccb=7-5&oh=00_AQAnFXjCYtiEtSzioIyo0UQGAnfWwhs0Hnayg_tKKP5ASQ&oe=6A68BFEC&_nc_sid=c6f216,False
https://www.instagram.com/praveenkumarofficial/,18977,193,2026-06-11T13:57:45.000Z,Video,,https://www.instagram.com/p/DZcrTzpTPv4/,DZcrTzpTPv4,https://scontent-waw2-1.cdninstagram.com/v/t51.71878-15/721735519_2113454206254401_6377282484488995611_n.jpg?stp=dst-jpg_e15_tt6&_nc_cat=104&ig_cache_key=MzkxNzE5NjI1MzAyOTI2ODQ3Mg%3D%3D.3-ccb7-5&ccb=7-5&_nc_sid=58cdad&efg=eyJ2ZW5jb2RlX3RhZyI6IkNMSVBTLnhwaWRzLjY0MC5zZHIudmlkZW9fbmZyYW1lX2NvdmVyX2ZyYW1lLkMzIn0%3D&_nc_ohc=0jv0xhOfFZUQ7kNvwEgAMI3&_nc_oc=Adq4e38RVoQyBv7KiNxIANM6FMoAUMLmt2WrcyHEvXOnpYxPiuvM_d5Py-IZBUtXJk8&_nc_zt=23&_nc_ht=scontent-waw2-1.cdninstagram.com&_nc_gid=Glc7dJ7xt5zOh_nuR5OqtA&_nc_ss=72a8c&oh=00_AQBAFnYQTU58u9dK8zKdjlTJD2tAklfE4i3H95xkZOmGIw&oe=6A68DD39,False
https://www.instagram.com/praveenkumarofficial/,59726,169,2026-04-09T10:41:22.000Z,Image,Yaara 💪 in Meerut,https://www.instagram.com/p/DW6GWaDkcGe/,DW6GWaDkcGe,https://instagram.fcjs3-2.fna.fbcdn.net/v/t51.82787-15/661936311_18412905793130711_7901850368851181389_n.jpg?stp=dst-jpg_e35_p1080x1080_sh2.08_tt6&_nc_ht=instagram.fcjs3-2.fna.fbcdn.net&_nc_cat=111&_nc_oc=Q6cZ2gGXtTymsr0HRkUbhLWzcVKvgVN14JhaYw0kcg-XW81O8rlYlJcwrNH5Wt0lVzjDiDk&_nc_ohc=eze1R4Al4vkQ7kNvwEAf77H&_nc_gid=jzG4PyabGXHZ_cw4DGlTMQ&edm=ADp7STQBAAAA&ccb=7-5&oh=00_AQAAY5mXrWJ_JsAZrWMBmNwQiVLbWJxqc2oUCoNMOV1ojQ&oe=6A68DB57&_nc_sid=c6f216,False
https://www.instagram.com/praveenkumarofficial/,1989,19,2026-03-08T18:39:11.000Z,Image,"From dreams to destiny… India lifts the World Cup 2026 trice!🇮🇳🏆
So proud of our champions! 💙
#teamindia🇮🇳 #teampride #worldchampions",https://www.instagram.com/p/DVokFF1k3zO/,DVokFF1k3zO,https://scontent-yyz1-1.cdninstagram.com/v/t51.82787-15/646127159_18407040610130711_6360732068195622685_n.jpg?stp=dst-jpg_e35_p1080x1080_sh2.08_tt6&_nc_ht=scontent-yyz1-1.cdninstagram.com&_nc_cat=111&_nc_oc=Q6cZ2gHd-Txysh66RoMsRdKr2w_rq7D5Qog3_ENfdlRyJEGJWC-U574s-ocvAG9AH7psTfE&_nc_ohc=PEG6RH_Q7rMQ7kNvwF2BbCd&_nc_gid=wTW0DsQ3rc020e5YQiWoow&edm=ADp7STQBAAAA&ccb=7-5&oh=00_AQCY4rtkzIySNv0w8tVluLR98dt0sArJSmTfTq9Y_fOfZA&oe=6A68EDB4&_nc_sid=c6f216,False
https://www.instagram.com/praveenkumarofficial/,18852,225,2026-01-30T13:00:32.000Z,Image,"Wish you a very happiest birthday to you dear Virat, I hope you literally have a best birthday ever..",https://www.instagram.com/p/DUIrylUE7mW/,DUIrylUE7mW,https://scontent-dfw5-1.cdninstagram.com/v/t51.82787-15/624348700_18401110480130711_8446484498784201720_n.jpg?stp=dst-jpg_e35_tt6&_nc_cat=105&ig_cache_key=MzgyMTQ5Njg3NTg2Mjk2NDYzMA%3D%3D.3-ccb7-5&ccb=7-5&_nc_sid=58cdad&efg=eyJ2ZW5jb2RlX3RhZyI6IkZFRUQueHBpZHMuMTQ0MC5zZHIucmVndWxhcl9waG90by5DMyJ9&_nc_ohc=JRDmt3GHGoYQ7kNvwGAGKA9&_nc_oc=Adq4T_RGIUJ33x6mzeKN0uqAOiDq0Ay4n281jD-nvgBWZ_kuVGaPO38nv2ZwfHMBMWA&_nc_zt=23&_nc_ht=scontent-dfw5-1.cdninstagram.com&_nc_gid=DXptBEKzDfFzOoW6FdAG3w&_nc_ss=72a8c&oh=00_AQDDD6Ws2gwHX4uvpjRLaqsxauurF8i6bK53yBqN01t11g&oe=6A68B909,False
https://www.instagram.com/praveenkumarofficial/,2588,30,2025-11-24T09:27:34.000Z,Image,Rest in Peace “He Man” 🙏🙏,https://www.instagram.com/p/DRbyUVtkqyE/,DRbyUVtkqyE,https://scontent-waw2-1.cdninstagram.com/v/t51.82787-15/586234461_18393132595130711_987440933943025054_n.jpg?stp=dst-jpg_e35_p1080x1080_sh2.08_tt6&_nc_ht=scontent-waw2-1.cdninstagram.com&_nc_cat=111&_nc_oc=Q6cZ2gG74ESDIhA9uTU4cqlIiHwiKK1G1bQEW3ZgD60OH7mmGH_kQohcmO6HsmLwRoJSq9M&_nc_ohc=3dUCdEVURR0Q7kNvwHS4l9Y&_nc_gid=8Of9HOwp13KbkJtjufp7pw&edm=ADp7STQBAAAA&ccb=7-5&oh=00_AQACsleTjxUG7ezVZ032PWbifLlI0yDiSmsa7bWA4ZbwDQ&oe=6A68DCF1&_nc_sid=c6f216,False
https://www.instagram.com/praveenkumarofficial/,91082,1234,2025-11-21T14:55:04.000Z,Sidecar,Bada bhai ❤️ @harbhajan3 💯,https://www.instagram.com/p/DRUpaUFEvCU/,DRUpaUFEvCU,https://scontent-ams2-1.cdninstagram.com/v/t51.82787-15/586286788_18391364395130711_5134602856054893086_n.jpg?stp=dst-jpegr_e35_tt6&_nc_cat=106&ig_cache_key=Mzc3MDgyMDkxMDkyOTU5NDMzNw%3D%3D.3-ccb7-5&ccb=7-5&_nc_sid=58cdad&efg=eyJ2ZW5jb2RlX3RhZyI6IkNBUk9VU0VMX0lURU0ueHBpZHMuMTQ0MC5oZHIucmVndWxhcl9waG90by5DMyJ9&_nc_ohc=qi7_plgK4roQ7kNvwFylNZP&_nc_oc=AdqrcI_V-byp1uYheG2wv3Pi0C_OdrIJMQ5sMaCXYLtImtRd46Srmjx_qWjUxhPbLIA&_nc_zt=23&_nc_ht=scontent-ams2-1.cdninstagram.com&_nc_gid=PuNeDR-duIKkQCBDNvY_XA&_nc_ss=72a8c&oh=00_AQBuLgrypDpVkgUlSRvt6Jcl_NnKZEiwdQeEE8Iza70yzg&oe=6A68C6D1,False
https://www.instagram.com/praveenkumarofficial/,74451,244,2025-11-15T13:59:38.000Z,Sidecar,Proud of you @jatinsareen7 bhai🙏🏼❤️,https://www.instagram.com/p/DRFGTDqkrHX/,DRFGTDqkrHX,https://scontent-qro1-2.cdninstagram.com/v/t51.82787-15/581715281_18389462941130711_899855384709231639_n.jpg?stp=dst-jpegr_e35_tt6&_nc_cat=101&ig_cache_key=Mzc2NjQ0NDM1NTQwMzAxNjI1Ng%3D%3D.3-ccb7-5&ccb=7-5&_nc_sid=58cdad&efg=eyJ2ZW5jb2RlX3RhZyI6IkNBUk9VU0VMX0lURU0ueHBpZHMuMTQ0MC5oZHIucmVndWxhcl9waG90by5DMyJ9&_nc_ohc=2p2gtbcTs0IQ7kNvwGyyb09&_nc_oc=Adq3AdkiHT_raozk-HLbKmZyRRfX0hfLr472k5MUBY0_78aGJ6M-pIfZpIhdiCuuccU&_nc_zt=23&_nc_ht=scontent-qro1-2.cdninstagram.com&_nc_gid=Ndaho9qYqV1dELE3kebykA&_nc_ss=7ca8c&oh=00_AQASQryKn8wrI-7p2k8_C_2x1fZGul8LEf6gzgo9HqsGZA&oe=6A68D43E,False
https://www.instagram.com/praveenkumarofficial/,85918,517,2025-11-08T16:08:19.000Z,Image,🙏🏼,https://www.instagram.com/p/DQzTdfmks40/,DQzTdfmks40,https://scontent-fra3-2.cdninstagram.com/v/t51.82787-15/574837556_18388528219130711_4243369898981940271_n.jpg?stp=dst-jpg_e15_tt6&_nc_ht=scontent-fra3-2.cdninstagram.com&_nc_cat=111&_nc_oc=Q6cZ2gH5g5Usxwe4-6kiZDEFA8iVkGOlUvWVxcEOEl42uSlu3vK4HnkdqkTVgedLEzfC-44&_nc_ohc=qJslaex_B5MQ7kNvwFUNPfL&_nc_gid=IGxM9wNZTeDtXOmsOcoH-Q&edm=ADp7STQBAAAA&ccb=7-5&oh=00_AQAg1qC4PKkHojy2CQVupqL6Gqkw2zKaubRErbC3iidSYw&oe=6A68C461&_nc_sid=c6f216,False
https://www.instagram.com/praveenkumarofficial/,19619,185,2025-10-29T12:59:47.000Z,Image,Nature beauty 🤟,https://www.instagram.com/p/DQZN72okqV7/,DQZN72okqV7,https://scontent-yyz1-1.cdninstagram.com/v/t51.82787-15/572545516_18387407731130711_8042601009396222144_n.jpg?stp=dst-jpg_e35_p1080x1080_sh2.08_tt6&_nc_ht=scontent-yyz1-1.cdninstagram.com&_nc_cat=111&_nc_oc=Q6cZ2gE_XOg1oWm91aOmY6SmKNhLBWeBBqqWQ7n9Um2nrerDVl9h4-Q7oCzSYyqYf9GBmYM&_nc_ohc=7nw_mz_IxVoQ7kNvwGfB4Po&_nc_gid=8l-DDC_pY8SALm1zaMHSHg&edm=ADp7STQBAAAA&ccb=7-5&oh=00_AQCoK8TzvtI5UuvgaPvT26DrWM9g0oKO44-THR7-HajZSQ&oe=6A68E3D1&_nc_sid=c6f216,False
https://www.instagram.com/praveenkumarofficial/,22315,216,2025-10-26T10:08:22.000Z,Image,,https://www.instagram.com/p/DQRL7zjko6A/,DQRL7zjko6A,https://scontent-bcn1-1.cdninstagram.com/v/t51.82787-15/572645962_18387011761130711_8600215792366228318_n.jpg?stp=dst-jpg_e35_p1080x1080_sh2.08_tt6&_nc_ht=scontent-bcn1-1.cdninstagram.com&_nc_cat=111&_nc_oc=Q6cZ2gHMljE24mcp9zMQkvDEkXcEM0svKC0W7fisk899tJjHAXbteda1nDBmT-dCOJylyRw&_nc_ohc=pepHMEOUEb0Q7kNvwEhxRhi&_nc_gid=wm47RWZEbvJZOKvn7EJN2g&edm=ADp7STQBAAAA&ccb=7-5&oh=00_AQBsSeFbCTY_Ndo8NQEBD4X3cQWbrTspo5kTg04tHOn3pw&oe=6A68D4C2&_nc_sid=c6f216,False
https://www.instagram.com/praveenkumarofficial/,33660,56,2025-10-25T06:19:45.000Z,Image,It was nice to meet him @ravikishann who is full of fun during games. @amit.citifin,https://www.instagram.com/p/DQOM-aLkcv-/,DQOM-aLkcv-,https://instagram.fsyd11-2.fna.fbcdn.net/v/t51.82787-15/569201842_18386815741130711_3296272061352402331_n.jpg?stp=dst-jpg_e35_s1080x1080_sh2.08_tt6&_nc_ht=instagram.fsyd11-2.fna.fbcdn.net&_nc_cat=111&_nc_oc=Q6cZ2gGVPUy4bH_zHdc0DY4--_w_fbClz4dA3Kqzfk3hinmLK_yrYmKzggVJ3ozCaTJi3bw&_nc_ohc=T1vl3TaWwQMQ7kNvwFcUKD0&_nc_gid=fPkQxUPd86OSJm69P8Yj0g&edm=ADp7STQBAAAA&ccb=7-5&oh=00_AQBXHgkblHUeC_4-ccRRYF-KtjvSv7ENAQRCgoVw8f8QDw&oe=6A68DB86&_nc_sid=c6f216,False
https://www.instagram.com/praveenkumarofficial/,108901,431,2025-10-14T12:52:03.000Z,Image,meerut🏠,https://www.instagram.com/p/DPylIFSkosy/,DPylIFSkosy,https://scontent-lga3-1.cdninstagram.com/v/t51.82787-15/564389908_18385653202130711_1350588457648431686_n.jpg?stp=dst-jpg_e35_p1080x1080_sh2.08_tt6&_nc_ht=scontent-lga3-1.cdninstagram.com&_nc_cat=111&_nc_oc=Q6cZ2gFhuvXHhufDIEgiY3atFANo9U-5gFDi7pkQMcxNWim5IqpUHG7UaUz8-YDlHsZaR0o&_nc_ohc=-rJH8bF8T-cQ7kNvwEBCwm6&_nc_gid=yUhD4PxAEXg5bQLseLX0fA&edm=ADp7STQBAAAA&ccb=7-5&oh=00_AQACCFe2epUxNU9aL9HiwTTmMZBwQdtHI3JHfss4u8_-Ig&oe=6A68E071&_nc_sid=c6f216,False
https://www.instagram.com/zakirkhan_208,23486,1157,2026-07-16T07:29:44.000Z,Video,"Delhi, dil khush kar diya phir se. ❤️

Thank you to everyone who joined us at the first @airtelindia Advantage Club - Delhi Edition. And congratulations to the lucky Airtel Postpaid members who got to be a part of this evening.

#Ad",https://www.instagram.com/p/Da2GjL_oKFh/,Da2GjL_oKFh,https://scontent-waw2-1.cdninstagram.com/v/t51.82787-15/747168105_18609492370024064_8099226185858354581_n.jpg?stp=dst-jpg_e15_tt6&_nc_ht=scontent-waw2-1.cdninstagram.com&_nc_cat=108&_nc_oc=Q6cZ2gGfeJyaGJ9LTpkwJgfORVzZeC_E66JnQZFYxHpHlR4Peq3FYx2St9MEZo4Tk1khkkE&_nc_ohc=sPE26zH6itoQ7kNvwGKLU7N&_nc_gid=1gyi-sjcjxhY_-wQhEKBFQ&edm=ADp7STQBAAAA&ccb=7-5&oh=00_AQBn5NVYLEPBu_JWBCC4C-J5h5VxG-YxYs3DoOUigX8Pjg&oe=6A68CFA0&_nc_sid=c6f216,False
https://www.instagram.com/zakirkhan_208,268520,1078,2026-07-15T12:55:17.000Z,Sidecar,"Bahut time hai mere pass, saari purani photos post karunga ab😀

Thode dino pehle I Got to host an award show for the first time, Bahut kuch seekha, Maza aaya. Naya nahi karenge toh seekhenge kaise. Also witnessed the peak professionalism and dedication from @aliaabhatt @whosunilgrover and brother @saurabhtop 

Aapka prem aur Ashirwad banaye rakhiyega. 

Wearing @houseofrohitdoshi
Watch @jaipurwatchcompany
@mirabilisinc
Footwear @lussolifestyleofficial
Styled by @zeebamiraie 
Assistant Stylist @ayushigala_
HMU @im.swapnil @sunshinehairndbeauty @shahrukhsiddique68
Photographer @devv.arw",https://www.instagram.com/p/Da0HTeqCIUy/,Da0HTeqCIUy,https://scontent-mxp2-1.cdninstagram.com/v/t51.82787-15/746823906_18609225595024064_1429957162501499516_n.jpg?stp=dst-jpg_e35_tt6&_nc_cat=101&ig_cache_key=Mzk0MTc5NzUwNzcyODMzMzI3OQ%3D%3D.3-ccb7-5&ccb=7-5&_nc_sid=58cdad&efg=eyJ2ZW5jb2RlX3RhZyI6IkNBUk9VU0VMX0lURU0ueHBpZHMuODUzLnNkci5yZWd1bGFyX3Bob3RvLkMzIn0%3D&_nc_ohc=hUEC1hbB_7YQ7kNvwGBxjZD&_nc_oc=Adq6kbL2DI5R7iO_JWUkF2ez2OT1Iz1HV08RuQIyZvys1l1zQeXmxLX5ooXgOwvyOs0&_nc_zt=23&_nc_ht=scontent-mxp2-1.cdninstagram.com&_nc_gid=qSF_BxFrUAw_--xuAIMmmA&_nc_ss=7ca8c&oh=00_AQBXcL2hHefteA1UPS1DN4a9YEc8usQ9ccFVo59fHt8Uag&oe=6A68E0A3,False
https://www.instagram.com/zakirkhan_208,15262,291,2026-07-14T14:51:25.000Z,Video,"Aachhi baatein aur badhiya coffee. Good company, great conversation with @ingoodcoindia ❤️

#beingoodco #ingoodco #beingoodcompany #ad",https://www.instagram.com/p/DaxuuhOqPCs/,DaxuuhOqPCs,https://scontent-mxp1-1.cdninstagram.com/v/t51.82787-15/745570846_18608975296024064_7454726969694353065_n.jpg?stp=dst-jpg_e15_tt6&_nc_ht=scontent-mxp1-1.cdninstagram.com&_nc_cat=108&_nc_oc=Q6cZ2gED9sY_pPmPZwqqQkZRckWWEcuN-KOu_Z8KPD4f-p3NHkf3dUOqFVDCAJ3ReFPMcy4&_nc_ohc=K3MslMmz7iwQ7kNvwGWh9UQ&_nc_gid=jEfXgSC0OXthY-aWUHWecg&edm=ADp7STQBAAAA&ccb=7-5&oh=00_AQDGYAP37RmMmBVGMyBQXy2-S0gKxM4OC9F8D-uEpS9LCg&oe=6A68F00B&_nc_sid=c6f216,False
https://www.instagram.com/zakirkhan_208,16060,261,2026-06-27T10:48:04.000Z,Video,"Har baar Airtel Postpaid koi na koi advantage le hi aata hai.

Aur iss baar, The Advantage Club – Delhi Edition.

Main milunga khaas Airtel Postpaid members se 11 July ko, Delhi mein, for a special show. 

Agar aap Airtel Postpaid user hain, toh Airtel App par register kijiye aur iss exclusive experience ka hissa baniye.

📍 Delhi
📅 11 July
🎟 Airtel App

Milte hain wahaan. Baaki baatein stage pe.",https://www.instagram.com/p/DaFiMNNIQzS/,DaFiMNNIQzS,https://scontent-ams2-1.cdninstagram.com/v/t51.82787-15/730992592_18603998593024064_319897755438917135_n.jpg?stp=dst-jpg_e35_p1080x1080_sh2.08_tt6&_nc_ht=scontent-ams2-1.cdninstagram.com&_nc_cat=108&_nc_oc=Q6cZ2gHSDRIrJ4EBivDN_MMpxa5RwXwPvWK9NW-ql70M0rkoxH3L_0VvANDC3x92boaePf4&_nc_ohc=i96hDVO95EQQ7kNvwFDn4CU&_nc_gid=myhjucOw8mxP_z8jgB1Xyw&edm=ADp7STQBAAAA&ccb=7-5&oh=00_AQAAIcLBeKdmkBfrN8uPNL8PE8vk_7knv6Y2UEhMQ5L4xA&oe=6A68DEFF&_nc_sid=c6f216,False
https://www.instagram.com/zakirkhan_208,1052256,1910,2026-06-19T15:52:55.000Z,Sidecar,King @iam_johnylever came to watch “Papa Yaar” yesterday. We all walk the path he paved for all of us. True legend. ❤️🙏,https://www.instagram.com/p/DZxe9zUkys5/,DZxe9zUkys5,https://instagram.fnap7-2.fna.fbcdn.net/v/t51.82787-15/722637695_18601061314024064_2095070527920292740_n.jpg?stp=dst-jpegr_e35_tt6&_nc_cat=108&ig_cache_key=MzkyMzAzNzQzNjI1OTU0OTc1Nw%3D%3D.3-ccb7-5&ccb=7-5&_nc_sid=58cdad&efg=eyJ2ZW5jb2RlX3RhZyI6IkNBUk9VU0VMX0lURU0ueHBpZHMuMzAyNC5oZHIucmVndWxhcl9waG90by5DMyJ9&_nc_ohc=yXnloBpNoM8Q7kNvwEJMcyc&_nc_oc=AdrFQ1NYaDLhngSElW02JNUvteVwXItWJFjQ12iKoIpsUN7TJVwfnwAvXSS32vfzVp0&_nc_zt=23&_nc_ht=instagram.fnap7-2.fna&_nc_gid=qSg_hK5TYCiQnnjtI203Hw&_nc_ss=7c689&oh=00_AQAnjK4wt4L1ymICUYVKCP4LhvfcWSUfiNe0p3RC8dDNzA&oe=6A68E736,False
https://www.instagram.com/zakirkhan_208,49905,280,2026-06-18T10:13:34.000Z,Video,"Log sochte hain stand-up ka toughest part jokes likhna hai.

Nahi! Show se pehle outfit decide karna hai.

Aaj ka GRWM ft @snitch.co.in",https://www.instagram.com/p/DZuRheJITTG/,DZuRheJITTG,https://scontent-ams2-1.cdninstagram.com/v/t51.71878-15/726635812_5541015372791212_7729104630870224047_n.jpg?stp=dst-jpg_e15_tt6&_nc_ht=scontent-ams2-1.cdninstagram.com&_nc_cat=104&_nc_oc=Q6cZ2gGFzu-5VKyKRxW4LhyFao1C1WHuWEMufHSs9HzC7nGxkdOiy7UwtUMGmExOGQXdRLY&_nc_ohc=MXaP9rs6i9sQ7kNvwFQwpme&_nc_gid=rPrhMI0lozu7-1UrKG29GA&edm=ADp7STQBAAAA&ccb=7-5&oh=00_AQDfLkXVff81sV7BoPqSPHfejNiuwTD0HzJCkP4z7htnJw&oe=6A68D019&_nc_sid=c6f216,False
https://www.instagram.com/zakirkhan_208,284301,500,2026-05-30T16:35:57.000Z,Sidecar,"**End of”Papa Yaar” USA tour** 

Ek bar phir thoda jungle aur kaat liya, 
 thodi pagdhandi aur aage badha di. 

Thank you for all the love, see you in Mumbai.",https://www.instagram.com/p/DY-D_c_CDhj/,DY-D_c_CDhj,https://instagram.fper3-1.fna.fbcdn.net/v/t51.82787-15/708754517_18595127527024064_2973289890809372684_n.jpg?stp=dst-jpg_e35_tt6&_nc_cat=103&ig_cache_key=MzkwODU0NTkxNTQ5MDY4NzI0Mg%3D%3D.3-ccb7-5&ccb=7-5&_nc_sid=58cdad&efg=eyJ2ZW5jb2RlX3RhZyI6IkNBUk9VU0VMX0lURU0ueHBpZHMuMTMyMC5zZHIucmVndWxhcl9waG90by5DMyJ9&_nc_ohc=-vZRhsTfyAcQ7kNvwEJP7mr&_nc_oc=Adqp54NGrG8685LEj-IfIBFmq2HlGJOyZQ0_KfvuYvPEldisSySz8hVGTWb8bEAJtlA&_nc_zt=23&_nc_ht=instagram.fper3-1.fna&_nc_gid=YizYUyWa8-DqAleJiRqCUA&_nc_ss=7c289&oh=00_AQDAo44oVvs12P7qcDytVX174_GaxFX8k5Bxvm9aRxEImA&oe=6A68E47E,False
https://www.instagram.com/zakirkhan_208,237878,1990,2026-05-15T04:09:31.000Z,Image,"In the series of “Kuch bhi chal raha hai life me” got to spend an hour with @sama at his home in SF. 

Thanks to desi pull in Silicon Valley.",https://www.instagram.com/p/DYWF5VlIXBu/,DYWF5VlIXBu,https://scontent-mad1-1.cdninstagram.com/v/t51.82787-15/673124282_18590466880024064_2583300083371644611_n.jpg?stp=dst-jpegr_e35_tt6&_nc_cat=107&ig_cache_key=Mzg5NzMyODQ1Nzk0OTk5OTIxNA%3D%3D.3-ccb7-5&ccb=7-5&_nc_sid=58cdad&efg=eyJ2ZW5jb2RlX3RhZyI6IkZFRUQueHBpZHMuMzA3Mi5oZHIucmVndWxhcl9waG90by5DMyJ9&_nc_ohc=YSh2Sqfl12UQ7kNvwHt56H-&_nc_oc=Adq3zKRMvRYL74sla_iOxqKlMa55u23lE69NKHrLlCPZAbu0zPdLdf1r-KfoFuA3l-Q&_nc_zt=23&_nc_ht=scontent-mad1-1.cdninstagram.com&_nc_gid=mhiTzNbWJgqln1n8EIYuAA&_nc_ss=7c289&oh=00_AQCZ4eyXpe5zc3uhyZyFzEzqmdifIxooY5cSr8UGGBPuww&oe=6A68ED2D,False
https://www.instagram.com/zakirkhan_208,209312,835,2026-05-09T21:14:00.000Z,Video,"Sab aap logon ka prem hai ❤️❤️🥰🥰😍😍

#Seattle",https://www.instagram.com/p/DYIepQlyovt/,DYIepQlyovt,https://scontent-nrt6-1.cdninstagram.com/v/t51.71878-15/685393505_968409196118780_8402915668405207795_n.jpg?stp=dst-jpg_e15_tt6&_nc_cat=110&ig_cache_key=Mzg5MzQ5NjY1NDU2OTU3MzM1Nw%3D%3D.3-ccb7-5&ccb=7-5&_nc_sid=58cdad&efg=eyJ2ZW5jb2RlX3RhZyI6IkNMSVBTLnhwaWRzLjY0MC5zZHIudmlkZW9fbmZyYW1lX2NvdmVyX2ZyYW1lLkMzIn0%3D&_nc_ohc=iBijmL3624AQ7kNvwEmPN_3&_nc_oc=AdpcZ_QhFa8mvC0Rl4Zq0Yf3p9oB0qI6RGvRVoKALpMW6IPdatZE4nT3iw9UWOs-8vQ&_nc_zt=23&_nc_ht=scontent-nrt6-1.cdninstagram.com&_nc_gid=YQuz0ltiGf6cqh8GjKgQwA&_nc_ss=72689&oh=00_AQDWkBCZbWi8y96QAHXPeDllskuofKLbDH5JO5vymVHbqg&oe=6A68EC68,False
https://www.instagram.com/zakirkhan_208,260769,639,2026-05-06T18:10:28.000Z,Video,Appraisal form Bhar Diya na?,https://www.instagram.com/p/DYAbg2vIiAU/,DYAbg2vIiAU,https://scontent-nrt1-1.cdninstagram.com/v/t51.71878-15/686083747_1284901969902639_591566545330309063_n.jpg?stp=dst-jpg_e15_tt6&_nc_ht=scontent-nrt1-1.cdninstagram.com&_nc_cat=103&_nc_oc=Q6cZ2gEm-VjqsdmOlfwmjEJBqpA1DvZ0YjU8e_NZ9SXnPivgauUOh-K38Mz4C65iVeoDlWs&_nc_ohc=q6G5nskA-90Q7kNvwHVEr0U&_nc_gid=jE81aufeq5RwAY3El6o-9A&edm=ADp7STQBAAAA&ccb=7-5&oh=00_AQC-c7GGqav1iuk3dsAYIdvQGp5xM5TivwvP9KbIfdVoUQ&oe=6A68C351&_nc_sid=c6f216,False
https://www.instagram.com/zakirkhan_208,448473,846,2026-05-05T19:14:24.000Z,Sidecar,"Doston we have come down to final 7 cities. 

Pehli bar I am trying to enjoy my travel, shayad Isliye kyunki ab maloom hi nahi hai ki next time kab yahan aane hoga show karne ke liye. I think the announcement of break was required for this very reason. 

Football ke bare mein seekha, 
basketball ke bare mein seekha. 
Play writing workshop ki. 
Beech me india aa kar special ka edit bhi dekh liya. 

Every meal is a special memory.

Aap sabka shukriya.",https://www.instagram.com/p/DX9-QHsgeCB/,DX9-QHsgeCB,https://instagram.fman2-2.fna.fbcdn.net/v/t51.82787-15/684761456_18587882713024064_4755462398713618980_n.jpg?stp=dst-jpg_e35_tt6&_nc_cat=107&ig_cache_key=Mzg5MDUyMjQxMjg1MTE0MzI2Nw%3D%3D.3-ccb7-5&ccb=7-5&_nc_sid=58cdad&efg=eyJ2ZW5jb2RlX3RhZyI6IkNBUk9VU0VMX0lURU0ueHBpZHMuMTE4MC5zZHIucmVndWxhcl9waG90by5DMyJ9&_nc_ohc=ZHa3jIvIyM4Q7kNvwFGQbDI&_nc_oc=Adq444AopwVIHtXkkam8aaxSYbLAwqDdI1ZIsk4ye2KhB1yScWjE7-Dfv7eWjRcc5GA&_nc_zt=23&_nc_ht=instagram.fman2-2.fna&_nc_gid=gs9x6kLS1e3Juw6Vn2if1g&_nc_ss=7ca8c&oh=00_AQCFj4nIhCAW8zOzEDdwhCc_I_VfQ6jkIkPgX9qMU5wAKQ&oe=6A68BBC5,False
https://www.instagram.com/kanangill,2959,0,2026-07-10T07:48:30.000Z,Sidecar,"Sydney. 10/10
Comment “style” to get a full free look book designed using the principles of data streetfighting.",https://www.instagram.com/p/DamsORVgdaP/,DamsORVgdaP,https://scontent-cdg4-1.cdninstagram.com/v/t51.82787-15/741476558_18601350703035911_7586974913579203969_n.jpg?stp=dst-jpg_e35_tt6&_nc_cat=104&ig_cache_key=MzkzODAyODIyNDk1NzA1OTgwOQ%3D%3D.3-ccb7-5&ccb=7-5&_nc_sid=58cdad&efg=eyJ2ZW5jb2RlX3RhZyI6IkNBUk9VU0VMX0lURU0ueHBpZHMuMjczMS5zZHIucmVndWxhcl9waG90by5DMyJ9&_nc_ohc=w7YtUGL4DwQQ7kNvwFmxxUR&_nc_oc=Adolc5Bj8LOaLZA8SirXvqrSMPDCj6QDT_myIkduLEQck4xn10Xxd3F_cg1B8yIZ_sY&_nc_zt=23&_nc_ht=scontent-cdg4-1.cdninstagram.com&_nc_gid=-CQPTizw5zOUaF3t1oQ2FQ&_nc_ss=72a8c&oh=00_AQB4o4LIseQp38ynb9XXwmGRvzgrlus6BpmsW4bwLoFhLg&oe=6A68D456,False
https://www.instagram.com/kanangill,2729,0,2026-07-05T00:15:33.000Z,Sidecar,Melbourne. Comment “hi!” for a free PDF of my 12 week transformation program.,https://www.instagram.com/p/DaZAaTMiGyQ/,DaZAaTMiGyQ,https://scontent-fco2-1.cdninstagram.com/v/t51.82787-15/734783627_18599824453035911_6122512449509452165_n.jpg?stp=dst-jpg_e35_tt6&_nc_cat=103&ig_cache_key=MzkzNDE3Njk0MDYxOTA3OTI0MA%3D%3D.3-ccb7-5&ccb=7-5&_nc_sid=58cdad&efg=eyJ2ZW5jb2RlX3RhZyI6IkNBUk9VU0VMX0lURU0ueHBpZHMuMzA3Mi5zZHIucmVndWxhcl9waG90by5DMyJ9&_nc_ohc=96Jp5UC7TKMQ7kNvwHiiXKT&_nc_oc=Ado7guoJV7Inm2g1WZkt_cAJ5C9kf7I-DW80Xtd4efLndfLTIo-leAjqI6PE2FCI04Y&_nc_zt=23&_nc_ht=scontent-fco2-1.cdninstagram.com&_nc_gid=qD6139Ds2oYdlS67rGMfLA&_nc_ss=72a8c&oh=00_AQDqZquV_dpLO3nX8dMFvO4XBKR2LMQd6YEBDElLOV-Xog&oe=6A68D997,False
https://www.instagram.com/kanangill,5822,0,2026-07-03T20:36:42.000Z,Sidecar,New Zealand. Leave your valuable fit feedback in the comments!,https://www.instagram.com/p/DaWCklRk27S/,DaWCklRk27S,https://instagram.fman4-2.fna.fbcdn.net/v/t51.82787-15/735111140_18599465338035911_8567680346166196604_n.jpg?stp=dst-jpg_e35_tt6&_nc_cat=109&ig_cache_key=MzkzMzM0MTkxMzc1MTM0NjUzNA%3D%3D.3-ccb7-5&ccb=7-5&_nc_sid=58cdad&efg=eyJ2ZW5jb2RlX3RhZyI6IkNBUk9VU0VMX0lURU0ueHBpZHMuMzA3Mi5zZHIucmVndWxhcl9waG90by5DMyJ9&_nc_ohc=RLZxKskYgdgQ7kNvwG7hsih&_nc_oc=AdrOzN8v_jyXcLkHcwtLIGdfoPzJHpraN3xtdUv53IA5S619jdjCe5syQgdmBhvXgEk&_nc_zt=23&_nc_ht=instagram.fman4-2.fna&_nc_gid=0mtIq8Qd7-uazOLkXkuQlw&_nc_ss=7ca8c&oh=00_AQDt5QmMpMDI0-Z6nlY1x4ZxpYMZ4BZNw2asFkA4C6Z0yw&oe=6A68D186,False
https://www.instagram.com/kanangill,10071,63,2026-06-30T04:03:09.000Z,Sidecar,2026,https://www.instagram.com/p/DaMie73CJ8c/,DaMie73CJ8c,https://scontent-sjc3-1.cdninstagram.com/v/t51.82787-15/729566914_18598352836035911_3206020075129287717_n.jpg?stp=dst-jpg_e35_tt6&_nc_cat=105&ig_cache_key=MzkzMDY2Nzk0OTY2MjMyMzMzMw%3D%3D.3-ccb7-5&ccb=7-5&_nc_sid=58cdad&efg=eyJ2ZW5jb2RlX3RhZyI6IkNBUk9VU0VMX0lURU0ueHBpZHMuNjI5LnNkci5yZWd1bGFyX3Bob3RvLkMzIn0%3D&_nc_ohc=KzIteHhb6uUQ7kNvwEfvSBq&_nc_oc=AdookKBzG3v3HnhO9EtCg6M2bBxw8hQTK0kZh9yKRQW6r8vHTs3cRCQVXr5ZACrfN9HqcDBaT_rINp6P5uNTyiEl&_nc_zt=23&_nc_ht=scontent-sjc3-1.cdninstagram.com&_nc_gid=69jqZJmGN1ZVp1uOysNZgg&_nc_ss=7d689&oh=00_AQBlC7zO-BUAy1latzRndFjtZ-24am8GgLh28-CXsOhSPw&oe=6A68E1F3,False
https://www.instagram.com/kanangill,247345,531,2026-06-28T04:27:45.000Z,Video,"From Keep It Real (2017)
I’m on tour! Check link in bio or website or the shapes in the murmurations of local birds",https://www.instagram.com/p/DaHbPlNI-8B/,DaHbPlNI-8B,https://scontent-ssn1-1.cdninstagram.com/v/t51.82787-15/731168264_18597638014035911_2041810881920078401_n.jpg?stp=dst-jpg_e15_tt6&_nc_ht=scontent-ssn1-1.cdninstagram.com&_nc_cat=111&_nc_oc=Q6cZ2gHNOnxLYN4MGtL3gJIE3WwQibZ-y56xpX7sCPERfgP8TSZlyvGRVwlXCtoh4RThvYs&_nc_ohc=fXEI9qFF2e8Q7kNvwGdgywH&_nc_gid=99hXrZVaXelmHGToR429kQ&edm=ADp7STQBAAAA&ccb=7-5&oh=00_AQCUBcIyATcu2OdZ2AZTfe6xWN6fHVMZQ7C5oxSDW7RmrA&oe=6A68CD2E&_nc_sid=c6f216,False
https://www.instagram.com/kanangill,23993,110,2026-06-05T07:20:43.000Z,Video,On tour all year. Tix in bio. Full special (s) on Youtube!,https://www.instagram.com/p/DZMhEBUoxmk/,DZMhEBUoxmk,https://scontent-sjc6-1.cdninstagram.com/v/t51.71878-15/717628193_1393713689475324_7011532589401591323_n.jpg?stp=dst-jpg_e15_tt6&_nc_ht=scontent-sjc6-1.cdninstagram.com&_nc_cat=100&_nc_oc=Q6cZ2gE2MYbQhB5_OZ9O07hvddCM6SQ1cYRBBLMvGVDdO1MlK3s677NWl_RC13rWG3IR-wQhfcRXA0MJ7D0AcVZ6fAai&_nc_ohc=9uIVy8h7tA4Q7kNvwGptojq&_nc_gid=zfrLeX5ARhRjfArUZQ-guQ&edm=ADp7STQBAAAA&ccb=7-5&oh=00_AQCX6GxpMZAmzm6BX8JH99G5yTOZ6Yk0RwXPlfQtZpSxOA&oe=6A68DE5E&_nc_sid=c6f216,False
https://www.instagram.com/kanangill,33493,234,2026-05-17T05:57:07.000Z,Video,"In 2023 I participated in the Tiramisu World Cup and in 2025 I was a judge. So pls stop sending me the link saying they are looking for judges. I actually met someone who came to compete because they saw my show. Full story in my last stand up special, full special on Youtube. I’m on tour right now with a NEW SHOW, where? Everywhere! (Almost). Links in bio.",https://www.instagram.com/p/DYbcKUfIClZ/,DYbcKUfIClZ,https://scontent-yyz1-1.cdninstagram.com/v/t51.71878-15/700971057_2973631922839547_2283777139732890215_n.jpg?stp=dst-jpg_e15_tt6&_nc_ht=scontent-yyz1-1.cdninstagram.com&_nc_cat=111&_nc_oc=Q6cZ2gFgfqPQR5y_XD2ZENWNiAv7lIpOnHlgnZjUyHtXg9rx2ezgsNHQ0DF2wN2RF7W83fg&_nc_ohc=OjvXJQ_iLv8Q7kNvwHljKpM&_nc_gid=3f4rDypQqAFOxIFgckmgqQ&edm=ADp7STQBAAAA&ccb=7-5&oh=00_AQAfyXNSdhhG2hTgx1Cpq715BjFOLUcKlQMlje4UBiPD_A&oe=6A68E5FC&_nc_sid=c6f216,False
https://www.instagram.com/kanangill,8930,56,2026-05-15T09:21:33.000Z,Sidecar,"I’M ON TOUR IN CAPS. JULY I’M IN AUSTRALIA AND NEW ZEALAND PLEASE BUY TICKETS THE LINK IS IN BIO.
India tour is one more month and we are fully sold out but in Australia wow…we have many tickets available. Please reach out to your local Australian and demand that they purchase tickets. Everything else is fine. I bought a recliner.",https://www.instagram.com/p/DYWqWuECPws/,DYWqWuECPws,https://scontent-waw2-2.cdninstagram.com/v/t51.82787-15/692650759_18584514016035911_3868083300372289213_n.jpg?stp=dst-jpg_e35_tt6&_nc_cat=106&ig_cache_key=Mzg5NzQ4ODQ0Mzg0NTkzMDU1Nw%3D%3D.3-ccb7-5&ccb=7-5&_nc_sid=58cdad&efg=eyJ2ZW5jb2RlX3RhZyI6IkNBUk9VU0VMX0lURU0ueHBpZHMuMjI2OC5zZHIucmVndWxhcl9waG90by5DMyJ9&_nc_ohc=4QaPm5edYOUQ7kNvwGHJru6&_nc_oc=AdrjbaZcf02khz3XBs-y5p2bMZX5KEg8SjcFfOMZxTJ4MOsjd9BjLDD2BTZfWXAAR3Q&_nc_zt=23&_nc_ht=scontent-waw2-2.cdninstagram.com&_nc_gid=9F8przxD_RL8JRGkWS_8mA&_nc_ss=72a8c&oh=00_AQC86PoyuG1voyguOiQkmpVXnqACGKsnEv5AdWzXTIRCZQ&oe=6A68DCF8,False
https://www.instagram.com/kanangill,483,10,2026-04-29T06:37:08.000Z,Image,Coming to Australia and New Zealand in July! Ticket links in bio.,https://www.instagram.com/p/DXtK0jyiDRt/,DXtK0jyiDRt,https://scontent-atl3-3.cdninstagram.com/v/t51.82787-15/680845951_18580095343035911_4659914217226684174_n.jpg?stp=dst-jpg_e35_p1080x1080_sh2.08_tt6&_nc_ht=scontent-atl3-3.cdninstagram.com&_nc_cat=111&_nc_oc=Q6cZ2gH9dOEr3RK8vWHRK3_27g_5n29NNaCH15vKZKRvwSD_bIEiHXFstay7N1n1il6fOMzowmHrODZtDO_SbX6LElyA&_nc_ohc=ZrQeOEDa-y8Q7kNvwGvIP-7&_nc_gid=UloMljCmK_hZxOVyJA28JA&edm=ADp7STQBAAAA&ccb=7-5&oh=00_AQDey3MfJZaWtkuXZ1n3qqfIYiOditY0fPKsE-Z5DlTtfA&oe=6A68CB1F&_nc_sid=c6f216,False
https://www.instagram.com/kanangill,50026,313,2026-04-29T06:34:48.000Z,Video,"On tour all year! Tix in bio, full show on Youtube!",https://www.instagram.com/p/DXtKZm_iJSl/,DXtKZm_iJSl,https://scontent-waw2-2.cdninstagram.com/v/t51.71878-15/682585816_1512206573598434_7115045465769139187_n.jpg?stp=dst-jpg_e15_tt6&_nc_ht=scontent-waw2-2.cdninstagram.com&_nc_cat=102&_nc_oc=Q6cZ2gGWgyUP7j77jbTVCd199MEy1UG_iOZ0t46pdOj0TyDWtqxPYmQ8xqbBu6OLemkVtHw&_nc_ohc=_Pib_Vl5isYQ7kNvwE_kWU6&_nc_gid=zdWLpftAyoyCMmBlc5EA7A&edm=ADp7STQBAAAA&ccb=7-5&oh=00_AQDt5cy5Hz2y92hiA2_wVR3GfHxRyAOFLkNeKw--llkzEQ&oe=6A68EF32&_nc_sid=c6f216,False
https://www.instagram.com/kanangill,9299,118,2026-04-24T13:41:34.000Z,Sidecar,Really actually available at Bangalore shows. I promise I was not involved in making them. Also attached is one I made in preparation the day before the Tiramisu World Cup in 2023.,https://www.instagram.com/p/DXhDawpDV3I/,DXhDawpDV3I,https://scontent-muc2-1.cdninstagram.com/v/t51.82787-15/673883008_18578795599035911_2567376848575982787_n.jpg?stp=dst-jpg_e35_tt6&_nc_cat=111&ig_cache_key=Mzg4MjM5OTM3NjYxMDI2Nzc4NQ%3D%3D.3-ccb7-5&ccb=7-5&_nc_sid=58cdad&efg=eyJ2ZW5jb2RlX3RhZyI6IkNBUk9VU0VMX0lURU0ueHBpZHMuOTYwLnNkci5yZWd1bGFyX3Bob3RvLkMzIn0%3D&_nc_ohc=Yav6vJuWTwcQ7kNvwFyqvOz&_nc_oc=AdpMPxEBZLQgkP0hTeSv4wFZHnP4oC-IIJnK6Bf5EZcsslokBSJPTHIT7Hqi8fFXSA4&_nc_zt=23&_nc_ht=scontent-muc2-1.cdninstagram.com&_nc_gid=srcekmbdw-X5CzfIm9ktvg&_nc_ss=7ca8c&oh=00_AQAkQUl48l0w_exVjMeKJIPy259bL8VjVFgcVnSUc-lnYw&oe=6A68E14D,False
https://www.instagram.com/kanangill,6988,84,2026-04-21T06:34:39.000Z,Image,Actual documentary footage unearthed by @nirali.s (co-parent and subject of Kaju Catly Esq.).,https://www.instagram.com/p/DXYkLTOCC9e/,DXYkLTOCC9e,https://instagram.fmel18-1.fna.fbcdn.net/v/t51.82787-15/670838599_18577990798035911_8333629918027673005_n.jpg?stp=dst-jpg_e15_tt6&_nc_ht=instagram.fmel18-1.fna.fbcdn.net&_nc_cat=111&_nc_oc=Q6cZ2gF4e0KczUyjHH726XCEvmA3toNjYaQNs6C1JsQ1kQDHuGgOlM-yyZQKEAKWYfatfiI&_nc_ohc=x0H6XGNSxnsQ7kNvwEEXfGI&_nc_gid=r3LfPYkX0t5CLx4hZvBNLQ&edm=ADp7STQBAAAA&ccb=7-5&oh=00_AQDCs8Ih6lI3J0WCGt_W6qa1jzqd6qdkmENUkAxCZLMQnQ&oe=6A68C2DB&_nc_sid=c6f216,False
https://www.instagram.com/kanangill,94087,647,2026-04-20T04:30:18.000Z,Video,"On tour all year! Links in bio 
Full special(s) on Youtube",https://www.instagram.com/p/DXVxBuwiDbG/,DXVxBuwiDbG,https://instagram.fbhx4-2.fna.fbcdn.net/v/t51.71878-15/671179988_931065086440004_6264615559647406887_n.jpg?stp=dst-jpg_e15_tt6&_nc_ht=instagram.fbhx4-2.fna.fbcdn.net&_nc_cat=108&_nc_oc=Q6cZ2gEjaXxfIvpLXR8qre4LmWAlP5j9LOd8_yzEu2XXu1pcL5SaHw3M_0Na_zvogduDzL88cIEqqGm4g59sVvBdJUYV&_nc_ohc=u0wvS1wUNioQ7kNvwErxBl0&_nc_gid=e7AWLnN9vi3uUODpdz7mNg&edm=ADp7STQBAAAA&ccb=7-5&oh=00_AQD-7axL_XHi8SGE8hrdQkD7rOROJASeJdSEd0xaTF2siQ&oe=6A68C864&_nc_sid=c6f216,False
https://www.instagram.com/kanangill,127674,627,2026-04-19T05:42:09.000Z,Video,"Full show(s) on Youtube!
On tour all year, ticket links in bio.",https://www.instagram.com/p/DXTUdQjCPMr/,DXTUdQjCPMr,https://scontent-waw2-2.cdninstagram.com/v/t51.71878-15/670407813_1998212270791830_8409612851927261124_n.jpg?stp=dst-jpg_e15_tt6&_nc_ht=scontent-waw2-2.cdninstagram.com&_nc_cat=106&_nc_oc=Q6cZ2gESAIlJpaOnLyyu7FF1QhmGs8MeKm4kTEjXD8OQB6j2c8Hd1A_cPM8gIT7UwgBcSFXVZ4I8BS1ZSepW6odzZ2GB&_nc_ohc=zZmsAfVyuc0Q7kNvwH419oN&_nc_gid=WFDo-RpMyAsc5XGRlDd0nQ&edm=ADp7STQBAAAA&ccb=7-5&oh=00_AQCxmubUDDusitEn_W4OJGN4wymUSiXW6uojndbkR5rdBA&oe=6A68C2E3&_nc_sid=c6f216,False
https://www.instagram.com/kanangill,266259,2147,2026-04-18T10:39:11.000Z,Video,"On tour all year — Links in bio.
Full show(s) on Youtube!",https://www.instagram.com/p/DXRRr0RCJdA/,DXRRr0RCJdA,https://scontent-yyz1-1.cdninstagram.com/v/t51.71878-15/670872683_1471332764375832_3888768360185128903_n.jpg?stp=dst-jpg_e15_tt6&_nc_ht=scontent-yyz1-1.cdninstagram.com&_nc_cat=100&_nc_oc=Q6cZ2gHSC1U9I85Pr8Cdi_kiNXsY6JPW_Kx0Scc2s4KFC0dis33L12ITWJSUk3DdIPKVFzg&_nc_ohc=hXY7OimjKJEQ7kNvwHf5Djr&_nc_gid=kbd7P0EYA8yfxHo2pkVNbQ&edm=ADp7STQBAAAA&ccb=7-5&oh=00_AQAeoH6dWRy17Of9_GyJHJwIsNn_5K32-fA5SByKZP_qGQ&oe=6A68C626&_nc_sid=c6f216,False
https://www.instagram.com/biswakalyanrath,26016,52,2026-07-04T06:21:29.000Z,Video,"Kitchen mein abstract art? No problem. Only solution– ‘Beyond Plug ‘N’ Play Chimney’.

(India’s 1st Plug ‘N’ Play Chimney, Beyond Appliances)",https://www.instagram.com/p/DaXExosxo9V/,DaXExosxo9V,https://scontent-muc2-1.cdninstagram.com/v/t51.82787-15/731397558_18606491059021924_266337395499903787_n.jpg?stp=dst-jpg_e35_p1080x1080_sh2.08_tt6&_nc_ht=scontent-muc2-1.cdninstagram.com&_nc_cat=104&_nc_oc=Q6cZ2gEvXBdMyjhTjZaQKWDeUhcyGDlcXGJ5YSQVULJkWP8rn2XUTGkKFuGo4Ihg9FKcBSw&_nc_ohc=vKGJixlZNocQ7kNvwGR3UoU&_nc_gid=vzKk3j9QaPXLIKZ9sb01YQ&edm=ADp7STQBAAAA&ccb=7-5&oh=00_AQB7LPh37_M-_dgmv7vEpkTz-duA-bu8Fr8UBWNOsFsEug&oe=6A68EAE7&_nc_sid=c6f216,False
https://www.instagram.com/biswakalyanrath,12239,141,2026-06-27T16:49:51.000Z,Video,,https://www.instagram.com/p/DaGLrJ3tTsD/,DaGLrJ3tTsD,https://scontent-ams2-1.cdninstagram.com/v/t51.82787-15/730332006_18604306093021924_6841649084195596115_n.jpg?stp=dst-jpg_e35_p1080x1080_sh2.08_tt6&_nc_ht=scontent-ams2-1.cdninstagram.com&_nc_cat=104&_nc_oc=Q6cZ2gHoe6uLxZFms4_CkcTq_FrDw9LjHEcBV11NCV25NdElEHIm6iWAqrYihcFPfLm0vVY&_nc_ohc=Oql2lGUIvcQQ7kNvwHxjaI5&_nc_gid=x71RGZ2leHoJF4IGvMJNLA&edm=ADp7STQBAAAA&ccb=7-5&oh=00_AQAnfDV_DFRWmquhXdI8ee5mT9X5V-AnRHPppryhgkdlAw&oe=6A68BFD4&_nc_sid=c6f216,False
https://www.instagram.com/biswakalyanrath,17629,225,2026-06-21T02:56:48.000Z,Video,"Fulfilling my gymmedari of being a comedian dad w @wearecult 🤓 What’s the best dad joke you’ve heard from your dad?👇🏻
.
.
.
#FathersDay #DadJokes #wearecult #fitness #BeBetterEveryday",https://www.instagram.com/p/DZ1Pb1NoIGi/,DZ1Pb1NoIGi,https://instagram.fmel18-1.fna.fbcdn.net/v/t51.82787-15/726988186_18602135590021924_7270741177789190621_n.jpg?stp=dst-jpg_e15_tt6&_nc_cat=110&ig_cache_key=MzkyNDExMDUzMzU4MzczMzE1NDE4NjAyMTM1NTg0MDIxOTI0.3-ccb7-5&ccb=7-5&_nc_sid=58cdad&efg=eyJ2ZW5jb2RlX3RhZyI6IkNMSVBTLnhwaWRzLjg5Ny5zZHIudmlkZW9fZGVmYXVsdF9jb3Zlcl9mcmFtZS5DMyJ9&_nc_ohc=uxmRL-9EDuEQ7kNvwH2mIZq&_nc_oc=AdrK3FjpqGkykyUTyWC6eZoKq93BxqjrPXa_IFv4-6O5_gBR6PkaALykjQgR_P-c-o0&_nc_zt=23&_nc_ht=instagram.fmel18-1.fna&_nc_gid=vTzyaML49dkR5ccVGBu7yA&_nc_ss=7ca8c&oh=00_AQDlMy_EKDigmv5K_z7JFkXKmOgDIkQRJ3WbcVAjPZZoEg&oe=6A68CE65,False
https://www.instagram.com/biswakalyanrath,34827,653,2026-06-16T08:19:08.000Z,Video,"Vibecoding is injurious to health. Learn fundamentals with Scaler. 

Scaler brings a holistic AI-powered learning experience: industry-led case studies, real-world AI projects, and a 24/7 AI assistant, everything you need to build what’s next.

#ScalerXBiswa #NotDoneAI #ScalerAILearning",https://www.instagram.com/p/DZo7fOPNBAA/,DZo7fOPNBAA,https://scontent-ham3-1.cdninstagram.com/v/t51.82787-15/723216081_18600555457021924_3197854300905018773_n.jpg?stp=dst-jpg_e15_tt6&_nc_ht=scontent-ham3-1.cdninstagram.com&_nc_cat=104&_nc_oc=Q6cZ2gFrbvE-XS9VzSa0570p5fBz7j938sYVB0Kv5xJX-np1LpM_DU-jdcNqZseorVt9LEI8HnR2Sg9ORqCjHnlfhOh8&_nc_ohc=20H8t5koeH0Q7kNvwFWcJT-&_nc_gid=fZ3H3sa_nykXfU1MF-1Kzw&edm=ADp7STQBAAAA&ccb=7-5&oh=00_AQBINYl52VhDryMKFadqJrlonziqOXFaV_Y7LXmM21Htgw&oe=6A68D86C&_nc_sid=c6f216,False
https://www.instagram.com/biswakalyanrath,5847,98,2026-06-11T07:46:08.000Z,Video,"पैदा क्यों होना है? पहले तुम नहीं थे, बाद मैं तुम नहीं रहोगे । बीच मैं साँस क्यों लेना है? 

खैर, पैदा हो गए हो तो यह जान लो, १० मिनट मैं instahelp available 

अच्छा लगा जान के? जाओ अब, कब तक यह कैप्शन पढ़ोगे भाई 

अरे जाओ भाई , ९० सेकंड का रील देख के १०० सेकंड कैप्शन पढ़ने मैं क्यों लगा रहे हो 

कुछ नहीं है भाई इस कैप्शन मैं 

तुम्हारा टाइम वेस्ट कर रहा हूँ 

ग़ज़ब इंसान हो भाई, यहाँ तक पढ़ लिए?

पढ़ना इतना पसंद है तो लाइब्रेरी जाओ, देश का भलाई करो, यह क्या पढ़ रहे हो",https://www.instagram.com/p/DZb8-55N4iW/,DZb8-55N4iW,https://scontent-cdg4-1.cdninstagram.com/v/t51.82787-15/720167645_18599253835021924_4179957179623164036_n.jpg?stp=dst-jpg_e15_tt6&_nc_ht=scontent-cdg4-1.cdninstagram.com&_nc_cat=104&_nc_oc=Q6cZ2gFgIpmbWGy13CCbeCimEH_0KkZLbXGsyBdgzEIabeYGM_FcXIL_9tBQ-EiuIiJPp6nECFhxjUz7rUxz1G0Eue5l&_nc_ohc=DNN3jx8pFfsQ7kNvwFOIgVC&_nc_gid=uXslosv4fCpmq7XYbVJ2Ag&edm=ADp7STQBAAAA&ccb=7-5&oh=00_AQAenBqNSsjmSHHVhi5_uQnRFLqEUsyexMdqzo9LoCDWBQ&oe=6A68DA43&_nc_sid=c6f216,False
https://www.instagram.com/biswakalyanrath,7202,59,2026-05-08T11:14:56.000Z,Video,"Bhai logon, spontaneous road trip at your own risk! Mine was about to get spoilt, but Myntra mnow ne bacha liya. Dropped looks after looks. 
Varna humara vacation was turning into laundry on wheels. 

By the way, Detergent ka sugandh is a great car freshener.",https://www.instagram.com/p/DYE1h5Otyu_/,DYE1h5Otyu_,https://instagram.fein1-2.fna.fbcdn.net/v/t51.71878-15/688916286_1285495370446145_4239441401821908379_n.jpg?stp=dst-jpg_e15_tt6&_nc_ht=instagram.fein1-2.fna.fbcdn.net&_nc_cat=105&_nc_oc=Q6cZ2gH4YZmx5YlPfRwwEvCrKPdM8nSJl7CtpK-6RwxopmiPW6y1De4y9GLqC9lt6a73RIU&_nc_ohc=yZRmaa4nt0MQ7kNvwE1NdxE&_nc_gid=YiS76c433rhQLDztfaLGkw&edm=ADp7STQBAAAA&ccb=7-5&oh=00_AQD7Oiw-Gulz1lnpSaBLrr571d-gGVIX4vAGBl_gROY2hA&oe=6A68C706&_nc_sid=c6f216,False
https://www.instagram.com/biswakalyanrath,13556,180,2026-05-06T07:50:56.000Z,Video,"Releasing new video, exciting. But buying new TV, boring AF

#ad",https://www.instagram.com/p/DX_UMJJxAgV/,DX_UMJJxAgV,https://instagram.fmad20-1.fna.fbcdn.net/v/t51.71878-15/691299082_1647025959661917_7060430616123981237_n.jpg?stp=dst-jpg_e15_tt6&_nc_ht=instagram.fmad20-1.fna.fbcdn.net&_nc_cat=109&_nc_oc=Q6cZ2gEQAf7lBA9tR8ZJKWiziMx8zgi0tHoeKF8wt9FyrOQjELjGwo9lDbjsxVJ7eVNQp6U&_nc_ohc=GtEGzAFL7O4Q7kNvwFpLVDb&_nc_gid=yJLgonsmFK3t4NBKub08Rw&edm=ADp7STQBAAAA&ccb=7-5&oh=00_AQDNdGLrRoCaGMX2SdqptP5HhFoPLyu41K_2jSQqgi0vyw&oe=6A68E044&_nc_sid=c6f216,False
https://www.instagram.com/biswakalyanrath,55542,864,2026-04-15T08:13:54.000Z,Video,"India tour dates 

May 10th - Hyderabad 
May 15th - Thane
May 17th - Mumbai
May 22nd -24th - Bangalore
May 30th - Pune
May 31st - Kolkata
June 6th - Delhi
June 14th - Chennai",https://www.instagram.com/p/DXJSHZ5DSte/,DXJSHZ5DSte,https://scontent-ber1-1.cdninstagram.com/v/t51.71878-15/670483553_2053418302258430_4199326664399041889_n.jpg?stp=dst-jpg_e15_tt6&_nc_ht=scontent-ber1-1.cdninstagram.com&_nc_cat=102&_nc_oc=Q6cZ2gG-8uJBKFetIpVGhbR3_2XnsbhfM7td0dGSIKmSpDhn3BApxSn-tzmNUaM1PmbeOh0&_nc_ohc=tf3t6D1t0fkQ7kNvwHoOTvY&_nc_gid=Vlap1puY8A96E7Vn3pAWqQ&edm=ADp7STQBAAAA&ccb=7-5&oh=00_AQDRzzLB0p3kqdxLJKSYHI5-YRHvA0j5tkMDchq1tKVDJA&oe=6A68DD69&_nc_sid=c6f216,False
https://www.instagram.com/gauravkpoor,4638,22,2026-07-24T04:35:47.000Z,Video,"USA | CANADA | INDIA
TICKET LINK IN BIO

*USA & CANADA*
KITCHENER - 11th Sept
TORONTO - 12th Sept
NEW YORK - 13th Sept
PHILADELPHIA - 16th Sept
BOSTON - 18th Sept
CHICAGO - 19th Sept
DC - 20th Sept
CHARLOTTE - 23rd Sept
RALEIGH - 24th Sept
ATLANTA - 25th Sept
HOUSTON - 26th Sept
DALLAS - 27th Sept
AUSTIN - 30th Sept
SAN DIEGO - 3rd Oct
BAY AREA - 4th Oct
PORTLAND - 9th Oct
SEATTLE - 10th Oct
VANCOUVER - 11th Oct
EDMONTON - 12th Oct
CALGARY - 13th Oct

*INDIA TOUR*
AHMEDABAD - 25th July
SURAT - 26th July
MUMBAI - 9th August",https://www.instagram.com/p/DbKZJfYqjSP/,DbKZJfYqjSP,https://scontent-fra5-2.cdninstagram.com/v/t51.82787-15/755331817_18401852389095962_8536292743011666906_n.jpg?stp=dst-jpg_e35_p1080x1080_sh2.08_tt6&_nc_ht=scontent-fra5-2.cdninstagram.com&_nc_cat=1&_nc_oc=Q6cZ2gHC3jfaPPZ18Ba1TgNRYkSa3jBVLO2RYS4FIyxdsfr45SYFxDMu-VK7BIHYllIIkME&_nc_ohc=pF7KGl7ZLn8Q7kNvwHv-NXj&_nc_gid=f-G5uJa-cKzyqWgDyADXzQ&edm=ADp7STQBAAAA&ccb=7-5&oh=00_AQDfrEqUwUx8AZRubiPZRYXF0JBJS08a5-iCDiPqZeJvpA&oe=6A68DAE8&_nc_sid=c6f216,False
https://www.instagram.com/gauravkpoor,173574,1372,2026-07-19T20:10:17.000Z,Video,CHADDAR,https://www.instagram.com/p/Da_MIhFSGRY/,Da_MIhFSGRY,https://scontent-cdg4-1.cdninstagram.com/v/t51.82787-15/753053479_18401315569095962_6127176092698489123_n.jpg?stp=dst-jpg_e35_p1080x1080_sh2.08_tt6&_nc_ht=scontent-cdg4-1.cdninstagram.com&_nc_cat=102&_nc_oc=Q6cZ2gGEMLD68rpP4tYaDvv9o0Dv8YJIGjd2xASIbuXtq-n6tjiC444fA81xH4YkYJ6lWoI2Qi_1f_TFCfdqT0rSx-vl&_nc_ohc=OxSgT5bIhrYQ7kNvwF1lkVg&_nc_gid=y-oZFsPQI9K-ldAUpEhPkQ&edm=ADp7STQBAAAA&ccb=7-5&oh=00_AQAsFIl90Pth0_uClJRiNlcwLEc-wuTaLvGY10GHGzleIg&oe=6A68DB66&_nc_sid=c6f216,False
https://www.instagram.com/gauravkpoor,25910,63,2026-07-17T05:10:49.000Z,Video,"INDIA | USA | CANADA
TICKET LINK IN BIO

*INDIA TOUR*
GURGAON - 18th July
DELHI - 19th July
AHMEDABAD - 25th July
SURAT - 26th July
MUMBAI - 9th August

*USA & CANADA*
KITCHENER - 11th Sept
TORONTO - 12th Sept
NEW YORK - 13th Sept
PHILADELPHIA - 16th Sept
BOSTON - 18th Sept
CHICAGO - 19th Sept
DC - 20th Sept
CHARLOTTE - 23rd Sept
RALEIGH - 24th Sept
ATLANTA - 25th Sept
HOUSTON - 26th Sept
DALLAS - 27th Sept
AUSTIN - 30th Sept
SAN DIEGO - 3rd Oct
BAY AREA - 4th Oct
PORTLAND - 9th Oct
SEATTLE - 10th Oct
VANCOUVER - 11th Oct
EDMONTON - 12th Oct
CALGARY - 13th Oct",https://www.instagram.com/p/Da4bpGNqOsJ/,Da4bpGNqOsJ,https://instagram.flhr3-4.fna.fbcdn.net/v/t51.82787-15/748089110_18400948963095962_3102598349677343004_n.jpg?stp=dst-jpg_e15_fr_p1080x1080_tt6&_nc_ht=instagram.flhr3-4.fna.fbcdn.net&_nc_cat=102&_nc_oc=Q6cZ2gE_BbFBp8E2zhl6XJ7LZ0OrsJMAAZvCOyrKTNMcNBe_GikAk9iPzfo0Cb2Gqak2vK0&_nc_ohc=k-jfudq7uHkQ7kNvwH9NZqg&_nc_gid=P4K-lXjLPfe5SSeySE58PA&edm=ADp7STQBAAAA&ccb=7-5&oh=00_AQCTOXE4-aVPnTtMloNh5yASl70Yfowv3bpH_-wcY1Hs7A&oe=6A68D9DC&_nc_sid=c6f216,False
https://www.instagram.com/gauravkpoor,97694,153,2026-07-06T14:13:01.000Z,Video,"INDIA | USA | CANADA
TICKET LINK IN BIO

*INDIA TOUR*
BENGALURU - 8th July
PUNE - 11th & 12th July
GURGAON - 14th July
DELHI - 19th July
AHMEDABAD - 25th July
SURAT - 26th July
MUMBAI - 9th August

*USA & CANADA*
KITCHENER - 11th Sept
TORONTO - 12th Sept
NEW YORK - 13th Sept
PHILADELPHIA - 16th Sept
BOSTON - 18th Sept
CHICAGO - 19th Sept
DC - 20th Sept
CHARLOTTE - 23rd Sept
RALEIGH - 24th Sept
ATLANTA - 25th Sept
HOUSTON - 26th Sept
DALLAS - 27th Sept
AUSTIN - 30th Sept
SAN DIEGO - 3rd Oct
BAY AREA - 4th Oct
PORTLAND - 9th Oct
SEATTLE - 10th Oct
VANCOUVER - 11th Oct
EDMONTON - 12th Oct
CALGARY - 13th Oct",https://www.instagram.com/p/DadE3UNvs1M/,DadE3UNvs1M,https://scontent-waw2-2.cdninstagram.com/v/t51.82787-15/735504582_18399600994095962_779638277899800684_n.jpg?stp=dst-jpg_e15_fr_p1080x1080_tt6&_nc_ht=scontent-waw2-2.cdninstagram.com&_nc_cat=102&_nc_oc=Q6cZ2gG-zua2yUFyuiTIMWB2pCiDemEEI5D-qVRZvDN_Zr6yXvRXxksIPAhCZtiSlcSaHek&_nc_ohc=C5s7MzgqyYEQ7kNvwHxf682&_nc_gid=Y_Tzu0YueDsoBwXFKHFNQQ&edm=ADp7STQBAAAA&ccb=7-5&oh=00_AQBOzoQ9G8eD5JDKXZtB-OFd84MDIJ7O0uumkY2w960cLQ&oe=6A68C966&_nc_sid=c6f216,False
https://www.instagram.com/gauravkpoor,33514,80,2026-07-04T12:01:11.000Z,Video,"INDIA | USA | CANADA
TICKET LINK IN BIO

*INDIA TOUR*

HYDERABAD - 5th July
BENGALURU - 8th July
PUNE - 11th & 12th July
GURGAON - 14th July
DELHI - 19th July
AHMEDABAD - 25th July
SURAT - 26th July
MUMBAI - 9th August

*USA & CANADA*
KITCHENER - 11th Sept
TORONTO - 12th Sept
NEW YORK - 13th Sept
PHILADELPHIA - 16th Sept
BOSTON - 18th Sept
CHICAGO - 19th Sept
DC - 20th Sept
CHARLOTTE - 23rd Sept
RALEIGH - 24th Sept
ATLANTA - 25th Sept
HOUSTON - 26th Sept
DALLAS - 27th Sept
AUSTIN - 30th Sept
SAN DIEGO - 3rd Oct
BAY AREA - 4th Oct
PORTLAND - 9th Oct
SEATTLE - 10th Oct
VANCOUVER - 11th Oct
EDMONTON - 12th Oct
CALGARY - 13th Oct",https://www.instagram.com/p/DaXrxhdPRng/,DaXrxhdPRng,https://instagram.fvll1-1.fna.fbcdn.net/v/t51.82787-15/736493670_18399320344095962_8127223967109668793_n.jpg?stp=dst-jpg_e15_fr_p1080x1080_tt6&_nc_ht=instagram.fvll1-1.fna.fbcdn.net&_nc_cat=102&_nc_oc=Q6cZ2gHtqVvKpVJSag_YP5BXV1FSDOA37fqBO15HRNswBHkUOZ25IxbS85HazPjP-1zrYJ8&_nc_ohc=p4Xo6ClTJzAQ7kNvwHT4SAf&_nc_gid=tJJR0uzZUNl7EjTRLJrSZw&edm=ADp7STQBAAAA&ccb=7-5&oh=00_AQAzOeZU0JBB3td9DtjgUpTj0HsBxbSWfwEMKdoPL0Jw2Q&oe=6A68D232&_nc_sid=c6f216,False
https://www.instagram.com/gauravkpoor,99324,388,2026-07-03T05:32:04.000Z,Video,"INDIA | USA | CANADA
TICKET LINK IN BIO

*INDIA TOUR*

RAIPUR - 4th July
HYDERABAD - 5th July
PUNE - 11th & 12th July
GURGAON - 14th July
DELHI - 19th July
AHMEDABAD - 25th July
SURAT - 26th July
MUMBAI - 9th August

*USA & CANADA*
KITCHENER - 11th Sept
TORONTO - 12th Sept
NEW YORK - 13th Sept
PHILADELPHIA - 16th Sept
BOSTON - 18th Sept
CHICAGO - 19th Sept
DC - 20th Sept
CHARLOTTE - 23rd Sept
RALEIGH - 24th Sept
ATLANTA - 25th Sept
HOUSTON - 26th Sept
DALLAS - 27th Sept
AUSTIN - 30th Sept
SAN DIEGO - 3rd Oct
BAY AREA - 4th Oct
PORTLAND - 9th Oct
SEATTLE - 10th Oct
VANCOUVER - 11th Oct
EDMONTON - 12th Oct
CALGARY - 13th Oct",https://www.instagram.com/p/DaUazhuzjzJ/,DaUazhuzjzJ,https://scontent-waw2-2.cdninstagram.com/v/t51.82787-15/732654704_18399166117095962_3596661714309940002_n.jpg?stp=dst-jpg_e15_fr_p1080x1080_tt6&_nc_ht=scontent-waw2-2.cdninstagram.com&_nc_cat=102&_nc_oc=Q6cZ2gHY9MEA3vEUVjoMdKUTc2dcQ8JkJeyuI4JdMzlhHnq1XFnqfaEBZWpz78ZvJVh9DOY&_nc_ohc=Obs0yqvDxj8Q7kNvwFgC5k4&_nc_gid=JbOLQ2_TlOWwk5v3Uv1Cng&edm=ADp7STQBAAAA&ccb=7-5&oh=00_AQDqUvE4xawODvq1hl3bAmCjyf4DFTHXFL8-T_u5cB60Gg&oe=6A68CA5C&_nc_sid=c6f216,False
https://www.instagram.com/gauravkpoor,3059,35,2026-07-02T09:20:41.000Z,Video,"Food review? Haan. Roast review? Pakka. Gaurav Kapoor understood the assignment perfectly.

Dekhiye #MaaHaiNa on Hindi Zee 5

@lilfrodoproductions @preeti_simoes @neeti_simoes 

@theshilpashetty @fun.with.gullu.g @bhagyabro
@kshitijdholakia @urvashidholakia @afgan__sha_ @sahida__ansari #AfganAnsari @officialsunitaahuja @tina.ahuja @tanyamittalofficial @manisharani002 @gauravkpoor @kingaliasgar @chandanprabhakar @zee5 @zee5global #Zee5exclusive

@fortune.foods @madhusudan.dairy @sfmomsmagic @chingssecret @crystalcooknserve @everestspices @liebherrappliancesindia",https://www.instagram.com/p/DaSQMO4Nu1Y/,DaSQMO4Nu1Y,https://scontent-lga3-2.cdninstagram.com/v/t51.71878-15/732496259_1750861572579769_2846970639650673323_n.jpg?stp=dst-jpg_e15_tt6&_nc_ht=scontent-lga3-2.cdninstagram.com&_nc_cat=101&_nc_oc=Q6cZ2gFprkyGxLQTxBMZxO3FJXgE_VGsLfrGNA5XGD48Mb5TejLSZgFUdwzCVZHcBxC1Kbs&_nc_ohc=bN1t7ptdNiYQ7kNvwGBqsMB&_nc_gid=GNr1rGb5_JvhQA6eeodaag&edm=ADp7STQBAAAA&ccb=7-5&oh=00_AQCRYuaHoGQMkWmLUr2mJKu4QA3tCYJ5ybkEMScJIKo9KA&oe=6A68DA1A&_nc_sid=c6f216,False
https://www.instagram.com/gauravkpoor,88539,185,2026-07-02T05:09:24.000Z,Video,"INDIA | USA | CANADA
TICKET LINK IN BIO

*INDIA TOUR*

RAIPUR - 4th July
HYDERABAD - 5th July
PUNE - 11th & 12th July
GURGAON - 14th July
DELHI - 19th July
AHMEDABAD - 25th July
SURAT - 26th July
MUMBAI - 9th August

*USA & CANADA*
KITCHENER - 11th Sept
TORONTO - 12th Sept
NEW YORK - 13th Sept
PHILADELPHIA - 16th Sept
BOSTON - 18th Sept
CHICAGO - 19th Sept
DC - 20th Sept
CHARLOTTE - 23rd Sept
RALEIGH - 24th Sept
ATLANTA - 25th Sept
HOUSTON - 26th Sept
DALLAS - 27th Sept
AUSTIN - 30th Sept
SAN DIEGO - 3rd Oct
BAY AREA - 4th Oct
PORTLAND - 9th Oct
SEATTLE - 10th Oct
VANCOUVER - 11th Oct
EDMONTON - 12th Oct
CALGARY - 13th Oct",https://www.instagram.com/p/DaRzZQNRwKE/,DaRzZQNRwKE,https://instagram.fsyd3-2.fna.fbcdn.net/v/t51.82787-15/731652941_18399042037095962_2550552589919959600_n.jpg?stp=dst-jpg_e15_fr_p1080x1080_tt6&_nc_ht=instagram.fsyd3-2.fna.fbcdn.net&_nc_cat=102&_nc_oc=Q6cZ2gFKmsZZr64HEA9hV7jqwpPvQv4_PEyf0P4FJuujMkNOMD1oRgMAE5yeumxwZNh0yVM&_nc_ohc=wx9yqMI08QYQ7kNvwEEL9Zm&_nc_gid=lpAzEHNBvf55wMo28AEAoQ&edm=ADp7STQBAAAA&ccb=7-5&oh=00_AQBAPYpXOYHtMmnsHGnJizAEqbJ0gx71XDmnWMF6eA_ZsA&oe=6A68BA7C&_nc_sid=c6f216,False
https://www.instagram.com/gauravkpoor,54760,253,2026-06-30T13:39:17.000Z,Video,"PAMPER(ED) PARENTING :)
#ad",https://www.instagram.com/p/DaNjbG7PKRE/,DaNjbG7PKRE,https://scontent-elp3-1.cdninstagram.com/v/t51.82787-15/734768011_18398838421095962_5762544219559064842_n.jpg?stp=dst-jpg_e15_fr_p1080x1080_tt6&_nc_ht=scontent-elp3-1.cdninstagram.com&_nc_cat=102&_nc_oc=Q6cZ2gHHGng-A5XIS0e8-PGLOyCsTLu_BRk0fUoVKpFSkacrZDVLa0k3WZ_uyu1LJEl9Y0Q-0e0weShXs8gBXCNRuTfo&_nc_ohc=7xnktqvYblkQ7kNvwFrkNil&_nc_gid=_ZCs-SiwD6RiNYx-q8D1og&edm=ADp7STQBAAAA&ccb=7-5&oh=00_AQDRDU3_-Ht9UmtxSUPHS5EInnVerIQdt4juKerBC6R2bQ&oe=6A68DDD9&_nc_sid=c6f216,False
https://www.instagram.com/gauravkpoor,161868,323,2026-06-26T09:38:21.000Z,Video,"INDIA | USA | CANADA
TICKET LINK IN BIO

*INDIA TOUR*
GURGAON - 30th June
HYDERABAD - 5th July
PUNE - 11th & 12th July
DELHI - 19th July
AHMEDABAD - 25th July
SURAT - 26th July
MUMBAI - 9th August

*USA & CANADA*
KITCHENER - 11th Sept
TORONTO - 12th Sept
NEW YORK - 13th Sept
PHILADELPHIA - 16th Sept
BOSTON - 18th Sept
CHICAGO - 19th Sept
DC - 20th Sept
CHARLOTTE - 23rd Sept
RALEIGH - 24th Sept
ATLANTA - 25th Sept
HOUSTON - 26th Sept
DALLAS - 27th Sept
AUSTIN - 30th Sept
SAN DIEGO - 3rd Oct
BAY AREA - 4th Oct
PORTLAND - 9th Oct
SEATTLE - 10th Oct
VANCOUVER - 11th Oct
EDMONTON - 12th Oct
CALGARY - 13th Oct",https://www.instagram.com/p/DaC0JVsuT5x/,DaC0JVsuT5x,https://instagram.fvll1-1.fna.fbcdn.net/v/t51.82787-15/730498025_18398275525095962_540159010637971035_n.jpg?stp=dst-jpg_e35_p1080x1080_sh2.08_tt6&_nc_ht=instagram.fvll1-1.fna.fbcdn.net&_nc_cat=102&_nc_oc=Q6cZ2gGxQ_8CWSkF8fq2PZCyWcv5ERg_maj6SaraMv4Qo1bB4l7gGj1LEB2crz2opxkWRmU&_nc_ohc=r5DoK8xtO6wQ7kNvwER3ItK&_nc_gid=Ew7gMYWOnENUDXWYQL2tEA&edm=ADp7STQBAAAA&ccb=7-5&oh=00_AQD4I2mHsU7LbHiOmJJUIDJeYD9fut-7CnbqD4soD0O2CA&oe=6A68E221&_nc_sid=c6f216,False
https://www.instagram.com/gauravkpoor,158939,727,2026-06-23T12:33:50.000Z,Video,"INDIA | USA | CANADA
TICKET LINK IN BIO

*INDIA TOUR*
GURGAON - 30th June
HYDERABAD - 5th July
PUNE - 11th & 12th July
DELHI - 19th July
AHMEDABAD - 25th July
SURAT - 26th July
MUMBAI - 9th August

*USA & CANADA*
KITCHENER - 11th Sept
TORONTO - 12th Sept
NEW YORK - 13th Sept
PHILADELPHIA - 16th Sept
BOSTON - 18th Sept
CHICAGO - 19th Sept
DC - 20th Sept
CHARLOTTE - 23rd Sept
RALEIGH - 24th Sept
ATLANTA - 25th Sept
HOUSTON - 26th Sept
DALLAS - 27th Sept
AUSTIN - 30th Sept
SAN DIEGO - 3rd Oct
BAY AREA - 4th Oct
PORTLAND - 9th Oct
SEATTLE - 10th Oct
VANCOUVER - 11th Oct
EDMONTON - 12th Oct
CALGARY - 13th Oct",https://www.instagram.com/p/DZ7bRFlMOt_/,DZ7bRFlMOt_,https://instagram.fvlc6-1.fna.fbcdn.net/v/t51.82787-15/730762301_18397893373095962_6545828948684839821_n.jpg?stp=dst-jpg_e15_fr_p1080x1080_tt6&_nc_ht=instagram.fvlc6-1.fna.fbcdn.net&_nc_cat=102&_nc_oc=Q6cZ2gEjEUDBbXtyMfjeCAU8LGomKMagSQoy6Am0Zxe4mM4ux89BuukvFDvlrooTY_u2nOE&_nc_ohc=MA2cEs0wlrIQ7kNvwGRKwjy&_nc_gid=wFtGiTkHT16Z5x2rzYnZ0w&edm=ADp7STQBAAAA&ccb=7-5&oh=00_AQBgWCN790jIZYbMPikkc0GbEs--2rYXIYHe8ptIZEoubg&oe=6A68DEAA&_nc_sid=c6f216,False
https://www.instagram.com/gauravkpoor,67614,89,2026-06-22T14:21:48.000Z,Video,"INDIA | USA | CANADA
TICKET LINK IN BIO

*INDIA TOUR*
GURGAON - 30th June
HYDERABAD - 5th July
PUNE - 11th & 12th July
DELHI - 19th July
AHMEDABAD - 25th July
SURAT - 26th July
MUMBAI - 9th August

*USA & CANADA*
KITCHENER - 11th Sept
TORONTO - 12th Sept
NEW YORK - 13th Sept
PHILADELPHIA - 16th Sept
BOSTON - 18th Sept
CHICAGO - 19th Sept
DC - 20th Sept
CHARLOTTE - 23rd Sept
RALEIGH - 24th Sept
ATLANTA - 25th Sept
HOUSTON - 26th Sept
DALLAS - 27th Sept
AUSTIN - 30th Sept
SAN DIEGO - 3rd Oct
BAY AREA - 4th Oct
PORTLAND - 9th Oct
SEATTLE - 10th Oct
VANCOUVER - 11th Oct
EDMONTON - 12th Oct
CALGARY - 13th Oct

*UK TOUR*
MAIDENHEAD - 24th June
BIRMINGHAM - 27th June
READING - 27th June",https://www.instagram.com/p/DZ5Cg42s4Dd/,DZ5Cg42s4Dd,https://instagram.fcps1-1.fna.fbcdn.net/v/t51.82787-15/729629466_18397774351095962_6502771649578836030_n.jpg?stp=dst-jpg_e35_p1080x1080_sh2.08_tt6&_nc_ht=instagram.fcps1-1.fna.fbcdn.net&_nc_cat=102&_nc_oc=Q6cZ2gHeE_qfhHy4ND8CH26Z-Z9_Ji55OvwaDDOpfImBicNJL9-Q71Cq-FGRe-mnnUkiCcw&_nc_ohc=7bAaa3R9VjcQ7kNvwF7UVBt&_nc_gid=6F4Kwf1OKdz1NBKnSnQ3-Q&edm=ADp7STQBAAAA&ccb=7-5&oh=00_AQDqo3AStoA5O5L-VcxE0PpVH44TbSRwM_mSFi1r8ddreg&oe=6A68E30D&_nc_sid=c6f216,False
https://www.instagram.com/gauravkpoor,88536,272,2026-06-21T11:37:01.000Z,Video,"INDIA | USA | CANADA
TICKET LINK IN BIO

*INDIA TOUR*
GURGAON - 30th June
HYDERABAD - 5th July
PUNE - 11th & 12th July
DELHI - 19th July
AHMEDABAD - 25th July
SURAT - 26th July
MUMBAI - 9th August

*USA & CANADA*
KITCHENER - 11th Sept
TORONTO - 12th Sept
NEW YORK - 13th Sept
PHILADELPHIA - 16th Sept
BOSTON - 18th Sept
CHICAGO - 19th Sept
DC - 20th Sept
CHARLOTTE - 23rd Sept
RALEIGH - 24th Sept
ATLANTA - 25th Sept
HOUSTON - 26th Sept
DALLAS - 27th Sept
AUSTIN - 30th Sept
SAN DIEGO - 3rd Oct
BAY AREA - 4th Oct
PORTLAND - 9th Oct
SEATTLE - 10th Oct
VANCOUVER - 11th Oct
EDMONTON - 12th Oct
CALGARY - 13th Oct",https://www.instagram.com/p/DZ2LBKwu-vN/,DZ2LBKwu-vN,https://scontent-mad1-1.cdninstagram.com/v/t51.82787-15/729552034_18397618096095962_7489337396484825172_n.jpg?stp=dst-jpg_e15_fr_p1080x1080_tt6&_nc_ht=scontent-mad1-1.cdninstagram.com&_nc_cat=102&_nc_oc=Q6cZ2gEp9NoYYNOkJ8ksWNUUMZcb4H94M1r3vkY1ZjAlDyM5Cn27B6ceB07kcbcITpk_Auc&_nc_ohc=EBdo1z1ZPCwQ7kNvwEzG6gn&_nc_gid=WgY30RR0DkepI9yDpxAPIQ&edm=ADp7STQBAAAA&ccb=7-5&oh=00_AQAOtKqSJVmJCJdI8wsBGXKBuLR6k-tQQvBNMb5wkqgbKg&oe=6A68C448&_nc_sid=c6f216,False
https://www.instagram.com/gauravkpoor,147923,808,2026-06-16T08:01:32.000Z,Video,"INDIA | UK | USA CANADA
TICKET LINK IN BIO

*UK TOUR*
BIRMINGHAM - 20th June
LONDON - 21st June
MAIDENHEAD - 24th June
READING - 27th June

*INDIA TOUR*
HYDERABAD - 5th July
PUNE - 11th & 12th July
DELHI - 19th July
AHMEDABAD - 25th July
SURAT - 26th July
MUMBAI - 9th August

*USA & CANADA*
KITCHENER - 11th Sept
TORONTO - 12th Sept
NEW YORK - 13th Sept
PHILADELPHIA - 16th Sept
BOSTON - 18th Sept
CHICAGO - 19th Sept
DC - 20th Sept
CHARLOTTE - 23rd Sept
RALEIGH - 24th Sept
ATLANTA - 25th Sept
HOUSTON - 26th Sept
DALLAS - 27th Sept
AUSTIN - 30th Sept
SAN DIEGO - 3rd Oct
BAY AREA - 4th Oct
PORTLAND - 9th Oct
SEATTLE - 10th Oct
VANCOUVER - 11th Oct
EDMONTON - 12th Oct
CALGARY - 13th Oct",https://www.instagram.com/p/DZo6f1nRLqb/,DZo6f1nRLqb,https://scontent-muc2-1.cdninstagram.com/v/t51.82787-15/724119036_18396943693095962_8259364149206178196_n.jpg?stp=dst-jpg_e35_p1080x1080_sh2.08_tt6&_nc_ht=scontent-muc2-1.cdninstagram.com&_nc_cat=102&_nc_oc=Q6cZ2gGrrfZ6o6hbPGJ4gEqBwYb7PoW94O4CTuszjebj_iKD3o70wouGJancMspQ5iR3zSI&_nc_ohc=T6KufLM4iOsQ7kNvwGG8Ttc&_nc_gid=5yLJ3kWIstcoMF4ZWhvIvQ&edm=ADp7STQBAAAA&ccb=7-5&oh=00_AQCdkGdbEoExr3m3bR0Udfr2pwc1KdjbIQ4mZEzWNQEb7w&oe=6A68CB43&_nc_sid=c6f216,False
https://www.instagram.com/gauravkpoor,55689,332,2026-06-15T08:30:06.000Z,Video,aaj Khushi ke mahaul me sach bata deta hu ..,https://www.instagram.com/p/DZmY8cGRjSY/,DZmY8cGRjSY,https://scontent-dfw6-1.cdninstagram.com/v/t51.82787-15/724527133_18396824761095962_8881577962862836253_n.jpg?stp=dst-jpg_e35_p1080x1080_sh2.08_tt6&_nc_ht=scontent-dfw6-1.cdninstagram.com&_nc_cat=102&_nc_oc=Q6cZ2gGxPvbuHH6w5_Kin45mn0d3YFrA14IjhG9Fd27cZw2jAXvl59hBmwRiXAOoFM_laxY&_nc_ohc=fmzS7F33ac0Q7kNvwHTildv&_nc_gid=lbpBwuITYrUhLWatPt8uPg&edm=ADp7STQBAAAA&ccb=7-5&oh=00_AQCORpWA3OUZAmksN8o6_fTCruhhBhCicXuoImu6KwfP3Q&oe=6A68E1A1&_nc_sid=c6f216,False
https://www.instagram.com/ashok_sharma_1711,16964,99,2026-07-23T16:10:42.000Z,Sidecar,"One jersey. One dream. One unforgettable debut. 🇮🇳🔥 

#teamindia🇮🇳",https://www.instagram.com/p/DbJEBzYiDv9/,DbJEBzYiDv9,https://scontent-ham3-1.cdninstagram.com/v/t51.82787-15/753225106_18420088513194861_5478077174667880216_n.jpg?stp=dst-jpg_e35_tt6&_nc_cat=1&ig_cache_key=Mzk0NzcwMDUyMzI0NDkzMzMyNg%3D%3D.3-ccb7-5&ccb=7-5&_nc_sid=58cdad&efg=eyJ2ZW5jb2RlX3RhZyI6IkNBUk9VU0VMX0lURU0ueHBpZHMuMTQ0MC5zZHIucmVndWxhcl9waG90by5DMyJ9&_nc_ohc=ZbHkoxh6lK8Q7kNvwEBw8YS&_nc_oc=AdpLKYjijQEFFNd-v77gTDL4iUi_SKRDDXYQXhcrPMNEPmfK3zNUpXZqkw9BDaTzKcA&_nc_zt=23&_nc_ht=scontent-ham3-1.cdninstagram.com&_nc_gid=PnoApJpfRv1vODgeYAohRQ&_nc_ss=72a8c&oh=00_AQBl3EjJabCzfk3GcFaL3JSjBJbK2xZU_XQTf6Ougpdvxw&oe=6A68C8F9,False
https://www.instagram.com/ashok_sharma_1711,66922,191,2026-06-27T12:00:21.000Z,Sidecar,"Blessed by the journey, guided by faith. ❤️

#jaishreeram🚩 
#neemkarolibaba",https://www.instagram.com/p/DaFqtbhASJd/,DaFqtbhASJd,https://scontent-ssn1-1.cdninstagram.com/v/t51.82787-15/729979599_18415494643194861_8050063114679068877_n.jpg?stp=dst-jpegr_e35_tt6&_nc_cat=104&ig_cache_key=MzkyODcxOTg5NTc2NDEwMTIxMg%3D%3D.3-ccb7-5&ccb=7-5&_nc_sid=58cdad&efg=eyJ2ZW5jb2RlX3RhZyI6IkNBUk9VU0VMX0lURU0ueHBpZHMuMTQ0MC5oZHIucmVndWxhcl9waG90by5DMyJ9&_nc_ohc=E0v1lEcHjacQ7kNvwEdbqgD&_nc_oc=AdoK2HNW36IhFQzlkDuDtuYB-_4epxyBF8P41SAuKK4s-LSp_SKzz_h9Dt6MmQ32VnU&_nc_zt=23&_nc_ht=scontent-ssn1-1.cdninstagram.com&_nc_gid=P7l9mh8BMtc7fyKRXfAuLg&_nc_ss=7c689&oh=00_AQD4HHhHlcs-i9m6oNFFj-ObBpmOb3tgxQ60YD3YzkNyYA&oe=6A68EFCE,False
https://www.instagram.com/ashok_sharma_1711,86013,75,2026-06-21T14:56:54.000Z,Sidecar,CHAMPIONS 🇮🇳🏆,https://www.instagram.com/p/DZ2iJSjAdSa/,DZ2iJSjAdSa,https://scontent-cdg4-1.cdninstagram.com/v/t51.82787-15/727393587_18414475330194861_4573727507589467251_n.jpg?stp=dst-jpg_e35_tt6&_nc_cat=104&ig_cache_key=MzkyNDQ3MTc4NDA4NjU3NTEwMA%3D%3D.3-ccb7-5&ccb=7-5&_nc_sid=58cdad&efg=eyJ2ZW5jb2RlX3RhZyI6IkNBUk9VU0VMX0lURU0ueHBpZHMuMTIwMC5zZHIucmVndWxhcl9waG90by5DMyJ9&_nc_ohc=yToQ1rDs67AQ7kNvwGnPFKI&_nc_oc=AdpKuv-LEimZvGbCDj0Eqe2nWtvYsuBwpYrHzRvg9kF1VTf_ij_FNn22XalSQMWXHcI&_nc_zt=23&_nc_ht=scontent-cdg4-1.cdninstagram.com&_nc_gid=B-7DStHl-_yKizwd31IBsw&_nc_ss=72a8c&oh=00_AQB8-zYal7VnN4_GwAfa3B9yjeZNBhRQnrDvOf9OY3h2ZA&oe=6A68C638,False
https://www.instagram.com/ashok_sharma_1711,84165,64,2026-06-19T13:09:38.000Z,Sidecar,"Safe hands, loud applause. 🙌🏏",https://www.instagram.com/p/DZxMR8EgfC-/,DZxMR8EgfC-,https://scontent-fra3-2.cdninstagram.com/v/t51.82787-15/726948459_18414102124194861_2903790945801115776_n.jpg?stp=dst-jpg_e35_tt6&_nc_cat=104&ig_cache_key=MzkyMjk2NzYwMzExNDg5MjAxNw%3D%3D.3-ccb7-5&ccb=7-5&_nc_sid=58cdad&efg=eyJ2ZW5jb2RlX3RhZyI6IkNBUk9VU0VMX0lURU0ueHBpZHMuMTMxNC5zZHIucmVndWxhcl9waG90by5DMyJ9&_nc_ohc=ODZioT_Ok1cQ7kNvwH30VWL&_nc_oc=AdorRQCQhAVvQiYWM2ZFP1PKjipkcU7LhxI_YpxBhpr93AHhyfxZ2Fc8e3lPJ6v4K-k-NemcYYfSf0blWJlIiB9o&_nc_zt=23&_nc_ht=scontent-fra3-2.cdninstagram.com&_nc_gid=cQNW1ZYEYYFREu8gorjAbg&_nc_ss=7c689&oh=00_AQBMBciMhrDiSvS-SscVRumYrJIXTaMVLz5V__2z3KGibQ&oe=6A68EC70,False
https://www.instagram.com/ashok_sharma_1711,69899,85,2026-06-08T05:19:32.000Z,Sidecar,"Me. The view. The boys. That’s the post

#nahargarhfort",https://www.instagram.com/p/DZUBvLTgRjD/,DZUBvLTgRjD,https://scontent-fra5-1.cdninstagram.com/v/t51.82787-15/720634558_18412269370194861_395554032755625919_n.jpg?stp=dst-jpg_e35_tt6&_nc_cat=100&ig_cache_key=MzkxNDc0NzM4MDg3NjE4OTM1Mg%3D%3D.3-ccb7-5&ccb=7-5&_nc_sid=58cdad&efg=eyJ2ZW5jb2RlX3RhZyI6IkNBUk9VU0VMX0lURU0ueHBpZHMuMTQ0MC5zZHIucmVndWxhcl9waG90by5DMyJ9&_nc_ohc=Fqr4LGYB_goQ7kNvwGNZS3Y&_nc_oc=Adp-0TCnizkw3qc1jib4Cu_2gmyuDZw5TpQYtzPXzOMLzNpxY0fBS2TCbc8vXY4IjVc&_nc_zt=23&_nc_ht=scontent-fra5-1.cdninstagram.com&_nc_gid=R1glSZ5ClJc2ye5d-UUqMA&_nc_ss=72689&oh=00_AQAvsGgnPz-oWhMb7TIW2_oBMQgzewboxBc97ZbWZLKQRA&oe=6A68E209,False
https://www.instagram.com/ashok_sharma_1711,52062,94,2026-06-01T06:03:42.000Z,Image,"The trophy wasn’t ours, but the memories are forever. Thank you, fans and team, for an incredible journey. 💙🏏

#ipl2026",https://www.instagram.com/p/DZCEPvyI6sM/,DZCEPvyI6sM,https://instagram.fcxl2-1.fna.fbcdn.net/v/t51.82787-15/714966077_18411146005194861_1000300653439959361_n.jpg?stp=dst-jpg_e35_tt6&_nc_cat=110&ig_cache_key=MzkwOTcwNjEwMDc5NjI3MTM3Mg%3D%3D.3-ccb7-5&ccb=7-5&_nc_sid=58cdad&efg=eyJ2ZW5jb2RlX3RhZyI6IkZFRUQueHBpZHMuMTQ0MC5zZHIucmVndWxhcl9waG90by5DMyJ9&_nc_ohc=aGs75p9CaagQ7kNvwFyPL5Q&_nc_oc=AdrX4pHCjrlbT5pFQ-7OPBZTS03Zstm3l8PMATeuirVedaAKk3FhGyCf5RPIt7-CA0GOtQ1zloFWfPs3WVglqnGB&_nc_zt=23&_nc_ht=instagram.fcxl2-1.fna&_nc_gid=R3HeMVOcS2n_8Jzzaz-p9Q&_nc_ss=72689&oh=00_AQDQCMkykYExQqAASaJNoWQRFRJyvN335H1-kgfKBImrBA&oe=6A68DBAB,False
https://www.instagram.com/ashok_sharma_1711,28080,49,2026-05-31T09:26:35.000Z,Video,"🦅🦅. 

#ipl2026 
#gujrattitans",https://www.instagram.com/p/DY_3ie5oEJj/,DY_3ie5oEJj,https://scontent-icn2-1.cdninstagram.com/v/t51.82787-15/688428911_18410980792194861_6074078459518942380_n.jpg?stp=dst-jpg_e15_tt6&_nc_cat=107&ig_cache_key=MzkwOTA4NzI2Mzc4MDI1ODQwMzE4NDEwOTgwNzg2MTk0ODYx.3-ccb7-5&ccb=7-5&_nc_sid=58cdad&efg=eyJ2ZW5jb2RlX3RhZyI6IkNMSVBTLnhwaWRzLjgyOC5zZHIudmlkZW9fZGVmYXVsdF9jb3Zlcl9mcmFtZS5DMyJ9&_nc_ohc=--s5CxZeEPEQ7kNvwGRHsSN&_nc_oc=AdrXNHna3ev_rW77B7N0AmdEvo1aVait8GvwmO0qdYE89WZPkczGyaIITYGFftfz5eA&_nc_zt=23&_nc_ht=scontent-icn2-1.cdninstagram.com&_nc_gid=iwTQlHkmRusN9QStNvTc3w&_nc_ss=72689&oh=00_AQBWQr6YPoG6URBTSwn_I3qABZIZqzfcaVPzGEMSZ1zFog&oe=6A68D086,False
https://www.instagram.com/ashok_sharma_1711,19386,77,2026-05-15T10:14:29.000Z,Video,"Sweat. Grind. Repeat.

#ipl2026 
#gujarattitans",https://www.instagram.com/p/DYWwN-lhD9a/,DYWwN-lhD9a,https://scontent-mad2-1.cdninstagram.com/v/t51.71878-15/696711915_4323247297922764_5479816365385950232_n.jpg?stp=dst-jpg_e15_tt6&_nc_ht=scontent-mad2-1.cdninstagram.com&_nc_cat=104&_nc_oc=Q6cZ2gE9c1RBk-mgu4UGX7oVV_6mrsjKRZA4KJErrh9HKAbAIvgd0x9-Jphf9Dqross9XLU&_nc_ohc=rSu9maN1wMcQ7kNvwEGD_Wk&_nc_gid=_r1BhUPEjKrecrcuiPWz_Q&edm=ADp7STQBAAAA&ccb=7-5&oh=00_AQDFX6aN3rDTB4BNy6650TZm3Hnt0UMpMexI0WSs9ntBjg&oe=6A68E348&_nc_sid=c6f216,False
https://www.instagram.com/ashok_sharma_1711,45077,62,2026-05-12T08:09:27.000Z,Sidecar,"More than a jersey, it’s support, hope, and strength 💜

#gujrattitans 
#ipl2026",https://www.instagram.com/p/DYOzuFLiJW8/,DYOzuFLiJW8,https://scontent-lhr11-1.cdninstagram.com/v/t51.82787-15/688832498_18407840305194861_5549417829733535102_n.jpg?stp=dst-jpg_e35_tt6&_nc_cat=100&ig_cache_key=Mzg5NTI2NjQ3MjkyNDE4MDUxMw%3D%3D.3-ccb7-5&ccb=7-5&_nc_sid=58cdad&efg=eyJ2ZW5jb2RlX3RhZyI6IkNBUk9VU0VMX0lURU0ueHBpZHMuMTQ0MC5zZHIucmVndWxhcl9waG90by5DMyJ9&_nc_ohc=Ne1D0XtZjpkQ7kNvwGUyNJ9&_nc_oc=AdqA2o5BZ7aT7Z5eW7DKX1EC3sYUn9lQcVt6jY1acldLU1LvEi_RXRJeLFvuVlPCrKqQp7MmYOpDtApoSPc9hYNS&_nc_zt=23&_nc_ht=scontent-lhr11-1.cdninstagram.com&_nc_gid=Jk2yhN5kMkDJ8S28qqCJwA&_nc_ss=7ca8c&oh=00_AQCnTIe01gi7v_Fx7qIf-5o2bGtPWyYWK8dsF8XKyQTDFA&oe=6A68F2E3,False
https://www.instagram.com/ashok_sharma_1711,43839,55,2026-05-04T07:11:52.000Z,Sidecar,"If it’s in my zone, it’s out of the ground 💥 

#gujrattitans 
#ipl2026",https://www.instagram.com/p/DX6GxTziEjv/,DX6GxTziEjv,https://scontent-ssn1-1.cdninstagram.com/v/t51.82787-15/684882657_18406603186194861_327145403505917705_n.jpg?stp=dst-jpg_e15_tt6&_nc_cat=106&ig_cache_key=Mzg4OTQ1MDM1NjUzOTE2NDA3NQ%3D%3D.3-ccb7-5&ccb=7-5&_nc_sid=58cdad&efg=eyJ2ZW5jb2RlX3RhZyI6IkNBUk9VU0VMX0lURU0ueHBpZHMuNzE4LnNkci52aWRlb19kZWZhdWx0X2NvdmVyX2ZyYW1lLkMzIn0%3D&_nc_ohc=c6tJ6SF22g0Q7kNvwHPONNu&_nc_oc=Adq9CtOSWKNWqbFF7exIwrE7VBwgNTfeXDABx5d7OagTS5m9UZEnkJZojX4R5Rt58RA&_nc_zt=23&_nc_ht=scontent-ssn1-1.cdninstagram.com&_nc_gid=4ciVuRv28QNMqSt1ZGearw&_nc_ss=7d289&oh=00_AQCj4L3-LK0DB1WvixqKuSJP92xMaRTxGnRr_RnVqexDiA&oe=6A68D75D,False
https://www.instagram.com/ashok_sharma_1711,199077,784,2026-04-27T13:02:28.000Z,Image,"From laughs to stadium lights💙💛 

#ipl2026",https://www.instagram.com/p/DXotJlxASNb/,DXotJlxASNb,https://scontent-dfw6-1.cdninstagram.com/v/t51.82787-15/683785900_18405564814194861_4305059375835947300_n.jpg?stp=dst-jpg_e35_tt6&_nc_cat=103&ig_cache_key=Mzg4NDU1MzI0OTcyNTk0ODc2Mw%3D%3D.3-ccb7-5&ccb=7-5&_nc_sid=58cdad&efg=eyJ2ZW5jb2RlX3RhZyI6IkZFRUQueHBpZHMuMTQ0MC5zZHIucmVndWxhcl9waG90by5DMyJ9&_nc_ohc=6IJlaz6KUiEQ7kNvwEbiwPA&_nc_oc=Ado5C2yXRCAKGFKAw-TFkth-dMroXoV9zdMvnHJJN7WNS-suXFziH_fhFz54x2CQpCI&_nc_zt=23&_nc_ht=scontent-dfw6-1.cdninstagram.com&_nc_gid=FB-K5d7M7fwH-BaMLRiOCQ&_nc_ss=72689&oh=00_AQAJhuvgkWcvcFNjIEtRrJFcoEBODegVGXl-7egQ5brY2Q&oe=6A68ED06,False
https://www.instagram.com/ashok_sharma_1711,49886,151,2026-04-19T06:48:53.000Z,Sidecar,"Built for moments like this 💙💙
@gujarat_titans 

#gujarattitans 
#ipl2026",https://www.instagram.com/p/DXTcN1pCFpa/,DXTcN1pCFpa,https://instagram.fmex39-1.fna.fbcdn.net/v/t51.82787-15/670408693_18404267767194861_5066779449337780649_n.jpg?stp=dst-jpg_e35_tt6&_nc_cat=110&ig_cache_key=Mzg3ODU2NzE5OTQyMjA2NTU1NA%3D%3D.3-ccb7-5&ccb=7-5&_nc_sid=58cdad&efg=eyJ2ZW5jb2RlX3RhZyI6IkNBUk9VU0VMX0lURU0ueHBpZHMuMTQ0MC5zZHIucmVndWxhcl9waG90by5DMyJ9&_nc_ohc=CaET1BW2Zr0Q7kNvwE_9HEP&_nc_oc=Adrs_uy7vmmWYlZhH7UMemmHNGK25AcRROTr6BD5wbhluMJaRI0zw-fX6UNDmXmkzu8&_nc_zt=23&_nc_ht=instagram.fmex39-1.fna&_nc_gid=ibly0rfZyxBtPWIzZLHhUQ&_nc_ss=72289&oh=00_AQDxCOXUfDFMR2kX4yqY8GwPp_UXnMhZczBYCYVUS24Hsw&oe=6A68E576,False
https://www.instagram.com/ashok_sharma_1711,172605,388,2026-04-14T07:46:29.000Z,Sidecar,"Different jerseys, same roots, stronger bond ❤️ 

#ipl2026",https://www.instagram.com/p/DXGq1WPCF6f/,DXGq1WPCF6f,https://scontent-nrt1-2.cdninstagram.com/v/t51.82787-15/671187137_18403583620194861_5781796606754989754_n.jpg?stp=dst-jpg_e35_tt6&_nc_cat=104&ig_cache_key=Mzg3NDk2ODY2NjUxNzMxMDYxMg%3D%3D.3-ccb7-5&ccb=7-5&_nc_sid=58cdad&efg=eyJ2ZW5jb2RlX3RhZyI6IkNBUk9VU0VMX0lURU0ueHBpZHMuMTQ0MC5zZHIucmVndWxhcl9waG90by5DMyJ9&_nc_ohc=3YUKIHk7mxgQ7kNvwGzyJ46&_nc_oc=AdoO4e2LKkXaBnBGDBgywfZ_Olg4_mzDGv2ArB5_BLCMMdUbgW17boA25ltGy8R3Fbs&_nc_zt=23&_nc_ht=scontent-nrt1-2.cdninstagram.com&_nc_gid=i9nKS9wNo33FlgY3dWhz4w&_nc_ss=72289&oh=00_AQBZ-bz4vGr6OuwVkKyuZ_Lgd0jOr38VwFz5fErog_va8A&oe=6A68EFBB,False
https://www.instagram.com/ashok_sharma_1711,25308,86,2026-04-12T14:48:19.000Z,Sidecar,"Second win of the season 💙💙
 
#gujrattitans 
#ipl2026",https://www.instagram.com/p/DXCRhKggYMC/,DXCRhKggYMC,https://scontent.cdninstagram.com/v/t51.82787-15/669920556_18403370566194861_5873367819446104509_n.jpg?stp=dst-jpg_e35_tt6&_nc_cat=101&ig_cache_key=Mzg3MzczNDY3NTczODUwMTc3OA%3D%3D.3-ccb7-5&ccb=7-5&_nc_sid=58cdad&efg=eyJ2ZW5jb2RlX3RhZyI6IkNBUk9VU0VMX0lURU0ueHBpZHMuMTQ0MC5zZHIucmVndWxhcl9waG90by5DMyJ9&_nc_ohc=GFXv2bqObqwQ7kNvwG5xINr&_nc_oc=Adp5TiVPKEWWI72olnC4wLnbxlC8OgMuA-AQRSDOt9edXZaYa9J20-CqrvxV53qqrS4&_nc_zt=23&_nc_ht=scontent.cdninstagram.com&_nc_gid=O3kwxcS_T_CSPiXRprSQ6A&_nc_ss=72689&oh=00_AQAooAReJ5Mc12fbsEePj4Kawo-BvrU3sQV0NzU_uyBGhg&oe=6A68F360,False
https://www.instagram.com/bhuvan.bam22,976353,5399,2026-06-20T11:28:37.000Z,Image,"Nayi Chunauti, Naya Mehmaan, Naya Dhindora! 📣

Netflix and I need your blessings. Peet do Dhindora!! 🔥

#DhindoraOnNetflix #bbkivines",https://www.instagram.com/p/DZzk-S7PinM/,DZzk-S7PinM,https://scontent-mxp2-1.cdninstagram.com/v/t51.82787-15/727287262_18405815113085652_8640904459400132177_n.jpg?stp=dst-jpg_e35_s1080x1080_sh2.08_tt6&_nc_ht=scontent-mxp2-1.cdninstagram.com&_nc_cat=100&_nc_oc=Q6cZ2gFVBPeNndwDkLDLNIWQOjYJpjZdNf23mMNMFEbHWghEtuWISF4TUNSoH77uuBfCTO0&_nc_ohc=Y1zKPB7xP_MQ7kNvwGin3hb&_nc_gid=ZshaUohhyZ_jXFPcuXLrnQ&edm=ADp7STQBAAAA&ccb=7-5&oh=00_AQAR1kPuERaCBqy5mpePLjvP1KUsxhp_EXGpLW8IRkbQ0w&oe=6A68F0CF&_nc_sid=c6f216,False
https://www.instagram.com/bhuvan.bam22,188278,694,2026-06-11T11:38:19.000Z,Video,"Looksmaxxing but make it same day results 🗿

Amazon Prime’s Same-day Delivery, Prime Only Offers and Blockbuster Entertainment!

#AD #AmazonPrime #SameDayDelivery #PrimeVideo",https://www.instagram.com/p/DZcZ5WJP-_M/,DZcZ5WJP-_M,https://instagram.fhnd6-1.fna.fbcdn.net/v/t51.71878-15/722961620_1427077232774798_6488182592788986187_n.jpg?stp=dst-jpg_e15_tt6&_nc_ht=instagram.fhnd6-1.fna.fbcdn.net&_nc_cat=102&_nc_oc=Q6cZ2gGjkMPTk3wU57HSyjPaWS7yV6grpXqpQPL6ypXuUfld2gLS2YCRZfn_RpI0LQqj1pM&_nc_ohc=lLQbk7LuJ8MQ7kNvwHbOX4T&_nc_gid=a84bWZZ5FeTbNXhwbqyxWw&edm=ADp7STQBAAAA&ccb=7-5&oh=00_AQD8OM7k1y-MR-a-KBXATCFznQ5JX6Ofxcb6ilxKR8lAog&oe=6A69071C&_nc_sid=c6f216,False
https://www.instagram.com/bhuvan.bam22,584550,1860,2026-06-02T14:48:56.000Z,Sidecar,"Gazab saal hone waala hai.jpeg 🔥
1. New cut. I like.
2. My reaction to everything nowadays.
3. This year!! #TheRevolutionaries 
4. Whenever I see banana chips
5. 1sth
6. One day at a time. 
7. Iss saal milenge beta. Kis saal milenge? #Dhindora2",https://www.instagram.com/p/DZFmIQLF57W/,DZFmIQLF57W,https://scontent-msp1-1.cdninstagram.com/v/t51.82787-15/713143856_18403486300085652_7294407492491656637_n.jpg?stp=dst-jpg_e35_tt6&_nc_cat=108&ig_cache_key=MzkxMDY5NzQ1MjMxNTMyNDU5OQ%3D%3D.3-ccb7-5&ccb=7-5&_nc_sid=58cdad&efg=eyJ2ZW5jb2RlX3RhZyI6IkNBUk9VU0VMX0lURU0ueHBpZHMuMzA3Mi5zZHIucmVndWxhcl9waG90by5DMyJ9&_nc_ohc=zqw8-uDkiHYQ7kNvwGmW7SV&_nc_oc=Adq9oOSLqXSZtFDxL0Bsc8ZBz1ddgCE1yjnpT3oBs_CBSwcW_rSAz5Z-8T681PNmWk8&_nc_zt=23&_nc_ht=scontent-msp1-1.cdninstagram.com&_nc_gid=05Zb7czu44ZgRV8QIRAaCg&_nc_ss=72a8c&oh=00_AQC2g4GU6L9s3fMu2-0AqlJBbJx80LQFGbkueA2Lo3rVXw&oe=6A68ECF3,False
https://www.instagram.com/bhuvan.bam22,934310,2824,2026-05-14T12:44:17.000Z,Video,"Bollywood se pehle Battlegrounds mein bana Hero! 🎬
Ab squad bulao aur BGMI 4.4 Update ka crown uthao. Milte hain Erangel mein! 👑

#BGMI #BGMIxBhuvanBam #PlayNow #Ad",https://www.instagram.com/p/DYUY7aSxVdh/,DYUY7aSxVdh,https://scontent-cdg4-2.cdninstagram.com/v/t51.82787-15/696746976_18400873522085652_2977897919201797111_n.jpg?stp=dst-jpg_e15_fr_p1080x1080_tt6&_nc_ht=scontent-cdg4-2.cdninstagram.com&_nc_cat=100&_nc_oc=Q6cZ2gEpzVrO-rbsIwxrgMUQWYZwL6_emjbMRguO1yr1Tbg5qBqJh22IDqF00DbpkiKSrnc&_nc_ohc=GY99oHau9-cQ7kNvwEy5Ntw&_nc_gid=2wnoe4cV45kIiaOjTc-DCQ&edm=ADp7STQBAAAA&ccb=7-5&oh=00_AQCteSz7ZAu3SQD-p4U8WojBtRgMSpwuG_ECnJCj0Quwmg&oe=6A690898&_nc_sid=c6f216,False
https://www.instagram.com/bhuvan.bam22,1750818,3599,2026-05-01T08:20:46.000Z,Sidecar,"Recent dump⬇️♥️
1. Cutie and the beast. 
2. Wrapped my debut movie #KukuKiKundli 🥰
3. Storm is coming.. ⚡️
4. Satyavachan.
5. Discussing egg tart with gurudev @nikkhiladvani 
6. Acting normal.
7. Lawde-na-bhojyam",https://www.instagram.com/p/DXygRPRl3qY/,DXygRPRl3qY,https://instagram.fyhu2-1.fna.fbcdn.net/v/t51.82787-15/684163792_18399143539085652_5651238151684482468_n.jpg?stp=dst-jpg_e35_tt6&_nc_cat=105&ig_cache_key=Mzg4NzMwNzY1MTA3NjQwMzc4NQ%3D%3D.3-ccb7-5&ccb=7-5&_nc_sid=58cdad&efg=eyJ2ZW5jb2RlX3RhZyI6IkNBUk9VU0VMX0lURU0ueHBpZHMuMTQ0MC5zZHIucmVndWxhcl9waG90by5DMyJ9&_nc_ohc=w9BI75SOYRUQ7kNvwE2bkop&_nc_oc=Adrfzs7C828P98bbtEUa8smvkipdgZST40GrFf9XScRfXv3ZvmiSaRsVYFbUbDeIrTs&_nc_zt=23&_nc_ht=instagram.fyhu2-1.fna&_nc_gid=GM4Q2P1Iq7Anor18GFTBjg&_nc_ss=7ca8c&oh=00_AQDR1hs4u0tRHFWEuYtZWebUwQBPsXRmoVQWl_Bk_8d37A&oe=6A68FBFE,False
https://www.instagram.com/bhuvan.bam22,132177,536,2026-04-21T09:37:59.000Z,Video,"OTP warning se bache scam ke paison se dosto ne party maang li 😭 #Ad

 #Airtel #AirtelSafeNetwork #AirtelOTPAlert #AirtelFraudAlert",https://www.instagram.com/p/DXY4y65Ee69/,DXY4y65Ee69,https://scontent-yyz1-1.cdninstagram.com/v/t51.71878-15/671854739_976862218122991_3585643229285206595_n.jpg?stp=dst-jpg_e15_tt6&_nc_ht=scontent-yyz1-1.cdninstagram.com&_nc_cat=107&_nc_oc=Q6cZ2gHsB2l9q8hWynKqhDw7d3WEK7n1-S_Nl_mlckVcbBR0Msfl3odX4xqzA0MzQpkEHnA&_nc_ohc=OA_mrpzt1nsQ7kNvwGjbhlJ&_nc_gid=hBtmtFCVgvygR6eOGI6zsg&edm=ADp7STQBAAAA&ccb=7-5&oh=00_AQAXNS9O-R2LjsW8FAY2rzdC-cVJDbSudNDy8bNz_obVyQ&oe=6A68F434&_nc_sid=c6f216,False
https://www.instagram.com/bhuvan.bam22,171987,1343,2026-03-25T13:29:14.000Z,Video,"Take it slow. Go with the Flo 😎
#ad",https://www.instagram.com/p/DWTx3_MERRb/,DWTx3_MERRb,https://scontent-lhr11-1.cdninstagram.com/v/t51.82787-15/656288040_18393528136085652_6685453350374846163_n.jpg?stp=dst-jpg_e35_p1080x1080_sh2.08_tt6&_nc_ht=scontent-lhr11-1.cdninstagram.com&_nc_cat=100&_nc_oc=Q6cZ2gGc1OTGiOadCIS6fT2YIypZYqIFATUwyFpRiboEBTDyxEfv7qbL8kqgwKDg01pIW9Q&_nc_ohc=taTZmfIu5BMQ7kNvwEunqCC&_nc_gid=0YL5-IIvWAl4jzBAixqSpA&edm=ADp7STQBAAAA&ccb=7-5&oh=00_AQDhhIqPhC77FmzvrCPugLI0bhBOMbC9CfiKl3x7UunYCA&oe=6A68E946&_nc_sid=c6f216,False
https://www.instagram.com/bhuvan.bam22,1023596,5906,2026-03-21T15:19:57.000Z,Video,"WHAT. A. DAY!!
Announced my upcoming show #TheRevolutionaries and my debut movie #KukuKiKundli 

To anyone reading this, thank you for sticking by. 🙏🏼♥️
YOU’RE NOT READY FOR THIS🔥
@primevideoin",https://www.instagram.com/p/DWJrelwkeu5/,DWJrelwkeu5,https://scontent-mxp2-1.cdninstagram.com/v/t51.71878-15/656092583_4072882916335595_3952908660830821382_n.jpg?stp=dst-jpg_e15_tt6&_nc_cat=100&ig_cache_key=Mzg1NzgwNTc3Mzk0NzEzNjk1Mw%3D%3D.3-ccb7-5&ccb=7-5&_nc_sid=58cdad&efg=eyJ2ZW5jb2RlX3RhZyI6IkNMSVBTLnhwaWRzLjY0MC5zZHIudmlkZW9fbmZyYW1lX2NvdmVyX2ZyYW1lLkMzIn0%3D&_nc_ohc=Vb-OC0OwkwYQ7kNvwFfqhz1&_nc_oc=Adot-8uH9_Q_DT6QX4n_LIFP8V4frNW7PtNpJGKQfmbM7zPzWFMOa_JuWo0vXyBi-eI&_nc_zt=23&_nc_ht=scontent-mxp2-1.cdninstagram.com&_nc_gid=etRao1G4gN_sQIBefejnkQ&_nc_ss=7ca8c&oh=00_AQBBzmNM_rxo1qxQpC1nRQx6a4LLJqjzexedewCfgiLKOA&oe=6A6908A8,False
https://www.instagram.com/bhuvan.bam22,646882,1431,2026-03-16T15:13:20.000Z,Image,"#ItStartsHere on the 19th March
@primevideoin",https://www.instagram.com/p/DV8yqhTEfvK/,DV8yqhTEfvK,https://scontent-dus1-1.cdninstagram.com/v/t51.82787-15/653380936_18391862560085652_8452713931758212016_n.jpg?stp=dst-jpg_e35_p1080x1080_sh2.08_tt6&_nc_ht=scontent-dus1-1.cdninstagram.com&_nc_cat=100&_nc_oc=Q6cZ2gGtp2Pig7LNmVOyVPbNK-rkl9Q6uUGWctp4QMRQiD37agpEgnIvjj4b0kfqq_ZmWzw&_nc_ohc=4cDXT4ztLUkQ7kNvwFX6o6Q&_nc_gid=OZmYLscqud6sSpe5n8gJFg&edm=ADp7STQBAAAA&ccb=7-5&oh=00_AQDKSjYf5xuydXFU39OlFpXxoZWHuDu5ILX7hGUYy4vaow&oe=6A690227&_nc_sid=c6f216,False
https://www.instagram.com/bhuvan.bam22,482957,2347,2026-02-16T10:42:34.000Z,Video,"Masterji ke saath dinner kisko karna hai??? 👀

Bill half, party full on 🎉 with
#GIRF2026 

@swiggy_dineout
@hdfcbank",https://www.instagram.com/p/DU0Nc8ViB1q/,DU0Nc8ViB1q,https://instagram.fvlc7-1.fna.fbcdn.net/v/t51.82787-15/631734613_18388045144085652_5379398461862305004_n.jpg?stp=dst-jpg_e35_p1080x1080_sh2.08_tt6&_nc_ht=instagram.fvlc7-1.fna.fbcdn.net&_nc_cat=100&_nc_oc=Q6cZ2gFnvRkQ_cAIl_xyX2XGMr6Ar0hH3i7wRLL9tZ9HnkcfwMmzkBMxv_EPzEXKrY9Zhw4&_nc_ohc=uxAWPcjKWGcQ7kNvwEjb53N&_nc_gid=uURnQ1lkHOK3OlOijnvxrw&edm=ADp7STQBAAAA&ccb=7-5&oh=00_AQCxru4ni6JB9dy4GwSenVYnIFMKcHsC5WBVN1AZomGV6A&oe=6A68FFC3&_nc_sid=c6f216,False
https://www.instagram.com/bhuvan.bam22,411191,19528,2026-02-10T15:29:03.000Z,Video,Galti ke liye maafi 🙏🏼♥️,https://www.instagram.com/p/DUlRmTZiNBB/,DUlRmTZiNBB,https://instagram.fbcn10-1.fna.fbcdn.net/v/t51.71878-15/631592462_884340784581176_1295856935364009089_n.jpg?stp=dst-jpg_e15_tt6&_nc_ht=instagram.fbcn10-1.fna.fbcdn.net&_nc_cat=108&_nc_oc=Q6cZ2gGM4y34dIlc3q4a_36exT_M44qZPuTntgle31QEaTwmytX1zFtypiCeA1nUcmArV-0&_nc_ohc=l-FY0V97XvAQ7kNvwEIPaG1&_nc_gid=Mcu3VI5-wojqcAn9L8Fx5Q&edm=ADp7STQBAAAA&ccb=7-5&oh=00_AQC11Z4HUVTabpu1f3PHFQbcgl-Pr2AcW6hiiykePjlyxA&oe=6A690516&_nc_sid=c6f216,False
https://www.instagram.com/bhuvan.bam22,575761,2168,2026-02-08T14:38:29.000Z,Sidecar,A1 since Day1 🍷,https://www.instagram.com/p/DUgCUDCjwr3/,DUgCUDCjwr3,https://scontent-waw2-1.cdninstagram.com/v/t51.82787-15/626271176_18386912095085652_3768624974506453481_n.jpg?stp=dst-jpg_e35_tt6&_nc_cat=111&ig_cache_key=MzgyODA2NzA0MDMyNjMyNTMzMg%3D%3D.3-ccb7-5&ccb=7-5&_nc_sid=58cdad&efg=eyJ2ZW5jb2RlX3RhZyI6IkNBUk9VU0VMX0lURU0ueHBpZHMuMTQ0MC5zZHIucmVndWxhcl9waG90by5DMyJ9&_nc_ohc=UFEBoibD9F8Q7kNvwEwc5vg&_nc_oc=AdqZJcfxiXV5wltHv3Hb_IhNzXl1ixyEZqSeJNzU72ICzwtcc-_8l-AH6hwDVEcFazo&_nc_zt=23&_nc_ht=scontent-waw2-1.cdninstagram.com&_nc_gid=wbIR_MYjcb4Wc74reOt9vQ&_nc_ss=7c689&oh=00_AQBLNibas7VuX4ZmwPvsJJv1t4CgTmDeHOLU4I8ibTsTDA&oe=6A68FBBB,False
https://www.instagram.com/bhuvan.bam22,501598,2213,2026-02-05T16:01:37.000Z,Video,"A NIGHT TO REMEMBER! 😎
Can’t believe that my baby #Dhindora has a 2nd season and that too on Netflix ♥️

This is just the beginning! 🙏🏼 Aapke pyaar ka bohot shukriya..

#Dhindora2 #bbkivines #bhuvanbam",https://www.instagram.com/p/DUYc2ZVCOAZ/,DUYc2ZVCOAZ,https://instagram.fymq2-1.fna.fbcdn.net/v/t51.71878-15/625651832_1430868441777900_1456633327013349073_n.jpg?stp=dst-jpg_e15_tt6&_nc_ht=instagram.fymq2-1.fna.fbcdn.net&_nc_cat=100&_nc_oc=Q6cZ2gHhCrR8LJUqNFAJxC4JSp556sbvhoylJcaYjojiKlMkYJYdfjTsU2Af7X91oco3BKs&_nc_ohc=10pq8z6-LogQ7kNvwHft1yQ&_nc_gid=DQM6r6OXtqSxctr10lHGNw&edm=ADp7STQBAAAA&ccb=7-5&oh=00_AQDRxe5fY98MjUY-qKIZfo74wpaQ483LB1VtE5x35jnhqQ&oe=6A691703&_nc_sid=c6f216,False
https://www.instagram.com/bhuvan.bam22,563876,7046,2026-02-03T12:10:00.000Z,Video,"Silva lo apna phata pyjama, kyunki mil baithenge teen yaar: Netflix, Dhindora aur Titu Mama! 📢🔥

Watch Dhindora 2, coming soon, only on Netflix.

#Dhindora2 #Dhindora2OnNetflix #NextOnNetflixIndia

@bhuvan.bam22 @rohitonweb @arvin.bhandari @hussain.dalal @abbasdalal @chetandange_ @gopaldatt @zen_zorba @bbkvproductions",https://www.instagram.com/p/DUS2gvliNGs/,DUS2gvliNGs,https://instagram.fbcn9-1.fna.fbcdn.net/v/t51.82787-15/625789563_18384624289085652_1026172666822292882_n.jpg?stp=dst-jpg_e15_tt6&_nc_ht=instagram.fbcn9-1.fna.fbcdn.net&_nc_cat=100&_nc_oc=Q6cZ2gHXzpFjiF_JQk8oCCIV25-ab0IVcuCThRoPFWAt0Pfp1q969C4y1_ld7URFkvKrJfo&_nc_ohc=3TfznrxX2oIQ7kNvwGZ-zGi&_nc_gid=zjF9K6LOb0q3sfDNfeqArA&edm=ADp7STQBAAAA&ccb=7-5&oh=00_AQBwibt0inb4P4Dd0QUzunfwznVHfCKWtlM_FEq1_2ZkRg&oe=6A690D42&_nc_sid=c6f216,False
https://www.instagram.com/carryminati,364442,8666,2026-07-20T08:14:48.000Z,Sidecar,Find the Girgit 👀,https://www.instagram.com/p/DbAfLk-DYyX/,DbAfLk-DYyX,https://scontent-mad1-1.cdninstagram.com/v/t51.82787-15/752838615_18589887085065620_5671503544151564663_n.jpg?stp=dst-jpg_e35_tt6&_nc_cat=1&ig_cache_key=Mzk0NTI4OTgyODkzNzcwNzIyMw%3D%3D.3-ccb7-5&ccb=7-5&_nc_sid=58cdad&efg=eyJ2ZW5jb2RlX3RhZyI6IkNBUk9VU0VMX0lURU0ueHBpZHMuMjgzMi5zZHIucmVndWxhcl9waG90by5DMyJ9&_nc_ohc=0_rgNWnL5OkQ7kNvwFCMWdm&_nc_oc=AdqEtF63kyiNzK30XKX0-UYPM2bcYndlFXU-4NfmbWmTE15nrmnlTa6efc9qqWzAv0M&_nc_zt=23&_nc_ht=scontent-mad1-1.cdninstagram.com&_nc_gid=gVu2ARsHbvk75TcUC1__qw&_nc_ss=72a8c&oh=00_AQDIQOssPi2BpqPa0pp5-ApT9sbW3bAOxY6PmYP4t6z9Xw&oe=6A68ECF8,False
https://www.instagram.com/carryminati,518036,4911,2026-06-12T10:25:13.000Z,Sidecar,First day of being 27 🙌,https://www.instagram.com/p/DZe35fIkiN4/,DZe35fIkiN4,https://scontent-dfw5-1.cdninstagram.com/v/t51.82787-15/721601476_18579499195065620_7728585173753650445_n.jpg?stp=dst-jpegr_e35_tt6&_nc_cat=106&ig_cache_key=MzkxNzgxNDM4OTg5ODA4ODM2NA%3D%3D.3-ccb7-5&ccb=7-5&_nc_sid=58cdad&efg=eyJ2ZW5jb2RlX3RhZyI6IkNBUk9VU0VMX0lURU0ueHBpZHMuMjMxNi5oZHIucmVndWxhcl9waG90by5DMyJ9&_nc_ohc=JRwEQtIh-KEQ7kNvwEvdQcy&_nc_oc=AdroiUQKcwFvzK0V6ruZkUQFPdG96HaDAK0MPOkMeZb2lLmN2K1RFZH_qMXFv7sqwXY&_nc_zt=23&_nc_ht=scontent-dfw5-1.cdninstagram.com&_nc_gid=1RxmmPfVUmfjLVLNP-q37g&_nc_ss=72689&oh=00_AQD3PB4M9RyLYiO5CnE3xjoK62HlzGC2ThgGVEJSQIpPtw&oe=6A68E9E9,False
https://www.instagram.com/carryminati,632951,16769,2026-06-03T08:12:25.000Z,Video,"10k comments kardo agar puri video chahiye 🙃

#carryminati #comedy #roast #reels #trending",https://www.instagram.com/p/DZHcJjcylfj/,DZHcJjcylfj,https://scontent-fra5-1.cdninstagram.com/v/t51.71878-15/708168116_995196506485571_2044803808042869675_n.jpg?stp=dst-jpg_e15_tt6&_nc_cat=110&ig_cache_key=MzkxMTIxODYwMzIzNjE1MzMxNQ%3D%3D.3-ccb7-5&ccb=7-5&_nc_sid=58cdad&efg=eyJ2ZW5jb2RlX3RhZyI6IkNMSVBTLnhwaWRzLjY0MC5zZHIudmlkZW9fbmZyYW1lX2NvdmVyX2ZyYW1lLkMzIn0%3D&_nc_ohc=wd8lntzM4WgQ7kNvwHxckPy&_nc_oc=AdpdPOKzkZM_65cfmAVo4XB55nxccGW-duDNuXff8W7iO67dPsBgG2O6zVIjJ6jlC-A&_nc_zt=23&_nc_ht=scontent-fra5-1.cdninstagram.com&_nc_gid=Qge9CSV27TfncbduPkNaaA&_nc_ss=72a8c&oh=00_AQDvawvEJX1odao6vFypzp7H5kfRQoMv9OAvJrxhXqZU0g&oe=6A68F409,False
https://www.instagram.com/carryminati,982889,3080,2026-06-02T09:33:06.000Z,Sidecar,Life after a case 🙂,https://www.instagram.com/p/DZFB_EXjm-c/,DZFB_EXjm-c,https://scontent-ord5-1.cdninstagram.com/v/t51.82787-15/711630283_18577062322065620_1174269179832630795_n.jpg?stp=dst-jpg_e35_tt6&_nc_cat=111&ig_cache_key=MzkxMDUzNjg2NDQxODQxMDIyNA%3D%3D.3-ccb7-5&ccb=7-5&_nc_sid=58cdad&efg=eyJ2ZW5jb2RlX3RhZyI6IkNBUk9VU0VMX0lURU0ueHBpZHMuMTA4MC5zZHIucmVndWxhcl9waG90by5DMyJ9&_nc_ohc=P3N9ei15fb4Q7kNvwH2TOrY&_nc_oc=AdqFJGn_bHShGZ-DVUGPDEct35Q43pq71wajI7pdBmoRp4ev3wx3TFGqAIROvgcIOIY&_nc_zt=23&_nc_ht=scontent-ord5-1.cdninstagram.com&_nc_gid=Mfvg2QZx8doyONzG-jWDBQ&_nc_ss=72289&oh=00_AQDluP07sVJLjIKnM3kzPH6BzWJGof4iQk22wno0V8_0Ug&oe=6A691A8D,False
https://www.instagram.com/carryminati,2523470,37615,2026-05-30T07:24:09.000Z,Video,"Bahar ke doston ko gift dete rehna chahiye 🙃

#mrbeast #carryminati #comedy #melody #reels",https://www.instagram.com/p/DY9ESEISkHk/,DY9ESEISkHk,https://scontent-ams2-1.cdninstagram.com/v/t51.71878-15/709426383_992411516859205_5552066055937562314_n.jpg?stp=dst-jpg_e15_tt6&_nc_ht=scontent-ams2-1.cdninstagram.com&_nc_cat=101&_nc_oc=Q6cZ2gHXyB4sgIuF97DcB-dhWvKbIoM-qZdPrdaOz2gvU7aPYSzXKoraaUVOnhAn48Q6sqE&_nc_ohc=UdynrUk4VM8Q7kNvwGp1anz&_nc_gid=cYtynDVsiN_ur0m3z2YU2w&edm=ADp7STQBAAAA&ccb=7-5&oh=00_AQARoaRkoXRUHeEt53PZdpDeGR9oMzxGMuI6BM-co0d1JA&oe=6A68ED4E&_nc_sid=c6f216,False
https://www.instagram.com/carryminati,324322,2598,2026-05-28T07:58:31.000Z,Video,"New Roast Video Out now, Link in Bio!

#carryminati #roast #comedy #reels #trending",https://www.instagram.com/p/DY356EXuhKz/,DY356EXuhKz,https://instagram.frtm1-1.fna.fbcdn.net/v/t51.82787-15/709768605_18575753251065620_8923491291916481025_n.jpg?stp=dst-jpg_e15_fr_p1080x1080_tt6&_nc_ht=instagram.frtm1-1.fna.fbcdn.net&_nc_cat=108&_nc_oc=Q6cZ2gH1xErIWq9DivXXExfWpuTOkShSD_DnoCWdasSz8fz7StDAfs__9fGvOX9PegvKs2w&_nc_ohc=lDhrSTfqkZEQ7kNvwF66sHd&_nc_gid=id8ithzQrL51M_h1Twr_1g&edm=ADp7STQBAAAA&ccb=7-5&oh=00_AQC6KJmRtAqBk3MILNAkMvz-gPObXP2tEhcTkVkiIs0SaQ&oe=6A6915D2&_nc_sid=c6f216,False
https://www.instagram.com/carryminati,394362,2749,2026-05-25T08:13:36.000Z,Video,"TUMHARI BHABHI 😘

#carryminati #roast #comedy #reels #trending",https://www.instagram.com/p/DYwQpDsyMJl/,DYwQpDsyMJl,https://scontent-icn2-1.cdninstagram.com/v/t51.82787-15/707843558_18575322109065620_3113302209285051118_n.jpg?stp=dst-jpg_e15_tt6&_nc_ht=scontent-icn2-1.cdninstagram.com&_nc_cat=108&_nc_oc=Q6cZ2gED5pDudqGbIpIABRDnNzEjmIpmToJ9JdqgHVhEAZC4UJjPuq6TDHwEg549lk02_m4&_nc_ohc=BO6H6fxEr-UQ7kNvwGcgiEM&_nc_gid=hFgTO0AWcq-t2NJCx-38Fw&edm=ADp7STQBAAAA&ccb=7-5&oh=00_AQAzovgKm9mhOKoGsolWiySJh2LJoipYBgv8iEnrqpPZqA&oe=6A691843&_nc_sid=c6f216,False
https://www.instagram.com/carryminati,1526928,9555,2026-05-10T11:28:43.000Z,Sidecar,Sushi khaoge?,https://www.instagram.com/p/DYKA7ujkjOW/,DYKA7ujkjOW,https://scontent-lhr6-2.cdninstagram.com/v/t51.82787-15/687961925_18571407520065620_6463782306406116794_n.jpg?stp=dst-jpg_e35_tt6&_nc_cat=107&ig_cache_key=Mzg5MzkyNzQyMjg0MDcxNzY0Ng%3D%3D.3-ccb7-5&ccb=7-5&_nc_sid=58cdad&efg=eyJ2ZW5jb2RlX3RhZyI6IkNBUk9VU0VMX0lURU0ueHBpZHMuMTAyNS5zZHIucmVndWxhcl9waG90by5DMyJ9&_nc_ohc=2rrijcIFA-cQ7kNvwG3iqX-&_nc_oc=Adqc3Gd-zztAX_DFmwjBcKJcCX4ExLCLHp2RKJvS40v-i8TjAjYimF7LWJCaJpFSpmo&_nc_zt=23&_nc_ht=scontent-lhr6-2.cdninstagram.com&_nc_gid=ozzP1-hbl9vrbeBp2dSuVA&_nc_ss=72289&oh=00_AQB9s9098RecaHZW2LzM7YjPsWRmZmz_v10LbHqn52VBdQ&oe=6A690AAD,False
https://www.instagram.com/carryminati,762618,3214,2026-04-27T09:23:31.000Z,Video,My first ever video on youtube was me playing football to now playing in Wembly with the youtubers I used to watch when I was a kid. This has been truly a dream come true! 🙌🙌,https://www.instagram.com/p/DXoUCuCErjA/,DXoUCuCErjA,https://scontent-yyz1-1.cdninstagram.com/v/t51.71878-15/683348759_1491674022363722_8523940837709566326_n.jpg?stp=dst-jpg_e15_tt6&_nc_cat=104&ig_cache_key=Mzg4NDQ0MjgyNjQwMzEzMzYzMg%3D%3D.3-ccb7-5&ccb=7-5&_nc_sid=58cdad&efg=eyJ2ZW5jb2RlX3RhZyI6IkNMSVBTLnhwaWRzLjY0MC5zZHIudmlkZW9fbmZyYW1lX2NvdmVyX2ZyYW1lLkMzIn0%3D&_nc_ohc=FINu7UQKwEIQ7kNvwESvvgz&_nc_oc=AdocbvrJHNgg4Jsd32hbWxBZ_uWlVSwfavCRZ4P6fbpDXL1mDIO0V1cVRsVwWYHmDHU&_nc_zt=23&_nc_ht=scontent-yyz1-1.cdninstagram.com&_nc_gid=4nXbNvzmH3Kn9koL9DuZxA&_nc_ss=72289&oh=00_AQBtzXNVEhqi-6D5yOaCLMlPAz1xh_Zb3JmMpw0hQAkUOA&oe=6A68E4FA,False
https://www.instagram.com/carryminati,496095,4829,2026-04-26T07:22:01.000Z,Video,Kitna lucky hoon mein….,https://www.instagram.com/p/DXlhcpHkipr/,DXlhcpHkipr,https://instagram.fsvq4-1.fna.fbcdn.net/v/t51.71878-15/674560955_1850612242290467_8230477762140039884_n.jpg?stp=dst-jpg_e15_tt6&_nc_ht=instagram.fsvq4-1.fna.fbcdn.net&_nc_cat=111&_nc_oc=Q6cZ2gFP_cyVabTmYoZkM4vIzxXbX6nwV7IIzy3FER-oPeaCsVcvTRGdxsPTp_JZKjQlZK4&_nc_ohc=CSr9GYHnyWAQ7kNvwEmI2Id&_nc_gid=8C21PGg-vX7goG72FUD0jw&edm=ADp7STQBAAAA&ccb=7-5&oh=00_AQDor34NHmamkUb1U8YsmYsum5UlDBrH8fwB0Gocnzcjlg&oe=6A6916B4&_nc_sid=c6f216,False
https://www.instagram.com/carryminati,698598,1421,2026-04-19T11:20:15.000Z,Sidecar,"Played in Wembley for the second time! I wanted to score so bad, I am sure some of you will be disappointed, at the end of the match I was sitting in the corner, heartbroken but I kept smiling and I thought I am not doing this again phir meine kaha bhaad mein jaaye I am not giving up here. I’ll be better and I’ll try harder next time! Thank you so much tum sab ka tum logo ke bina ye possible nhi hai 
Baaki video la rahe hai jald hee! 
gulabi dil gulabi dil",https://www.instagram.com/p/DXT7RYCkp73/,DXT7RYCkp73,https://scontent-ord5-3.cdninstagram.com/v/t51.82787-15/670974251_18566505835065620_902753725097646051_n.jpg?stp=dst-jpg_e35_tt6&_nc_cat=109&ig_cache_key=Mzg3ODcwMzA5ODUzODEzNDQ3MQ%3D%3D.3-ccb7-5&ccb=7-5&_nc_sid=58cdad&efg=eyJ2ZW5jb2RlX3RhZyI6IkNBUk9VU0VMX0lURU0ueHBpZHMuMTQ0MC5zZHIucmVndWxhcl9waG90by5DMiJ9&_nc_ohc=VC3-4bUScSgQ7kNvwFMK1SO&_nc_oc=AdqjDdU4WbSqByzr1PyAQBtYzkUDc_q7xPrv2bZZ0fqkVgiI9LDlR8NYEwei9BUoBAQ&_nc_zt=23&_nc_ht=scontent-ord5-3.cdninstagram.com&_nc_gid=2-WbcYvQjx0M3a8fZVVq2g&_nc_ss=72689&oh=00_AQBPh1qKTw08k2L9CypDDA_swVJH3ARJtsm5nbBGIbZ73A&oe=6A68F753,False
https://www.instagram.com/carryminati,922345,2498,2026-04-17T11:50:43.000Z,Sidecar,"One day…nah 
Day one 😈",https://www.instagram.com/p/DXO1KxqEotl/,DXO1KxqEotl,https://instagram.fbne9-2.fna.fbcdn.net/v/t51.82787-15/670924710_18566090050065620_6608873662412368761_n.jpg?stp=dst-jpegr_e35_tt6&_nc_cat=104&ig_cache_key=Mzg3NzI2OTA4MDMzNjY4NDc5OA%3D%3D.3-ccb7-5&ccb=7-5&_nc_sid=58cdad&efg=eyJ2ZW5jb2RlX3RhZyI6IkNBUk9VU0VMX0lURU0ueHBpZHMuMTQ0MC5oZHIucmVndWxhcl9waG90by5DMyJ9&_nc_ohc=G4PUMSKTwjwQ7kNvwH2iAIr&_nc_oc=AdqoIb9bJVK2eQ1duI-HxTqREQqjHz48Y75WVXNCxn0f6iFw0mPhKRlI24lQF3vE-uM&_nc_zt=23&se=-1&_nc_ht=instagram.fbne9-2.fna&_nc_gid=k7gi6YVnrChK65S5wZeZUg&_nc_ss=72689&oh=00_AQBvTd61AyXcL1WmMcO04P95fBRiMBDiOcFGeHc4O85Njg&oe=6A68F77F,False
https://www.instagram.com/carryminati,2349941,66892,2026-04-01T07:38:54.000Z,Video,Important announcement,https://www.instagram.com/p/DWlLaQgkptO/,DWlLaQgkptO,https://instagram.fmad6-1.fna.fbcdn.net/v/t51.71878-15/657809314_4337737409808458_3395893443554695483_n.jpg?stp=dst-jpg_e15_tt6&_nc_cat=111&ig_cache_key=Mzg2NTU0NjAzODExMTgwNDIzOA%3D%3D.3-ccb7-5&ccb=7-5&_nc_sid=58cdad&efg=eyJ2ZW5jb2RlX3RhZyI6IkNMSVBTLnhwaWRzLjY0MC5zZHIudmlkZW9fbmZyYW1lX2NvdmVyX2ZyYW1lLkMyIn0%3D&_nc_ohc=_jcYi7uXqqIQ7kNvwFFPGGS&_nc_oc=AdpzIvpVkVaVRGkCbYB_a6stESnWgNja5vRTcWr1aKboxIoAHVyyadn-w1eAIRBofmE&_nc_zt=23&_nc_ht=instagram.fmad6-1.fna&_nc_gid=FlvU_wW76IItxj-7UupqLg&_nc_ss=7c689&oh=00_AQBq67iPtWbw9jlVpoVzWTojFY4nMZyeVRk6iCzjDzbWOA&oe=6A6908D3,False
https://www.instagram.com/carryminati,3676001,17014,2026-03-27T07:30:23.000Z,Video,"Hum nhi sudhrenge 💀

#carryminati",https://www.instagram.com/p/DWYSQCakmGz/,DWYSQCakmGz,https://scontent-man2-1.cdninstagram.com/v/t51.71878-15/657709611_1251435669966530_9108914380855007670_n.jpg?stp=dst-jpg_e15_tt6&_nc_ht=scontent-man2-1.cdninstagram.com&_nc_cat=102&_nc_oc=Q6cZ2gEZ_FWl8g-JhTI_WPc8SbqkbnpDNIGAt4oLDprv3za8qPLX5iTAYuzKiDXwFLuEtnw&_nc_ohc=8sdmZiwaeVMQ7kNvwGbkDQF&_nc_gid=w3wjoPxuneUDxJFnyOv8aw&edm=ADp7STQBAAAA&ccb=7-5&oh=00_AQCRtA6zTGxfkdoyx7QhRKlLAIm-WwAAB2dIQaMo6Atdlw&oe=6A68F536&_nc_sid=c6f216,False
https://www.instagram.com/carryminati,677936,839,2026-03-23T12:35:49.000Z,Video,"Batado konsi movie, Bassi bhai???

#GalaxyAI 
#GalaxyS26Ultra 
#PrivacyDisplay 
#Samsung 
#Ad 

This video is created by CarryMinati",https://www.instagram.com/p/DWOh73LEqRF/,DWOh73LEqRF,https://instagram.fpoz3-1.fna.fbcdn.net/v/t51.82787-15/656559668_18559378510065620_2191581175401259566_n.jpg?stp=dst-jpg_e35_p1080x1080_sh2.08_tt6&_nc_ht=instagram.fpoz3-1.fna.fbcdn.net&_nc_cat=108&_nc_oc=Q6cZ2gH8VgczP-s-jA2Nc2sHb9Xom4IdqXqOiHhyIv1TS91ol2yuqGr-vZ7pYy4VbLhUCdY&_nc_ohc=t0VkDzhpp5UQ7kNvwEGz2MI&_nc_gid=NCPQiuSoMGweJkWFTWP6mQ&edm=ADp7STQBAAAA&ccb=7-5&oh=00_AQAyDYrgBcc7kW4JcO2IcP7cgrl6yIUQ2YO9pnPFe_9ucw&oe=6A68E720&_nc_sid=c6f216,False
https://www.instagram.com/ashishchanchlani,361209,3150,2026-07-21T13:46:58.000Z,Video,"Har shaadi shuda mard ki ek
Dukhat kahani🥀

#BoldStoriesLiveHereOnZEE5 #ZEE5",https://www.instagram.com/p/DbDnxwYsYWV/,DbDnxwYsYWV,https://scontent-mia5-2.cdninstagram.com/v/t51.82787-15/753282263_18613667920029690_3293928520106144481_n.jpg?stp=dst-jpg_e15_tt6&_nc_ht=scontent-mia5-2.cdninstagram.com&_nc_cat=1&_nc_oc=Q6cZ2gGdC37Y6slQXGC-ijmC_-rq3EdEZCCQJPjfeYbKqePJLuxx13ojL7F2BP2mnHBBl44&_nc_ohc=fLw4xB9Zr2kQ7kNvwHjkGSC&_nc_gid=wfsLXl9U7vGl8ZiNdInZxQ&edm=ADp7STQBAAAA&ccb=7-5&oh=00_AQBmMzkBwCEo9Iyn2JIHwAJzCOGYCDCY-wWlTIaujdbkZQ&oe=6A68EACD&_nc_sid=c6f216,False
https://www.instagram.com/ashishchanchlani,431738,1130,2026-07-17T07:40:11.000Z,Video,"Part 2 of my full conversation with the amazing Matt Damon & Tom holland
This ones special cause there is a heartfelt message for all Indian fans
Odysseus is now yours everyone
#MattDamon #TomHolland #ChristopherNolan #TheOdyssey",https://www.instagram.com/p/Da4s05UK8Kh/,Da4s05UK8Kh,https://scontent-waw2-2.cdninstagram.com/v/t51.82787-15/748510258_18612225673029690_483941265109037190_n.jpg?stp=dst-jpg_e15_tt6&_nc_ht=scontent-waw2-2.cdninstagram.com&_nc_cat=106&_nc_oc=Q6cZ2gEa9oKZrSpJff-9nU2fZ2tNcp_VzPWi4ng6v__GCeGX74I1HB6AjL_x2UQbk7OONtg&_nc_ohc=VYaDgnW16NcQ7kNvwGQDq59&_nc_gid=DmaanUCneeQvsbum6sSYTw&edm=ADp7STQBAAAA&ccb=7-5&oh=00_AQDRYXeYDMjxZJztPoqsNY2W8zvuZpvjU69LissjvpNDXw&oe=6A6911EE&_nc_sid=c6f216,False
https://www.instagram.com/ashishchanchlani,400594,1678,2026-07-15T16:04:03.000Z,Video,"Here it is : Part 1 of my wonderful conversation with these 2 global superstars
Matt Damon & Tom holland 
Always beautiful meeting people who love movies and the process that goes behind creating the magic
Part 2 coming tomorrow
#MattDamon #TomHolland
#ChristopherNolan #TheOdyssey
@universalpicturesindia",https://www.instagram.com/p/Da0be0csRF1/,Da0be0csRF1,https://instagram.fflr4-1.fna.fbcdn.net/v/t51.82787-15/748043628_18611774902029690_5103744615399932536_n.jpg?stp=dst-jpg_e15_tt6&_nc_ht=instagram.fflr4-1.fna.fbcdn.net&_nc_cat=106&_nc_oc=Q6cZ2gE6Eysf_bmEbX2i-mmBYDysABYXPwD7h98ORVxzVS8_QLDypfAKzr5hzm96eiYUhcc&_nc_ohc=YwwZ5vlv7hQQ7kNvwH4EqzD&_nc_gid=MZvxxGnH-vO0Ap2CiFAc9A&edm=ADp7STQBAAAA&ccb=7-5&oh=00_AQCUJETNczNakKuyzbDJv6TWpg97SmLj6cX3IeU45w9Sew&oe=6A68F0FD&_nc_sid=c6f216,False
https://www.instagram.com/ashishchanchlani,1079573,2871,2026-07-14T09:31:02.000Z,Sidecar,"Kuch nai America aur London se teen dost aaye hai unko mumbai ghuma raha hu🥰

 A big thanks to the wonderful team of @universalpicturesindia love you guys

Styled by - @yaarstylekardeharshika @wah.yaar.harshika

Outfit - @faizaanalam @houseofalams
Neckchain - @tribebyamrapali
Hair & Makeup by : @talibhairstyles7666 
Shoes - @cobblus.luxury 

#TomHolland #MattDamon #ChristopherNolan #TheOdyssey",https://www.instagram.com/p/DaxLItODncf/,DaxLItODncf,https://scontent-fra5-2.cdninstagram.com/v/t51.82787-15/747208163_18611380843029690_1838978376628978667_n.jpg?stp=dst-jpg_e35_tt6&_nc_cat=1&ig_cache_key=Mzk0MDk3OTQ3MzM1MTYyMzQ5OA%3D%3D.3-ccb7-5&ccb=7-5&_nc_sid=58cdad&efg=eyJ2ZW5jb2RlX3RhZyI6IkNBUk9VU0VMX0lURU0ueHBpZHMuMTM3My5zZHIucmVndWxhcl9waG90by5DMyJ9&_nc_ohc=QtC4VJNnv6UQ7kNvwFKlqfP&_nc_oc=AdpaK2h98EkbkgUET7tCHBIR9AbEiXHi50jcg8Tnb4FJMURDhITq_AShH67wBhzULqQ&_nc_zt=23&_nc_ht=scontent-fra5-2.cdninstagram.com&_nc_gid=T2v9z9FJD8qNdUGWforh7w&_nc_ss=72689&oh=00_AQCwC-jjs3-iPs3Naa4wUMHExqVqITzeJ43IX2MsWQ7Nmg&oe=6A68F9CC,False
https://www.instagram.com/ashishchanchlani,1040628,7021,2026-07-13T13:53:39.000Z,Video,Ek ek ko ghar mein ghus ke maarunga,https://www.instagram.com/p/DavEWK3sTc-/,DavEWK3sTc-,https://instagram.fper8-1.fna.fbcdn.net/v/t51.82787-15/747122238_18611143165029690_4070802675686408112_n.jpg?stp=dst-jpg_e15_tt6&_nc_ht=instagram.fper8-1.fna.fbcdn.net&_nc_cat=1&_nc_oc=Q6cZ2gF5sLqqPZFvG2AzvxF3VfWdpmEbGcJHTIrq5ntaMhdoTGADQ1QJKM07DwmRyrhdJMc&_nc_ohc=kmNWQInbwQMQ7kNvwEWcCgE&_nc_gid=cslgAZzdOGw8Y0nAUOYAbA&edm=ADp7STQBAAAA&ccb=7-5&oh=00_AQDvfR2mZuVpx7adPdzJAahuRkI0TaAzFGns8RmWni_1Pg&oe=6A68FA91&_nc_sid=c6f216,False
https://www.instagram.com/ashishchanchlani,241292,538,2026-07-13T08:02:53.000Z,Video,"Many congratulations to my dear brother @jashansirwani & @i_payal25 for their engagement
This is how we celebrated🤣",https://www.instagram.com/p/DaucIyzuCMk/,DaucIyzuCMk,https://scontent-cdg6-1.cdninstagram.com/v/t51.82787-15/745045935_18611073961029690_52124587385221963_n.jpg?stp=dst-jpg_e15_tt6&_nc_ht=scontent-cdg6-1.cdninstagram.com&_nc_cat=106&_nc_oc=Q6cZ2gEKwHrmHLPt_iU9Q2ioX24CloFJbO7gEuauKuQ2ubQIdezVdq9ptv2ZaaiQK90ugZ8&_nc_ohc=cbDjtOvAKdQQ7kNvwEukWzQ&_nc_gid=142ymo2AxBb8ZnmxMQKyPA&edm=ADp7STQBAAAA&ccb=7-5&oh=00_AQBtHuqqOuxOxJTAo7eEIE-vwUutK6kwPb3u5JNmTljwig&oe=6A68F932&_nc_sid=c6f216,False
https://www.instagram.com/ashishchanchlani,392854,1639,2026-07-01T13:00:11.000Z,Video,"BAS KARO PAPA MUJE NAI KARNI SHAADI🙏🏻 

#GameOnChipIn",https://www.instagram.com/p/DaQEz0mOkkP/,DaQEz0mOkkP,https://scontent-ams2-1.cdninstagram.com/v/t51.82787-15/731442552_18607464706029690_2301071872531490925_n.jpg?stp=dst-jpg_e15_tt6&_nc_ht=scontent-ams2-1.cdninstagram.com&_nc_cat=106&_nc_oc=Q6cZ2gGU9TZjS-pkhXlo_INg8_AGkgC2pYGdcsQylmu8VLr5T7ndgZy5wQnQIX5jEpWSUPs&_nc_ohc=tk2lCR9fx0QQ7kNvwGSnYdA&_nc_gid=fs19dPK6_0gTC-QFL0ttfg&edm=ADp7STQBAAAA&ccb=7-5&oh=00_AQA5Rk0DGUFN-X3W1HSdpA8ltVGaVoJVwOC6TRp5HLOUcQ&oe=6A68FD70&_nc_sid=c6f216,False
https://www.instagram.com/ashishchanchlani,40141,1042,2026-06-30T11:01:10.000Z,Video,"Get ready for the global debut of Mega Mewtwo X and Mega Mewtwo Y with Pokémon GO Fest 2026: Global. Discover Super Mega Raid Battles, encounter Costumed Pokémon and get a chance to catch Pokémon of all 18 types for free on July 11 and July 12, 2026. So, what are you waiting for? Download Pokémon GO now!

#PokémonGO

#Ad",https://www.instagram.com/p/DaNSJImulz2/,DaNSJImulz2,https://scontent-cdg6-1.cdninstagram.com/v/t51.82787-15/731031402_18607110880029690_8983320551894444714_n.jpg?stp=dst-jpg_e15_fr_p1080x1080_tt6&_nc_ht=scontent-cdg6-1.cdninstagram.com&_nc_cat=106&_nc_oc=Q6cZ2gE6cDBS-2wq2f2eJpS5BfLL-qReRlM_rUGOS44VzRZnk1CFkjW5fPsG1OQ_HiYMjTs&_nc_ohc=qtjFNtUDxIIQ7kNvwGEULQk&_nc_gid=kTNOysNAiCj4QCUrSrFjwQ&edm=ADp7STQBAAAA&ccb=7-5&oh=00_AQChX_xM_IyhHAjs-Ed7BdImXT0oH5bJQKLJNYqlufWrrg&oe=6A690B74&_nc_sid=c6f216,False
https://www.instagram.com/ashishchanchlani,667998,3289,2026-06-16T12:49:08.000Z,Video,"Chak De Fifa : Mujhe Football Clubs ke naam na sunai dete na dikhayi dete
Sirf ek naam sunai deta hai
FIFAAAA🌎⚽️. 
Which Match Will You Watchega From Home?

#WatchegaFromHome #FIFAOnZee5",https://www.instagram.com/p/DZpaAoxM7kd/,DZpaAoxM7kd,https://scontent-ssn1-1.cdninstagram.com/v/t51.82787-15/725120907_18602433085029690_8152792654023798317_n.jpg?stp=dst-jpg_e35_p1080x1080_sh2.08_tt6&_nc_ht=scontent-ssn1-1.cdninstagram.com&_nc_cat=106&_nc_oc=Q6cZ2gGC9mBFODjLIuqvXcC8WEQXCjgsgdvsYhd2d5aJbENFgyNmbaPhHR-IcB48SnRBLFY&_nc_ohc=0Fj8gPXFVoMQ7kNvwE5riuA&_nc_gid=PZ71of655XoehL_qMDH4cA&edm=ADp7STQBAAAA&ccb=7-5&oh=00_AQCTbBUmCzij1-8SkOdSxYYHJg9qC79g29gMNXPV8YXWyg&oe=6A691A37&_nc_sid=c6f216,False
https://www.instagram.com/ashishchanchlani,816460,6506,2026-05-13T16:01:15.000Z,Video,Bas karo bkl,https://www.instagram.com/p/DYSOYT1s4vg/,DYSOYT1s4vg,https://scontent-ord5-1.cdninstagram.com/v/t51.71878-15/696164866_1295658382765160_745707813037578621_n.jpg?stp=dst-jpg_e15_tt6&_nc_ht=scontent-ord5-1.cdninstagram.com&_nc_cat=108&_nc_oc=Q6cZ2gHAU3yHEPytQdKcMn6hEW0vxUX56IG1ZPBxsN2GJc1UGo9LWm52dmQ9LC-IM3wRb6w&_nc_ohc=JJ6V-HgVUA8Q7kNvwHHNn4m&_nc_gid=pqA4DPClgESlMAi20x30Xg&edm=ADp7STQBAAAA&ccb=7-5&oh=00_AQCKYFZoZM4IdYCs_hY2e_BG0yyZaylxHGrh6ejvDkh9rQ&oe=6A68F04A&_nc_sid=c6f216,False
https://www.instagram.com/ashishchanchlani,487173,6647,2026-05-11T10:36:00.000Z,Video,Anyone who meets my parents this is my message for you🥰,https://www.instagram.com/p/DYMfiH3sLG-/,DYMfiH3sLG-,https://instagram.fgla3-2.fna.fbcdn.net/v/t51.71878-15/696519214_1274624534755043_8887763783322340691_n.jpg?stp=dst-jpg_e15_tt6&_nc_ht=instagram.fgla3-2.fna.fbcdn.net&_nc_cat=1&_nc_oc=Q6cZ2gGseqkrEP2ifAqllapz-dh6FQ-XUPnelhoeeNx7ug5xGzQN5w_R8b9gZrA0F2EQD2g&_nc_ohc=kFzLyoeC3FoQ7kNvwG7F10P&_nc_gid=JmS2x8NQ_dTkFOwhbq9tMw&edm=ADp7STQBAAAA&ccb=7-5&oh=00_AQBwfO_zV2-AfSgfoYll7nROgCJzhveESEcEE8Ol9j3yxg&oe=6A68EFB6&_nc_sid=c6f216,False
https://www.instagram.com/ashishchanchlani,689826,1958,2026-05-09T07:58:21.000Z,Video,"Easily the most fav of our old ACV videos
This was a scene dedicated to my mother and my dadi who unfortunately i could never meet 💔
Happy mother’s day in advance to you all
#mothersday",https://www.instagram.com/p/DYHD0WsMrPE/,DYHD0WsMrPE,https://instagram.fflr1-1.fna.fbcdn.net/v/t51.82787-15/692616761_18591298948029690_2507754696278495177_n.jpg?stp=dst-jpg_e15_tt6&_nc_ht=instagram.fflr1-1.fna.fbcdn.net&_nc_cat=106&_nc_oc=Q6cZ2gEGfwWjE3h2DTOuGDpaNeZEvIWK1D-KL_EXGkbQrRRpyfg77zRqj_9p84irVu_0FQc&_nc_ohc=KhZlTJpaLkgQ7kNvwF3MpXm&_nc_gid=1G84tWePn8c2YWgv2qQr2g&edm=ADp7STQBAAAA&ccb=7-5&oh=00_AQBL8-J4bGAWkDkrHRIiWt-kcaXdsNVLwUGQNdN2Wthp2w&oe=6A68F138&_nc_sid=c6f216,False
https://www.instagram.com/ashishchanchlani,668024,3737,2026-05-07T09:50:33.000Z,Video,Met my 2016 version today and she is proud❤️😇,https://www.instagram.com/p/DYCHKZUM6y8/,DYCHKZUM6y8,https://instagram.fktw6-1.fna.fbcdn.net/v/t51.71878-15/689941999_1332697432107646_5194654974428671073_n.jpg?stp=dst-jpg_e15_tt6&_nc_ht=instagram.fktw6-1.fna.fbcdn.net&_nc_cat=110&_nc_oc=Q6cZ2gFjaqYz9QJJiKV-KhBIgHONbRD5C_hNF1CkUg6pAO9idNtxS0plNXz58S18Hk2d9nY&_nc_ohc=Yu4eW4l80NYQ7kNvwFSkQhm&_nc_gid=Pm5dV329tUyHVfTvNZzn9g&edm=ADp7STQBAAAA&ccb=7-5&oh=00_AQDiKWu66hwpW9R6rsS2nvsw91SVu6XkkKkFnrn8LOMALA&oe=6A68E78F&_nc_sid=c6f216,False
https://www.instagram.com/ashishchanchlani,285176,1000,2026-03-21T08:31:07.000Z,Sidecar,"I am so excited to finally collaborate with my favs @theviralfever to bring a desi new take on the zombie genre
Me and @arunabhkumar bhaiya wanted to bring this story since a long time and i am so happy @primevideoin has believed in our vision
Thank you arunabh bhaiya for doing this you know how much i love you!
Ab toh kasam kha li hai to bring unexplored genres to our country
Mere dusre producer sahab @koshyvijay ko bhi bahut saara pyaar dijiye (bahut hi funny hai vijay bhai😂) and finally humare director sahab @vaibhav.bundhoo 
jo din raat lage hue hai is movie ko laane mein❤️ 
Give us all your love and support for this new journey
Signing off, the makers of COLLEGE FEST🧟

Styled by : @yaarstylekardeharshika @wah.yaar.harshika

Outfit: @houseofalams @faizaanalam

Makeup: @talibhairstyles7666",https://www.instagram.com/p/DWI83LLDBUW/,DWI83LLDBUW,https://instagram.fmad8-1.fna.fbcdn.net/v/t51.82787-15/655027943_18578354785029690_6334773958825947693_n.jpg?stp=dst-jpg_e35_tt6&_nc_cat=110&ig_cache_key=Mzg1NzU5OTg1NDk2OTQxODMwNQ%3D%3D.3-ccb7-5&ccb=7-5&_nc_sid=58cdad&efg=eyJ2ZW5jb2RlX3RhZyI6IkNBUk9VU0VMX0lURU0ueHBpZHMuMTMyMC5zZHIucmVndWxhcl9waG90by5DMyJ9&_nc_ohc=JiQbvak5lbMQ7kNvwExaul_&_nc_oc=AdqIEcTX8A3NYIDgxar7wEeF40ae-9xT_S80coB44QizZriXX3wy8J7UDvnxi5NqHNQ&_nc_zt=23&_nc_ht=instagram.fmad8-1.fna&_nc_gid=9ppnFUqPR82EEB3yFoZHwQ&_nc_ss=72289&oh=00_AQAlII-AZFgaIAn2_r0LskQz-790_mIPoNlJE0AbLM3J2w&oe=6A691401,False
https://www.instagram.com/ashishchanchlani,1093447,4219,2026-03-19T06:04:45.000Z,Video,"You’re welcome tom, It was an honour to represent India in launching the trailer❤️ cant wait to watch BND🕷️",https://www.instagram.com/p/DWDiT2FDOWt/,DWDiT2FDOWt,https://scontent-waw2-1.cdninstagram.com/v/t51.71878-15/653797690_2307110683129294_7197558460621630357_n.jpg?stp=dst-jpg_e15_tt6&_nc_ht=scontent-waw2-1.cdninstagram.com&_nc_cat=110&_nc_oc=Q6cZ2gHhghYwnw3aRM7qlSGwEqkC2BMbpvY0o8QAYb2Yi2pVw-f7AzMPH_0e2f37LUgCr8c&_nc_ohc=Oa5xUWIRMRYQ7kNvwEx5W5L&_nc_gid=rLWcJxcoj3QQcI5GGXusPA&edm=ADp7STQBAAAA&ccb=7-5&oh=00_AQC9xDthhC1KgE7Y6cfiEnFCUSXdXqwCGOYcA0dN8-q3Uw&oe=6A6904CB&_nc_sid=c6f216,False
https://www.instagram.com/prajaktakoli,14,3,2026-07-20T13:49:54.000Z,Video,Study Time For Abhas!  #editingskills  #videoeditingideas,https://www.instagram.com/p/DbBD1v_gBCa/,DbBD1v_gBCa,https://instagram.fagc3-1.fna.fbcdn.net/v/t51.71878-15/752243117_1353980703377645_8070409556389973424_n.jpg?stp=dst-jpg_e15_tt6&_nc_cat=102&ig_cache_key=Mzk0NTQ1MTYzNjM1NjI4ODY2Ng%3D%3D.3-ccb7-5&ccb=7-5&_nc_sid=58cdad&efg=eyJ2ZW5jb2RlX3RhZyI6IkNMSVBTLnhwaWRzLjY0MC5zZHIudmlkZW9fZGVmYXVsdF9jb3Zlcl9mcmFtZS5DMyJ9&_nc_ohc=5WVbark2NIEQ7kNvwHmqeKs&_nc_oc=AdpY-4J2oBuRzF-YPnep9Qcs-bTrxKrLeyoLGSiNllX0LT-zCW6OSN_vxBzqa7Px5mA&_nc_zt=23&_nc_ht=instagram.fagc3-1.fna&_nc_gid=7Oc7uqcjyWO1FVnRm4s3kA&_nc_ss=72a8c&oh=00_AQBPYtwlj-J6vU29prw9ezQArpLD8aFULw5ZVEWMF9CS9A&oe=6A691360,False
https://www.instagram.com/prajaktakoli,62,5,2026-07-17T05:50:56.000Z,Video,Sahalila Jayacha!,https://www.instagram.com/p/Da4gQl7ort3/,Da4gQl7ort3,https://instagram.fyqm1-1.fna.fbcdn.net/v/t51.82787-15/749022984_18552518332070043_7217462423243352070_n.jpg?stp=dst-jpg_e15_tt6&_nc_ht=instagram.fyqm1-1.fna.fbcdn.net&_nc_cat=103&_nc_oc=Q6cZ2gEH3M8kmLSPx1rk-jZt6Z0Tp4tOCb7_nvDESrO-7Kpvyuzcm0G0PKeTLmJY_6Vc8dJW6v4jHMjjJxxI6B4a4Erg&_nc_ohc=MmoV6jQZj5kQ7kNvwH9kxzY&_nc_gid=ubVMYwRKa50Aq4xyoCzk7g&edm=ADp7STQBAAAA&ccb=7-5&oh=00_AQAYnq7IZ_G87FOEWmmuLpaDKlViVZi08qI8Ficveqsi_w&oe=6A690D57&_nc_sid=c6f216,False
https://www.instagram.com/prajaktakoli,81,7,2026-07-16T08:37:50.000Z,Video,"Rut Savan Ki #rainypicnic
#rainydayvibes 
#rainreels",https://www.instagram.com/p/Da2OlR5gxly/,Da2OlR5gxly,https://scontent-fra3-2.cdninstagram.com/v/t51.71878-15/747105281_1332478862411747_523721324759576713_n.jpg?stp=dst-jpg_e15_tt6&_nc_ht=scontent-fra3-2.cdninstagram.com&_nc_cat=111&_nc_oc=Q6cZ2gE50PYPDM4wbek8EVOTcNsHAgAGEslng6KngM3eNmlD1cC-dtv4W_XEFhp6_S76F7yVHvXA-_ldmmkgM-EYKObI&_nc_ohc=80Lp6FRUDZEQ7kNvwFbNGlV&_nc_gid=ALGgMWk1w1Rir7XOxvNGOg&edm=ADp7STQBAAAA&ccb=7-5&oh=00_AQC3sblKs2dIohflVGbOh4PRcJ3PL5dMPUvBGLWmpYtmaA&oe=6A6914A4&_nc_sid=c6f216,False
https://www.instagram.com/prajaktakoli,64,6,2026-07-16T07:22:36.000Z,Video,Cancel Hone wala plan Successfull Ho gaya!,https://www.instagram.com/p/Da2F9-SApMB/,Da2F9-SApMB,https://instagram.ftgz1-1.fna.fbcdn.net/v/t51.82787-15/749584750_18552281623070043_6746723340498119604_n.jpg?stp=dst-jpg_e35_p1080x1080_sh2.08_tt6&_nc_ht=instagram.ftgz1-1.fna.fbcdn.net&_nc_cat=103&_nc_oc=Q6cZ2gEPp_yFGrMusSxYaFWC22zSgt1hSfb9X6NrlpFOXg5jmZLbQVfqHM4d-kxd-teLl_8&_nc_ohc=mW1Enpp162wQ7kNvwE3NrVq&_nc_gid=EZiw1VzFpR7DM7SF0dntzQ&edm=ADp7STQBAAAA&ccb=7-5&oh=00_AQDPfkPCEF9b8gIVMf137RMg_0BdE4dwVxrqbZRM78RNRw&oe=6A6917E8&_nc_sid=c6f216,False
https://www.instagram.com/prajaktakoli,60,3,2026-07-16T06:48:34.000Z,Video,Every Mon On Their Girls Only Trip!,https://www.instagram.com/p/Da2CFDYANxj/,Da2CFDYANxj,https://scontent-nrt1-1.cdninstagram.com/v/t51.82787-15/748812387_18552277438070043_1026885904296073037_n.jpg?stp=dst-jpg_e35_p1080x1080_sh2.08_tt6&_nc_ht=scontent-nrt1-1.cdninstagram.com&_nc_cat=103&_nc_oc=Q6cZ2gFwN-OE4U_VwdSj_9ooekpux6-QlNiNtnzaX2aRLw8Fzb4yVzH9ZSGXZ1neSJCLLBQ&_nc_ohc=ClOVYbM8N-MQ7kNvwGinMOa&_nc_gid=-ml4RTLiEKehWZK9M4F_Hg&edm=ADp7STQBAAAA&ccb=7-5&oh=00_AQDCNkCMPkIPNdNm16yHVC5KgxvrVzEQV3YHbXv43bw_9w&oe=6A690E7B&_nc_sid=c6f216,False
https://www.instagram.com/prajaktakoli,93,4,2026-07-16T06:10:46.000Z,Video,Relax Time at Pool,https://www.instagram.com/p/Da19vXkAzlL/,Da19vXkAzlL,https://scontent-mad1-1.cdninstagram.com/v/t51.82787-15/748678710_18552272650070043_3204006403860409613_n.jpg?stp=dst-jpg_e15_tt6&_nc_ht=scontent-mad1-1.cdninstagram.com&_nc_cat=103&_nc_oc=Q6cZ2gHp7ZBplmibm82k6hWRham-UfDKQz2hXCb5v43Uu0Q0sowy4itUkv2lZVi0lXcJsFc&_nc_ohc=2EbEjl1rbCsQ7kNvwHeyHIH&_nc_gid=OPwIYocm7-9O62rx8Axa5Q&edm=ADp7STQBAAAA&ccb=7-5&oh=00_AQAs5OEUbsVCElw9XyvfK5tJSD36inJXmfTgf5fRm6uyTg&oe=6A68FD02&_nc_sid=c6f216,False
https://www.instagram.com/prajaktakoli,100,3,2026-07-16T05:41:20.000Z,Video,When Girls wear Matching OutFit on their Vacation!,https://www.instagram.com/p/Da16YCeozog/,Da16YCeozog,https://scontent-cdg6-1.cdninstagram.com/v/t51.82787-15/748438840_18552607363070043_8971859646188832844_n.jpg?stp=dst-jpg_e35_p1080x1080_sh2.08_tt6&_nc_ht=scontent-cdg6-1.cdninstagram.com&_nc_cat=103&_nc_oc=Q6cZ2gGfYkVW7NGIrMAJrvcr9IqvCjjEYigTCHNsAsG3tgFoA1x0kw5Tix-ZlsdMd9q9dtm0nBLAe5UrdwnoOZ4zg9Ds&_nc_ohc=zeDfT-8XjPIQ7kNvwEOY4hO&_nc_gid=fC6zBcbIRUWrrrpa7x5W9A&edm=ADp7STQBAAAA&ccb=7-5&oh=00_AQCBXyl_l6FGC_QNmTcZrjlXKGMNsmZtvy9mxNTmfgCEtQ&oe=6A68FAFD&_nc_sid=c6f216,False
https://www.instagram.com/prajaktakoli,47,0,2026-07-16T05:02:37.000Z,Video,Oh Nakhawa Botini Firaval ka #poolmasti #agrikoli  #poolreels,https://www.instagram.com/p/Da11zZaIGS4/,Da11zZaIGS4,https://scontent-atl3-1.cdninstagram.com/v/t51.82787-15/749330735_18552859339070043_9208338471640956552_n.jpg?stp=dst-jpg_e15_tt6&_nc_ht=scontent-atl3-1.cdninstagram.com&_nc_cat=103&_nc_oc=Q6cZ2gERnsgjK9DisSmPhVz6OMk4qnozLqG3r8misS_Fcu1eGP-eD-iUs0wBA313z_HN_ysJ58MWLJrP9DFLdP8uo6vh&_nc_ohc=rXgpy8IzDBcQ7kNvwE7CS9C&_nc_gid=gl2u1aHtKyuKcVnPI63ryQ&edm=ADp7STQBAAAA&ccb=7-5&oh=00_AQC06qWf3vjiBJaSwGCwcypTQLHd8BCKyYZzHlTermVyXw&oe=6A690315&_nc_sid=c6f216,False
https://www.instagram.com/prajaktakoli,56,2,2026-07-15T18:18:30.000Z,Video,Ramp Walk,https://www.instagram.com/p/Da0sNx5gtTd/,Da0sNx5gtTd,https://scontent-lax3-2.cdninstagram.com/v/t51.82787-15/747235987_18552155869070043_4645548100314047479_n.jpg?stp=dst-jpg_e35_p1080x1080_sh2.08_tt6&_nc_ht=scontent-lax3-2.cdninstagram.com&_nc_cat=103&_nc_oc=Q6cZ2gHVKykdBjebandYlsJ1yheUm3kaL5EYb79qkLx8jtFcKbXcHMuWUKHvZVFPCoa62Eg&_nc_ohc=tb0o9gT00uoQ7kNvwFKEX6J&_nc_gid=X73g1siXhoHSOHKHX-yQAQ&edm=ADp7STQBAAAA&ccb=7-5&oh=00_AQCXoWJ_obJBR_z0WS-RWzQXyaZQL3rQuHyp2Z6oZqoH-Q&oe=6A6900BD&_nc_sid=c6f216,False
https://www.instagram.com/prajaktakoli,57,3,2026-07-15T16:55:36.000Z,Video,Trending !,https://www.instagram.com/p/Da0ix37g9Yz/,Da0ix37g9Yz,https://instagram.fblq3-1.fna.fbcdn.net/v/t51.82787-15/747573327_18552278365070043_1183322979953944473_n.jpg?stp=dst-jpg_e35_p1080x1080_sh2.08_tt6&_nc_ht=instagram.fblq3-1.fna.fbcdn.net&_nc_cat=103&_nc_oc=Q6cZ2gH_yUdhq4AbJMBu8uwdqMjLA5dZyA1zz159YSkNEqkpCmctyfdk9VHxjLepcfXzbo0&_nc_ohc=S0XbFV49iHAQ7kNvwExOgdc&_nc_gid=0_DUpPjHRnBPti-zaFDodA&edm=ADp7STQBAAAA&ccb=7-5&oh=00_AQBXhVUgq24lAb6XT6Gp3BmHv2Q9BVkXZJnoKg8c0lGpjA&oe=6A690190&_nc_sid=c6f216,False
https://www.instagram.com/prajaktakoli,79,3,2026-07-15T16:27:30.000Z,Video,"Na Jan Kaha se Aayi  Hai
#reelsinrain☁️☂️☔⛈️",https://www.instagram.com/p/Da0fiaFAoZ6/,Da0fiaFAoZ6,https://instagram.fpoz2-1.fna.fbcdn.net/v/t51.82787-15/748106775_18552255640070043_8937075630413616185_n.jpg?stp=dst-jpg_e35_p1080x1080_sh2.08_tt6&_nc_ht=instagram.fpoz2-1.fna.fbcdn.net&_nc_cat=103&_nc_oc=Q6cZ2gHAo_hm4LE9DTquygHnJhRUYf5VirG7osjvO3weku8ZP_HEaNO5UvY9pZ37d2QHTUc&_nc_ohc=UiT8l2MSZPcQ7kNvwEWlObJ&_nc_gid=Xn76RSamCAFh_1sGN7xHug&edm=ADp7STQBAAAA&ccb=7-5&oh=00_AQBW3GQwaFz19eV_ZK9eqd2qUIFeX5fNhjvxbZceZ8iQbQ&oe=6A68FBD3&_nc_sid=c6f216,False
https://www.instagram.com/prajaktakoli,156,8,2026-07-15T11:03:56.000Z,Video,When We Meet After Long Time!,https://www.instagram.com/p/Daz6acuykBn/,Daz6acuykBn,https://scontent-lga3-1.cdninstagram.com/v/t51.82787-15/748053763_18552063853070043_1467043992111155435_n.jpg?stp=dst-jpg_e15_tt6&_nc_ht=scontent-lga3-1.cdninstagram.com&_nc_cat=103&_nc_oc=Q6cZ2gExfz-J5-4ctKZ2ZQr_IVE5wxwCLEx8JmSOQ_0pCugvWuhK1qW_mxQq4tdnv2hdJj0&_nc_ohc=g0mmU2FO858Q7kNvwGTW3Ho&_nc_gid=8M4Z6F9U5OgGafcPUO5p6w&edm=ADp7STQBAAAA&ccb=7-5&oh=00_AQBP3MoCu2QVwUym-DnZz2Z_yZQZ9vY5UTlF25PvIQVKJA&oe=6A6912C3&_nc_sid=c6f216,False
https://www.instagram.com/prajaktakoli,133,5,2026-07-15T08:23:48.000Z,Video,Finally On Masti Mode!,https://www.instagram.com/p/DazgkUMNKM4/,DazgkUMNKM4,https://instagram.fbhx7-1.fna.fbcdn.net/v/t51.82787-15/747235854_18552037633070043_3034324699887337682_n.jpg?stp=dst-jpg_e15_tt6&_nc_ht=instagram.fbhx7-1.fna.fbcdn.net&_nc_cat=103&_nc_oc=Q6cZ2gF2gTTnbJEmXferLANb9Z2C7_5yCZs010ESX_ptz2Plfz1o-DBUyBYh6t1rkoN4Yp0&_nc_ohc=PRks0StBkDIQ7kNvwEEl1kM&_nc_gid=8JawAQ_wgaeP6hpTb60AVg&edm=ADp7STQBAAAA&ccb=7-5&oh=00_AQA3YxJzFfB5htQ7hFF8BzHkLJLxR6RS2LvelRwaTmL1Vw&oe=6A690D31&_nc_sid=c6f216,False
https://www.instagram.com/prajaktakoli,30,3,2026-07-13T07:06:58.000Z,Video,,https://www.instagram.com/p/DauVzdwgcxB/,DauVzdwgcxB,https://instagram.fgdn1-1.fna.fbcdn.net/v/t51.71878-15/743910095_1044302701305954_421532343387760217_n.jpg?stp=dst-jpg_e15_tt6&_nc_cat=108&ig_cache_key=Mzk0MDE4MjYxOTYxODEzNTEwNQ%3D%3D.3-ccb7-5&ccb=7-5&_nc_sid=58cdad&efg=eyJ2ZW5jb2RlX3RhZyI6IkNMSVBTLnhwaWRzLjY0MC5zZHIudmlkZW9fZGVmYXVsdF9jb3Zlcl9mcmFtZS5DMyJ9&_nc_ohc=echssyo4vZYQ7kNvwEWHjWH&_nc_oc=AdqCkUIFD7FJUJWGDwbWGpdpQEHjGSgUDZ7wgxUyceYXxZ3E-dN0Ce90omAhPogB2rE&_nc_zt=23&_nc_ht=instagram.fgdn1-1.fna&_nc_gid=l2EOe6Ff3WkhUy5yfDN44Q&_nc_ss=72a8c&oh=00_AQBHYFzZKESqYqahhOiBVuk1tIa4S63ElyHnQhapf5CsIQ&oe=6A6913CA,False
https://www.instagram.com/prajaktakoli,99,1,2026-07-12T08:56:01.000Z,Video,,https://www.instagram.com/p/Dar9D9MgDEm/,Dar9D9MgDEm,https://scontent-cdg4-2.cdninstagram.com/v/t51.82787-15/731134388_18551264440070043_3868175723413541252_n.jpg?stp=dst-jpg_e15_tt6&_nc_cat=109&ig_cache_key=MzkzOTUxMDg1MTc2OTIxNzMxODE4NTUxMjY0NDM3MDcwMDQz.3-ccb7-5&ccb=7-5&_nc_sid=58cdad&efg=eyJ2ZW5jb2RlX3RhZyI6IkNMSVBTLnhwaWRzLjEzMjAuc2RyLnZpZGVvX2RlZmF1bHRfY292ZXJfZnJhbWUuQzMifQ%3D%3D&_nc_ohc=4sZ7m3IUrCMQ7kNvwERBOLN&_nc_oc=AdqhhoTCAZacxVxIb7IL1WcaW6jM_ES4Akc_F19T5Ht9WDUZe9J367C_67K02lQUdRs&_nc_zt=23&_nc_ht=scontent-cdg4-2.cdninstagram.com&_nc_gid=lwGia-RfJ35ocU_kcV6K3A&_nc_ss=72a8c&oh=00_AQAfSqMrUXi9NVjYfA0EmQR9qmMCnV3sNoLgQ7i-G4uDjw&oe=6A69111A,False
https://www.instagram.com/kushakapila,71461,386,2026-07-17T10:11:50.000Z,Video,"har dil mein singing aur dancing ke armaan hotey toh hai 💅🩰🧑‍🩰🎤

styled by @harshitasamdariya 💫

@nykaafashion X @underneat.in",https://www.instagram.com/p/Da493tMBzr2/,Da493tMBzr2,https://scontent-mrs2-2.cdninstagram.com/v/t51.82787-15/749958737_18609251032032769_7637963993267470602_n.jpg?stp=dst-jpg_e15_tt6&_nc_ht=scontent-mrs2-2.cdninstagram.com&_nc_cat=101&_nc_oc=Q6cZ2gF27v2kMaoUQpsiy0wPCdCqyHVboEumAlB7kDiFxpfF2qriIsoKFwRnhhpXazVM6Ow&_nc_ohc=5A2AKnSYfQMQ7kNvwFoBPW6&_nc_gid=63dKqiPGDghWUEnxHeqkaw&edm=ADp7STQBAAAA&ccb=7-5&oh=00_AQALSLFARNOwVrbi2OpMWveqxsEkX348tM0kz-yha3uacg&oe=6A68E75B&_nc_sid=c6f216,False
https://www.instagram.com/kushakapila,267679,606,2026-07-12T07:31:08.000Z,Sidecar,"flew to delhi to see my mumbai friend 🌝✈️

fine jewelry with the finest girl @tamannaahspeaks who has been nailing cool girl jewels at @tamannaahfinejewellery. Love how passionately she is building it 💪

my fave outfit by @deme_love_ 🫶 (@underneat.in episode of this outfit soon)",https://www.instagram.com/p/Darz0yWAd3F/,Darz0yWAd3F,https://instagram.fcia5-1.fna.fbcdn.net/v/t51.82787-15/745145284_18607763248032769_3977059914368662356_n.jpg?stp=dst-jpg_e35_tt6&_nc_cat=108&ig_cache_key=MzkzOTQ2MjUwMDQ2MjIyMzY5OA%3D%3D.3-ccb7-5&ccb=7-5&_nc_sid=58cdad&efg=eyJ2ZW5jb2RlX3RhZyI6IkNBUk9VU0VMX0lURU0ueHBpZHMuMzAyNC5zZHIucmVndWxhcl9waG90by5DMyJ9&_nc_ohc=1_QHRSqoRwMQ7kNvwFUdjCt&_nc_oc=AdoWkOdN_-3aBF8zc9Pko4lHt2XCnkmsNrXjDhguvxauHF8f5HOoavkyxagx7Bh204A&_nc_zt=23&_nc_ht=instagram.fcia5-1.fna&_nc_gid=fu9ytDUj2oeUGmuOSRcDow&_nc_ss=72a8c&oh=00_AQB6VSK8A2PVLknoWw8ph7LEEf80ixzwY_05vCq3nZCPZQ&oe=6A68E8BB,False
https://www.instagram.com/kushakapila,118875,1079,2026-07-08T10:35:01.000Z,Video,"love ka pata nahi par protein is definitely in the air 

kickstart your mornings with Tata Soulfull Ultimate Millet Muesli Hi-Protein to help meet your daily protein needs 🥣💪

@tatasoulfull

#ad",https://www.instagram.com/p/Dah01x_hqYF/,Dah01x_hqYF,https://scontent-nrt1-2.cdninstagram.com/v/t51.82787-15/742020240_18606589927032769_4185183726264330304_n.jpg?stp=dst-jpg_e15_tt6&_nc_ht=scontent-nrt1-2.cdninstagram.com&_nc_cat=101&_nc_oc=Q6cZ2gH-JJN3uONmV5rncltgTRd32Bwsv_ZiJkJyNueyRUOGyqgkKo39mWF_BVHGU-WGf7I&_nc_ohc=g4X2NPB97SYQ7kNvwHTDLIK&_nc_gid=Yi8C54jJEHQ9Bf1SSIW1Qw&edm=ADp7STQBAAAA&ccb=7-5&oh=00_AQCGmyemiIgWZbuY0zUg_scQWMILTsf6KadyUCVvzMAZpg&oe=6A690429&_nc_sid=c6f216,False
https://www.instagram.com/kushakapila,225265,614,2026-07-07T06:45:16.000Z,Sidecar,"average delhi person in mumbai rains. embarrassing 🌚

kurta is @labelaishwaryrika 
strapless bra (best for dancing): @underneat.in",https://www.instagram.com/p/Dae2mZeAcIu/,Dae2mZeAcIu,https://scontent-muc2-1.cdninstagram.com/v/t51.82787-15/742268013_18606282868032769_9205301637642566241_n.jpg?stp=dst-jpg_e35_tt6&_nc_cat=102&ig_cache_key=MzkzNTgyMjQzODM4NjMwNTMzNg%3D%3D.3-ccb7-5&ccb=7-5&_nc_sid=58cdad&efg=eyJ2ZW5jb2RlX3RhZyI6IkNBUk9VU0VMX0lURU0ueHBpZHMuMzA3Mi5zZHIucmVndWxhcl9waG90by5DMyJ9&_nc_ohc=Zm2K1_7y0NEQ7kNvwHKcR3B&_nc_oc=AdoZ7V975oEaKdvtQs4mOwSEF8S1E5AXJgCDmRtjXgb1Qwda354xIDWKiTomnn3Xl5w&_nc_zt=23&_nc_ht=scontent-muc2-1.cdninstagram.com&_nc_gid=Xq3jgiY_1RfJDlrhkFNBIg&_nc_ss=7b20f&oh=00_AQCR_5kQfN8MJMvposNMVLOJcmKRQVddJ278b36Pj7LaBQ&oe=6A68F662,False
https://www.instagram.com/kushakapila,111843,156,2026-07-04T10:12:13.000Z,Video,"chalo 40 kgs squat tak toh pahunch hee gayi 💪 
25 kgs more to go 🏃‍♀️

for protein needs Oziva Plant Based Protein is my go to - helps in muscle recovery, doesn’t make me feel bloated and tastes delicious 

@ozivanutrition #ad

big shoutout to my trainer @____s.a.y.a.n____ for the gains, and chef @adishri_chandak for keeping the food swadisht yet healthy🤌🏽

Fits by: @feierofficial @elvnactive",https://www.instagram.com/p/DaXfjqLNX7x/,DaXfjqLNX7x,https://instagram.fyqr2-1.fna.fbcdn.net/v/t51.82787-15/733197131_18605349682032769_4105481730449245067_n.jpg?stp=dst-jpg_e15_tt6&_nc_ht=instagram.fyqr2-1.fna.fbcdn.net&_nc_cat=101&_nc_oc=Q6cZ2gFR-HDq8qA7oVf-vQ_OxnWYGKdFzL82w07AepWN4rWZ3FfyEacPP84pKfxLI-19DXQ&_nc_ohc=2XLYGyzBxzQQ7kNvwHLtdBr&_nc_gid=HWWpedSHSKtvlUVpIjfbuQ&edm=ADp7STQBAAAA&ccb=7-5&oh=00_AQAf4HS-zTRQWyJz5gXolES4A66tf8pKgKXsBAW8S0xHog&oe=6A6914E7&_nc_sid=c6f216,False
https://www.instagram.com/kushakapila,130231,1085,2026-06-27T06:19:51.000Z,Video,"hydrate ho behen, humiliate nahi💅

👯‍♀️

recently added the @cerave.india Hydrating HA Water Gel Moisturiser to my skincare and I get the hype 🤍 It feels incredibly lightweight, absorbs in seconds and leaves my skin looking instantly plump and hydrated without any sticky feel.

so… have you done your #PlumpCheck yet? 👀✨

#Collaboration #CeraVeIndia #CeraVeSkinCare #PlumpPromise PlumpyHydration",https://www.instagram.com/p/DaFDnMQtPSJ/,DaFDnMQtPSJ,https://scontent-ams2-1.cdninstagram.com/v/t51.71878-15/730917614_1673334987270374_3513093114440563856_n.jpg?stp=dst-jpg_e15_tt6&_nc_ht=scontent-ams2-1.cdninstagram.com&_nc_cat=102&_nc_oc=Q6cZ2gElDTQK9eqDQxon6F5OvPKQb0bcD-VtRb8PsOrzlVtv2tEdX9TrEJcAJ9h_G64D15I&_nc_ohc=sVC-xTcl5f8Q7kNvwHMUcUB&_nc_gid=ZOK1155U3C80AhORVAtTNA&edm=ADp7STQBAAAA&ccb=7-5&oh=00_AQCvCcMZtAJZoPutRaBLpTbQlw3mbRRkMXIJTp9xNAjZFw&oe=6A690B2E&_nc_sid=c6f216,False
https://www.instagram.com/kushakapila,210238,556,2026-06-25T11:58:33.000Z,Sidecar,"kabhi kabhi ghar khushi khushi wapas aane ke liye ghar se thodha thodha bhagna padta hai 🏃‍♀️🏃‍♀️🏃‍♀️

also, Alka Yagnik Supremacy 🤲",https://www.instagram.com/p/DaAg6iwAX5j/,DaAg6iwAX5j,https://scontent-atl3-2.cdninstagram.com/v/t51.82787-15/729991597_18602497534032769_4975982839428851790_n.jpg?stp=dst-jpg_e35_tt6&_nc_cat=104&ig_cache_key=MzkyNzI4MzQxNzM0MzIzODc3NQ%3D%3D.3-ccb7-5&ccb=7-5&_nc_sid=58cdad&efg=eyJ2ZW5jb2RlX3RhZyI6IkNBUk9VU0VMX0lURU0ueHBpZHMuMzA3Mi5zZHIucmVndWxhcl9waG90by5DMyJ9&_nc_ohc=Veza_z-bWVoQ7kNvwGh6ebH&_nc_oc=AdqP6mskK6N08Ru2DcEF_cdO_rg8KV5x9wkBYF6nRvIVIcsK8weGdQIXjZeQEwx04Es&_nc_zt=23&_nc_ht=scontent-atl3-2.cdninstagram.com&_nc_gid=Xj9gFs-c2WxnGTqNMj_zXg&_nc_ss=72a8c&oh=00_AQBFryN1NTU3e7clDMw0HQquvjfaqq1pKAc_jjLfSmhuqw&oe=6A68FC6E,False
https://www.instagram.com/kushakapila,-1,851,2026-06-19T10:39:23.000Z,Video,"fix me girl ki aatma sabke andar kyun aagayi hai

launching Myntra Ultimate Glam Clan AFFILIATE feature 😎ab free ki advice nhi, advice ki fee lo! and earn up to 12% commission on sale 

#MyntraUltimateGlamClan #MyntraUGCAffiliate 
#MyntraCreatorSchool",https://www.instagram.com/p/DZw6sJyt43N/,DZw6sJyt43N,https://scontent-fra5-1.cdninstagram.com/v/t51.71878-15/726575341_1770239647676462_6612624738123575395_n.jpg?stp=dst-jpg_e15_tt6&_nc_ht=scontent-fra5-1.cdninstagram.com&_nc_cat=102&_nc_oc=Q6cZ2gE-2Ef78ugYdFV4y5jF1eSLDxrsKuffjF0at2gkEqvUM2V1qQIvaDc7WaSBE01-p2A&_nc_ohc=iPT39a-xEfEQ7kNvwHdYqOL&_nc_gid=RIf0aBdg6i0LeF7zsbMp1Q&edm=ADp7STQBAAAA&ccb=7-5&oh=00_AQDRErIcOPBqrmqzqFadMPBx1gV9PD8nFWRiwGUjAtsxTQ&oe=6A68E626&_nc_sid=c6f216,False
https://www.instagram.com/kushakapila,43956,322,2026-06-12T09:28:28.000Z,Video,"Iss saal toh muscle mommy bankar rahoongi 

💪💪💪

joining me on this journey is Oziva Bioactive Plant Protein 💪🌱It’s tasty, helps build muscle, and has zero bloating drama 

@ozivanutrition #ad

Trained by the awesome and patient @____s.a.y.a.n____💪

Fits by: @elvnactive @terractive.in",https://www.instagram.com/p/DZexA-Xh7FN/,DZexA-Xh7FN,https://instagram.frtm1-3.fna.fbcdn.net/v/t51.71878-15/721625402_1512061347232925_6977854125906320477_n.jpg?stp=dst-jpg_e15_tt6&_nc_ht=instagram.frtm1-3.fna.fbcdn.net&_nc_cat=105&_nc_oc=Q6cZ2gHwqCZVAQEc57vXll_gHya13WAbrZ0NrkSXN9PikKUDpmyy8oCmKvBQ0CeE0fLtiaw&_nc_ohc=riW8ky2fBCYQ7kNvwHlotYu&_nc_gid=Rp2cpLwv5oi_LDgNv2RY1A&edm=ADp7STQBAAAA&ccb=7-5&oh=00_AQAXZMlre426ONtQwL10LwngYa_ZsBxPwbfKPAbMDV34wQ&oe=6A690E4D&_nc_sid=c6f216,False
https://www.instagram.com/kushakapila,303095,4096,2026-06-10T14:38:00.000Z,Video,"homework karke lana, okay?",https://www.instagram.com/p/DZaLI7ZN2uM/,DZaLI7ZN2uM,https://scontent-cdg4-2.cdninstagram.com/v/t51.82787-15/721466370_18598006417032769_1764699862089318588_n.jpg?stp=dst-jpg_e15_tt6&_nc_ht=scontent-cdg4-2.cdninstagram.com&_nc_cat=101&_nc_oc=Q6cZ2gHoOoYkORR7fQcd6uM0zaJLLt29fZONn-WXO8V1SHbSZmAObjVcNxixwYlnGixnkf0&_nc_ohc=VrsTcCK7DfcQ7kNvwFmdg5X&_nc_gid=QorbyQcNXCHdedxPhGZ-ww&edm=ADp7STQBAAAA&ccb=7-5&oh=00_AQCVm9UoYcSRTFTKBIXWnX8GMMLKGzGvND8s-qCYXaN64g&oe=6A690383&_nc_sid=c6f216,False
https://www.instagram.com/kushakapila,69648,305,2026-06-05T09:27:39.000Z,Sidecar,"y’all keep saying I now look like my mum. thank god because I was beginning to get worried when were the genes gonna activateeeee👀

💋💋💋

Outfit: @quarter.hq 

Styled by: @harshitasamdariya
With @_shhreeyyaa
Makeup Artist: @vishakhadjain
Hair Stylist: @swapnilkashid_
Photographed by: @amannagoshe",https://www.instagram.com/p/DZMvv1cDfdG/,DZMvv1cDfdG,https://instagram.fyhz1-1.fna.fbcdn.net/v/t51.82787-15/715930308_18596525185032769_8331031051372179323_n.jpg?stp=dst-jpg_e35_tt6&_nc_cat=107&_nc_map=urlgen_bucketless&ig_cache_key=MzkxMjcxMjAzNDM1NjU1NzU3NQ%3D%3D.3-ccb7-5&ccb=7-5&_nc_sid=58cdad&efg=eyJ2ZW5jb2RlX3RhZyI6IkNBUk9VU0VMX0lURU0ueHBpZHMuMzI3Ny5zZHIucmVndWxhcl9waG90by5DMyJ9&_nc_ohc=F02xZYD4mBkQ7kNvwEnSxuC&_nc_oc=AdqPJy8Nfnhuau0MhBAQAPCLs2oQtAK2IKyqjo0mOMt41xOaLdtRGFh20QyrHXL7asU&_nc_zt=23&_nc_ht=instagram.fyhz1-1.fna&_nc_gid=iW2WM3GWUvfvJciAhqo0Tg&_nc_ss=78289&oh=00_AQDVtosN4hg5jItBi4ZqMBiKq1r5Vy79jkEVxNe8cmsHFg&oe=6A690868,False
https://www.instagram.com/kushakapila,1712149,18129,2026-05-31T07:35:35.000Z,Video,"meri feed ko bacha lo inn sabziwaaz videos se doston

🍅🥑🥭🫐🍇🍉🍊🍈🍓

Led by @harsh_pranav 
HMU : @vishakhadjain 
HMU assistant : @kajalyadav_24_
costume styling : @harshitasamdariya @forummmmm
creative stylist (art and headgears) : @dev.darji11
dop: @bhushan_sadani 
editor: @animesh_tarun",https://www.instagram.com/p/DY_q3NkhlTh/,DY_q3NkhlTh,https://scontent-mxp2-1.cdninstagram.com/v/t51.71878-15/709842045_1003018695438262_8510722722763437092_n.jpg?stp=dst-jpg_e15_tt6&_nc_ht=scontent-mxp2-1.cdninstagram.com&_nc_cat=110&_nc_oc=Q6cZ2gGRNLokFXgQ-zDO6EF9GgiaZdqWo8exbsdizoLKC3Q07qAUgLxi-jnQKaX0AtdVIAQ&_nc_ohc=opUnruVbcPEQ7kNvwH4vm7F&_nc_gid=IsZMikcKIN495Iv-n5TZoQ&edm=ADp7STQBAAAA&ccb=7-5&oh=00_AQCLgcWr-ecbiNZjZAOgem2KJJDLTzJ5QXY-_os2ibcYzQ&oe=6A691337&_nc_sid=c6f216,False
https://www.instagram.com/kushakapila,128068,1342,2026-05-26T09:30:00.000Z,Video,is se accha DID ke auditions de dete hai hum kyunki humari taqdeer humein topi hee pehna rahi hai,https://www.instagram.com/p/DYy-_kWBlcY/,DYy-_kWBlcY,https://scontent-hou1-1.cdninstagram.com/v/t51.71878-15/707030460_1797092587936009_3423115000266928602_n.jpg?stp=dst-jpg_e15_tt6&_nc_ht=scontent-hou1-1.cdninstagram.com&_nc_cat=101&_nc_oc=Q6cZ2gEgpgKLkjQ72dqUEfCbgYfhohTQ4zD8Dwy3GFj5h89E4uKocQbRzd3ayRlbt5MRv1Q&_nc_ohc=YNCaZwrMHmQQ7kNvwF6DeSw&_nc_gid=QmI4tr-qdxgJAyCpP3ZUPw&edm=ADp7STQBAAAA&ccb=7-5&oh=00_AQCJ_z9C9KMCQJSAH43ZRJmui4jomaZgBGJbAkaJNn5jIQ&oe=6A68F7A1&_nc_sid=c6f216,False
https://www.instagram.com/kushakapila,76229,436,2026-05-22T08:40:07.000Z,Sidecar,"peak pink for peak summer🌸🦩

the minimiser bra and strapless butt lifting bodysuit in the darnest pinks, now live on @underneat.in💅

limited pieces🩶

#LifeWhenIAmOffline #UnderNeatOffline",https://www.instagram.com/p/DYonLU-gSDQ/,DYonLU-gSDQ,https://scontent-ams2-1.cdninstagram.com/v/t51.82787-15/705939126_18592151167032769_4907506702026884296_n.jpg?stp=dst-jpg_e35_tt6&_nc_cat=104&ig_cache_key=MzkwMjU0MDgzNDU0MDA2NTAyNA%3D%3D.3-ccb7-5&ccb=7-5&_nc_sid=58cdad&efg=eyJ2ZW5jb2RlX3RhZyI6IkNBUk9VU0VMX0lURU0ueHBpZHMuMzA3Mi5zZHIucmVndWxhcl9waG90by5DMyJ9&_nc_ohc=v6JDp5ZkNxUQ7kNvwHAxN8l&_nc_oc=Adr2BpjnwvyZggwDRu69wvplcbJXs1cDuIUQ6XwzIHMwMIwm0uJNTwd9xyW-HIthjrc&_nc_zt=23&_nc_ht=scontent-ams2-1.cdninstagram.com&_nc_gid=wsbbrKCvDnz4NrZIIq7meA&_nc_ss=72689&oh=00_AQDPsdGqT_KfHI8LYzhug45PXviD5897W_bks2fbUqe4rA&oe=6A68E99B,False
https://www.instagram.com/kushakapila,112041,477,2026-05-18T09:41:24.000Z,Sidecar,"I wanted to upload this yesterday but main soti reh gayee. I hope it’s not too obvious that the post is about @underneat.in’s newly launched short sleeved bodysuit. 

#newcampaignloading #lifewhenimoffline

Photographer & Visual Direction tarunkalyani
Styling & Creative Direction @ayehaaminnigam
Hair & Make up for Kusha @@aashna_shah @swapnilkashid_
Video Direction @harshpranav
Shot by @sunnywithfilms @sushantchhabria
Edited by 
Art Direction & Set @anupriyaatwork
Make up models @shaan_makeup_artist 
Production @sanju_glaze_production

#LifeWhenIAmOffline #UnderNeatOffline",https://www.instagram.com/p/DYebAxgCTnA/,DYebAxgCTnA,https://instagram.fmad22-1.fna.fbcdn.net/v/t51.82787-15/701800025_18590999047032769_7505024474560332040_n.jpg?stp=dst-jpg_e35_tt6&_nc_cat=107&ig_cache_key=Mzg5OTY3MTQ0Mjk5ODE3NzMxMg%3D%3D.3-ccb7-5&ccb=7-5&_nc_sid=58cdad&efg=eyJ2ZW5jb2RlX3RhZyI6IkNBUk9VU0VMX0lURU0ueHBpZHMuMzI3Ny5zZHIucmVndWxhcl9waG90by5DMyJ9&_nc_ohc=QnvlFxB441UQ7kNvwEjQzli&_nc_oc=AdpGe_witNb7zvTSQfyFDi1Av1L62R6OYc7W-fLnSiO5x1BuXtwdXHMIqcfbl9NJWRY&_nc_zt=23&_nc_ht=instagram.fmad22-1.fna&_nc_gid=1JNOwSS383K1naeMOesuRw&_nc_ss=7c689&oh=00_AQDjAnzM9vtXiB6NvgDM3TLw7sNnsvH6ODl6ik1MRS9n9Q&oe=6A69079A,False
https://www.instagram.com/rishikesh.official,884,24,2022-01-28T11:26:25.000Z,Sidecar,"Alexa.. play the Beatles 🦚

IG @itsvijayvarma 
•••••••••••••••••••••••••••••••••
Tag 👉🏼 @rishikesh.official or Use #rishikesh to get featured.

.
.
.
.
.
.
.
.
.
.
#thehimalayanlife #shanti #peaceloveyoga #garhwal #kumaon #dehradun #ganga #haridwar #chopta #nainital #uttarakhand #himalayas #beatleslove",https://www.instagram.com/p/CZRaNShJrup/,CZRaNShJrup,https://scontent-ord5-1.cdninstagram.com/v/t51.82787-15/649235948_18049191941711236_5450124531120147053_n.jpg?stp=dst-jpg_e35_tt6&_nc_cat=106&ig_cache_key=Mjc2MTEwMzMwNDAzNDYzNTc4NQ%3D%3D.3-ccb7-5&ccb=7-5&_nc_sid=58cdad&efg=eyJ2ZW5jb2RlX3RhZyI6IkNBUk9VU0VMX0lURU0ueHBpZHMuODY0LnNkci5yZWd1bGFyX3Bob3RvLkMzIn0%3D&_nc_ohc=ssJUH-qxsGwQ7kNvwEmAqS0&_nc_oc=AdqRg0BYCKxRzyi4dlPhjuXpRGGM0_MPlfZGyHHHOZl1_cYT_BujZevbh79HMyUg0eM&_nc_zt=23&_nc_ht=scontent-ord5-1.cdninstagram.com&_nc_gid=NsdFvOg-qO0pdMrKJGxq3w&_nc_ss=7ca8c&oh=00_AQAPM-nzQhV3p8jjsFZLUSWrKTMHF3DRWQdaeyO67JO3HQ&oe=6A692444,False
https://www.instagram.com/rishikesh.official,1297,10,2022-01-25T06:09:11.000Z,Video,"IG @__fitness_fit__
•••••••••••••••••••••••••••••••••
Tag 👉🏼 @rishikesh.official or Use #rishikesh to get featured.

.
.
.
.
.
.
.
.
.
.
#thehimalayanlife #shanti #peaceloveyoga #garhwal #kumaon #dehradun #ganga #haridwar #chopta #nainital #uttarakhand #himalayas #snowfall #dhanaulti #instagramreelsindia #travelreels #reelskarofeelkaro #instareelsindia",https://www.instagram.com/p/CZJHYZHKdAx/,CZJHYZHKdAx,https://instagram.flba3-1.fna.fbcdn.net/v/t51.71878-15/504195784_1206534197917874_4825678056564948385_n.jpg?stp=dst-jpg_e15_tt6&_nc_ht=instagram.flba3-1.fna.fbcdn.net&_nc_cat=102&_nc_oc=Q6cZ2gHj9fA0qKqpuF7Aoiat92xd_LnpyVB396pM_lH8yFwC8COHqNrA8SFOk5RRlk4fxzxbWfhC6fVRimYF6nehpdKW&_nc_ohc=CwzCyB7OnsAQ7kNvwGoeSJI&_nc_gid=PR0vy15Kbvw0V2UzNsaRIA&edm=ADp7STQBAAAA&ccb=7-5&oh=00_AQDuhQl8jhpyBC4UXFJENhnXm5DKsuJPCPY2S_eHIQkofQ&oe=6A691E75&_nc_sid=c6f216,False
https://www.instagram.com/rishikesh.official,1647,7,2022-01-23T05:33:15.000Z,Video,"Dhanaulti 😍

IG @maanavbhinder
•••••••••••••••••••••••••••••••••
Tag 👉🏼 @rishikesh.official or Use #rishikesh to get featured.

.
.
.
.
.
.
.
.
.
.
#thehimalayanlife #shanti #peaceloveyoga #garhwal #kumaon #dehradun #ganga #haridwar #chopta #nainital #uttarakhand #himalayas #snowfall #dhanaulti #instagramreelsindia #travelreels #reelskarofeelkaro #instareelsindia",https://www.instagram.com/p/CZD5e6pq1Mj/,CZD5e6pq1Mj,https://scontent-lga3-2.cdninstagram.com/v/t51.71878-15/496920580_1553939446042272_2472212077456157768_n.jpg?stp=dst-jpg_e15_tt6&_nc_ht=scontent-lga3-2.cdninstagram.com&_nc_cat=100&_nc_oc=Q6cZ2gFC3tGenCtx35JnRG8EQ4PpT43yTwQS7HFI3m2zpEPcY0eYmrp50_355p9_cPdEdM_E1tynU4fYbx5fpi3iPFBd&_nc_ohc=CSOaBeqqdNIQ7kNvwGJraVu&_nc_gid=8FiI7k24oUdzJ43GcUkeWQ&edm=ADp7STQBAAAA&ccb=7-5&oh=00_AQCxvRg3cy9YGQU8GWrnKnKEMNmFHcblhaGWbDMP72K2Sg&oe=6A6935C2&_nc_sid=c6f216,False
https://www.instagram.com/rishikesh.official,9273,49,2022-01-22T11:57:32.000Z,Video,"River Rafting in Rishikesh 🌊

IG: @paddlerzonerishikesh
•••••••••••••••••••••••••••••••••
Tag 👉🏼 @rishikesh.official or Use #rishikesh to get featured.

.
.
.
.
.
.
.
.
.
.
#thehimalayanlife #shanti #peaceloveyoga #garhwal #kumaon #dehradun #lakshmanjhula #sunset #ganga #haridwar #chopta #nainital #uttarakhand #rafting #instagramreelsindia #reelsinstagram #reelslovers #riverrafting",https://www.instagram.com/p/CZCAstyqYus/,CZCAstyqYus,https://instagram.faca1-1.fna.fbcdn.net/v/t51.71878-15/502076555_1610972119595466_3997672392130202436_n.jpg?stp=dst-jpg_e15_tt6&_nc_ht=instagram.faca1-1.fna.fbcdn.net&_nc_cat=106&_nc_oc=Q6cZ2gFjU44ok6QCKD8wpY7jcCORjskGWQjR2OQy3PfAwytrKt_0fYFMsHvokAmKaBqHO8Y&_nc_ohc=eBl2SycWEhcQ7kNvwEvXr2p&_nc_gid=j72LNSnFXmYEiLlqyb1nhA&edm=ADp7STQBAAAA&ccb=7-5&oh=00_AQA466Wk3Rtgkw9zV-WQOmfQRTMZDtzzdpaPQDIUTk6ysg&oe=6A694F33&_nc_sid=c6f216,False
https://www.instagram.com/rishikesh.official,3219,23,2022-01-21T10:17:50.000Z,Video,"ॐ
•••••••••••••••••••••••••••••••••
Photograph by (IG) dr.divyatasachan
•••••••••••••••••••••••••••••••••
Tag 👉🏼 @rishikesh.official or Use #rishikesh to get featured.

.
.
.
.
.
.
.
.
.
.
#thehimalayanlife #shanti #peaceloveyoga #garhwal #kumaon #dehradun #lakshmanjhula #sunset #ganga #haridwar #reelsinstagram #nainital #uttarakhand #indiapictures #himalayas #instagramreelsindia #yogaeverywhere #yogaindia #peaceandlove #riverrafting",https://www.instagram.com/p/CY_QmrpK4Ph/,CY_QmrpK4Ph,https://instagram.fsvq2-1.fna.fbcdn.net/v/t51.71878-15/496663515_1182113250330633_1059157843721802777_n.jpg?stp=dst-jpg_e15_tt6&_nc_ht=instagram.fsvq2-1.fna.fbcdn.net&_nc_cat=109&_nc_oc=Q6cZ2gEFfeAhM4FMIR3vc8w0PymaZ8Iz4k51hDTH6H1WLrikdldAa1WIlsV-HV1JOB3WSIE&_nc_ohc=v86YvP1KkcwQ7kNvwGkoltH&_nc_gid=Epy9032KV8QqlTgOFmh1jw&edm=ADp7STQBAAAA&ccb=7-5&oh=00_AQBq32Jer9bGvqvtg3IZ2Dz3jlliUV4X3tsvz2cM1JJ6Vg&oe=6A692A27&_nc_sid=c6f216,False
https://www.instagram.com/rishikesh.official,2460,18,2022-01-19T13:24:19.000Z,Video,"ऋषिकेश 🙏🏼

IG @runaliciousss
•••••••••••••••••••••••••••••••••
Tag 👉🏼 @rishikesh.official or Use #rishikesh to get featured.

.
.
.
.
.
.
.
.
.
.
#thehimalayanlife #shanti #peaceloveyoga #garhwal #kumaon #dehradun #lakshmanjhula #sunset #ganga #haridwar #chopta #nainital #uttarakhand #indiapictures #himalayas #mountains #om #desi_diaries #yogaeverywhere #yogaindia #peaceandlove #riverrafting",https://www.instagram.com/p/CY6cXdiKF0X/,CY6cXdiKF0X,https://scontent-cdg4-3.cdninstagram.com/v/t51.71878-15/498025115_1003297311954563_4487250261805681335_n.jpg?stp=dst-jpg_e15_tt6&_nc_ht=scontent-cdg4-3.cdninstagram.com&_nc_cat=111&_nc_oc=Q6cZ2gESKGoAGfC8TqA-t2wuYSh-XNYuCLVFyatfthFXanZSMHfM3Ysfpkh8pxYvszTbJQo&_nc_ohc=9WY0PsTgw3wQ7kNvwEEHEv3&_nc_gid=7Zb17rs5jp5JhOYldbn4yQ&edm=ADp7STQBAAAA&ccb=7-5&oh=00_AQCddnmtAgbDZo4ybYmwoGAO9V9HyZOBKfCG0GsVxDoXsg&oe=6A694C38&_nc_sid=c6f216,False
https://www.instagram.com/rishikesh.official,12903,12,2022-01-19T07:43:39.000Z,Video,"हिमालय❤️🙏🏼

IG @insta_pahadi 
•••••••••••••••••••••••••••••••••
Tag 👉🏼 @rishikesh.official or Use #rishikesh to get featured.

.
.
.
.
.
.
.
.
.
.
#thehimalayanlife #shanti #peaceloveyoga #garhwal #kumaon #dehradun #lakshmanjhula #sunset #ganga #haridwar #chopta #kedarnath #shiva #reelsinstagram #reelsvideo #reelsindia #instareels #instagramreelsindia #uttarakhand #indiapictures #himalayas",https://www.instagram.com/p/CY51KqOqz8R/,CY51KqOqz8R,https://scontent-waw2-1.cdninstagram.com/v/t51.71878-15/496972636_1959595488114252_1077942027602188407_n.jpg?stp=dst-jpg_e15_tt6&_nc_cat=108&ig_cache_key=Mjc1NDQ2NjQ3NjExNjg4NTI2NQ%3D%3D.3-ccb7-5&ccb=7-5&_nc_sid=58cdad&efg=eyJ2ZW5jb2RlX3RhZyI6IkNMSVBTLnhwaWRzLjcyMC5zZHIudmlkZW9fZGVmYXVsdF9jb3Zlcl9mcmFtZS5DMyJ9&_nc_ohc=MEWdFYdYEcwQ7kNvwH4Wbgw&_nc_oc=AdpjdQW2KL8S3YzhYNoYXQXjX3BLdQo_CDaW265bN7dwtcajvoL3tmAff-NVzMS8luA&_nc_zt=23&_nc_ht=scontent-waw2-1.cdninstagram.com&_nc_gid=xVO-EJfBpK0vps4CAINnWw&_nc_ss=7ca8c&oh=00_AQCkprTaoRkf0usQG853Xrw8dq6MshOVtMAWJg0pWbDhcg&oe=6A694D75,False
https://www.instagram.com/rishikesh.official,419,7,2021-02-13T10:17:23.000Z,Image,"CONTEST ALERT!
India is a treasure trove of travel and @MakeMyTrip is on a hunt to find all its hidden gems.

Join them in their mission to uncover India’s best-kept travel secrets and you could be the next #MyIndia Travel Ambassador!

To participate:

Step 1: Follow @MakeMyTrip on Instagram or Facebook

Step 2: Travelled to a place you consider to be India's hidden gem? Upload your travel story in form of an image, video or film!

Step 3: In your post, tag @MakeMyTrip, #MyIndia & #<State Name> (eg. #Kerala, if the hidden gem is from Kerala)

Winning Prizes:
• 5 National Ambassadors will win travel vouchers worth Rs 3 Lacs each, to explore some of the most amazing travel destinations in India!

• 3 winning entries per state/union territory get Rs 10,000 each!

Contest ends: 15th March 2021

*Check out the link in @MakeMyTrip's bio for T&C

Tip: try to get as many likes, comments, and shares on your post!

* Please put a new post on the feed, don't tag an old one :) *",https://www.instagram.com/p/CLOo4PeA6PH/,CLOo4PeA6PH,https://scontent-lhr11-1.cdninstagram.com/v/t51.82787-15/622111819_18097310485918612_2227001248813475733_n.jpg?stp=dst-jpg_e35_p1080x1080_sh2.08_tt6&_nc_ht=scontent-lhr11-1.cdninstagram.com&_nc_cat=104&_nc_oc=Q6cZ2gEgCW22tRDgV6_-dRdxySM1PPeLQW0PFcbsoiWgS3aSTk11-kNKlzLylw8zjaEjRoQ&_nc_ohc=mEaQbbP0j-0Q7kNvwGfju1R&_nc_gid=D5uNdk11u1U-5JulUDr94g&edm=ADp7STQBAAAA&ccb=7-5&oh=00_AQCokBW-PO1fsxv4-MRRISBksahl1JMOC7wk3YMYUAzDSg&oe=6A6933D4&_nc_sid=c6f216,False
https://www.instagram.com/rishikesh.official,2578,14,2020-10-25T03:51:24.000Z,Image,"ॐ
•••••••••••••••••••••••••••••••••
Photograph by (IG) @__that_backpacker__
•••••••••••••••••••••••••••••••••
Tag 👉🏼 @rishikesh.official or Use #rishikesh to get featured.

.
.
.
.
.
.
.
.
.
.
#thehimalayanlife #shanti #peaceloveyoga #garhwal #kumaon #dehradun #lakshmanjhula #sunset #ganga #haridwar #chopta #nainital #uttarakhand #indiapictures #himalayas #mountains #om #desi_diaries #yogaeverywhere #yogaindia #peaceandlove #riverrafting",https://www.instagram.com/p/CGwIeF8p0wO/,CGwIeF8p0wO,https://scontent-cdg4-1.cdninstagram.com/v/t51.82787-15/622082116_18125166778538918_1675055359496715098_n.jpg?stp=dst-jpg_e15_fr_p1080x1080_tt6&_nc_ht=scontent-cdg4-1.cdninstagram.com&_nc_cat=102&_nc_oc=Q6cZ2gFSjnQcZRJ6VAijELLnd_a3vBkbptzoDXH_jtKzdw6fHv3OGuPhpDYiNq9e_0lJUvw&_nc_ohc=jUudF3HTtfQQ7kNvwEz5T8_&_nc_gid=3H3IXZbDc0DjAvrPvFF2Tg&edm=ADp7STQBAAAA&ccb=7-5&oh=00_AQB5nIepHokATgKWI4eqEASS7ded-UQ5CNDRhoPf6pkAGg&oe=6A69446D&_nc_sid=c6f216,False
https://www.instagram.com/rishikesh.official,1427,13,2020-10-21T03:23:49.000Z,Image,"Pahado wali Maggie...!!
•••••••••••••••••••••••••••••••••
Photograph by (IG) @insta_pahadi
•••••••••••••••••••••••••••••••••
Tag 👉🏼 @rishikesh.official or Use #rishikesh to get featured.

.
.
.
.
.
.
.
.
.
.
#thehimalayanlife #shanti #peaceloveyoga #garhwal #kumaon #dehradun #lakshmanjhula #sunset #ganga #haridwar #chopta #nainital #uttarakhand #indiapictures #himalayas #mountains #om #desi_diaries #yogaeverywhere #yogaindia #peaceandlove #riverrafting",https://www.instagram.com/p/CGlyImpJqI_/,CGlyImpJqI_,https://instagram.fltn3-1.fna.fbcdn.net/v/t51.82787-15/619296357_18091610032966901_124351656643803402_n.jpg?stp=dst-jpg_e15_fr_p1080x1080_tt6&_nc_ht=instagram.fltn3-1.fna.fbcdn.net&_nc_cat=105&_nc_oc=Q6cZ2gFXZGgpAecBp7b5D6MB_2gjCuV7iqOAo7Uqsc1R3dOrImd9bS7qRchw-cLbOO-OxNJioFergLyyouAzXjtkLgvR&_nc_ohc=wnDHjhkniI8Q7kNvwEgHft7&_nc_gid=mYeSGkhsAoLd4OAqATUapA&edm=ADp7STQBAAAA&ccb=7-5&oh=00_AQCMColESFup3w3NGoJuWI2NrRPWzBnBWSvr_jpbi1MsCw&oe=6A692105&_nc_sid=c6f216,False
https://www.instagram.com/rishikesh.official,2345,16,2020-10-12T07:47:15.000Z,Image,"🙏🏼
•••••••••••••••••••••••••••••••••
Photograph by (IG) @unplugged.camera
•••••••••••••••••••••••••••••••••
Tag 👉🏼 @rishikesh.official or Use #rishikesh to get featured.

.
.
.
.
.
.
.
.
.
.
#thehimalayanlife #shanti #peaceloveyoga #garhwal #kumaon #dehradun #lakshmanjhula #sunset #ganga #haridwar #chopta #nainital #uttarakhand #indiapictures #himalayas #mountains #om #desi_diaries #yogaeverywhere #yogaindia #peaceandlove #riverrafting",https://www.instagram.com/p/CGPFIMUp0gF/,CGPFIMUp0gF,https://scontent-cdg6-1.cdninstagram.com/v/t51.82787-15/619075402_18085744574151951_1354353530076490858_n.jpg?stp=dst-jpg_e15_fr_p1080x1080_tt6&_nc_ht=scontent-cdg6-1.cdninstagram.com&_nc_cat=103&_nc_oc=Q6cZ2gFwg8-IO0Z_PfExhwd9bGPhefl2_GWGYngdfHIY0GUAlrSfPXSXMozSjzi5KrGyWtA&_nc_ohc=Pn-X9Yja5KEQ7kNvwE34Y1B&_nc_gid=-Ud3TYOgUm0iijrWHmrykg&edm=ADp7STQBAAAA&ccb=7-5&oh=00_AQC7xnm6VqGfGhD4nQ0qTFYKa5SNFNzXwWk09snMo8G4zA&oe=6A693C32&_nc_sid=c6f216,False
https://www.instagram.com/rishikesh.official,2172,15,2020-10-11T16:14:35.000Z,Image,"Parmarth Niketan 🙏🏼
•••••••••••••••••••••••••••••••••
Photograph by (IG) @amituniyal
•••••••••••••••••••••••••••••••••
Tag 👉🏼 @rishikesh.official or Use #rishikesh to get featured.

.
.
.
.
.
.
.
.
.
.
#thehimalayanlife #shanti #peaceloveyoga #garhwal #kumaon #dehradun #lakshmanjhula #sunset #ganga #haridwar #chopta #nainital #uttarakhand #indiapictures #himalayas #mountains #om #desi_diaries #yogaeverywhere #yogaindia #peaceandlove #riverrafting",https://www.instagram.com/p/CGNaZKsJm64/,CGNaZKsJm64,https://scontent-cdg4-3.cdninstagram.com/v/t51.82787-15/628034673_18410531407125886_2809528079780097856_n.jpg?stp=dst-jpg_e15_fr_p1080x1080_tt6&_nc_ht=scontent-cdg4-3.cdninstagram.com&_nc_cat=110&_nc_oc=Q6cZ2gHGsDCVcVIo7LpL9WLPhmAiIaBzmm8lpyUOcKf0p9WXjyq5_6AMw_pRVl_1pMAm7hI&_nc_ohc=SQFSOxW6yHIQ7kNvwEnjO_D&_nc_gid=22zKTRO03ymyVbAUmYfDBg&edm=ADp7STQBAAAA&ccb=7-5&oh=00_AQCUrdKxNK-_cxrJg2KV8aSgyQL4AFx4YkYM8RNvmzkWAw&oe=6A691BBF&_nc_sid=c6f216,False
https://www.instagram.com/rishikesh.official,1454,10,2020-10-08T17:12:11.000Z,Image,"ॐ
•••••••••••••••••••••••••••••••••
Photograph by (IG) @cagataybgc
•••••••••••••••••••••••••••••••••
Tag 👉🏼 @rishikesh.official or Use #rishikesh to get featured.

.
.
.
.
.
.
.
.
.
.
#thehimalayanlife #shanti #peaceloveyoga #garhwal #kumaon #dehradun #lakshmanjhula #sunset #ganga #haridwar #chopta #nainital #uttarakhand #indiapictures #himalayas #mountains #om #desi_diaries #yogaeverywhere #yogaindia #peaceandlove #riverrafting",https://www.instagram.com/p/CGFymX7JX_C/,CGFymX7JX_C,https://instagram.fnap3-2.fna.fbcdn.net/v/t51.82787-15/619097857_18090058840996880_343617889092937919_n.jpg?stp=dst-jpg_e15_fr_s1080x1080_tt6&_nc_ht=instagram.fnap3-2.fna.fbcdn.net&_nc_cat=108&_nc_oc=Q6cZ2gHxsQgme_1UBGX2KR09K-jpC2FL7ecEh2XzeKsg6m-opH_qMv3MJBzXEkoThhR48Vw&_nc_ohc=ZZxzPh9BuCwQ7kNvwEr85ZD&_nc_gid=aD-0eO3fKvCY-gnUi6etrg&edm=ADp7STQBAAAA&ccb=7-5&oh=00_AQDDqO7l7QRYixBc-nISxzu_br1yIKIn5DfHwPnC_xeE2Q&oe=6A694C2E&_nc_sid=c6f216,False
https://www.instagram.com/rishikesh.official,1617,9,2020-10-05T06:20:30.000Z,Image,"ॐ नमः शिवाए 🙏🏼
•••••••••••••••••••••••••••••••••
Photograph by (IG) @aaqibography
•••••••••••••••••••••••••••••••••
Tag 👉🏼 @rishikesh.official or Use #rishikesh to get featured.",https://www.instagram.com/p/CF85oqApLgO/,CF85oqApLgO,https://scontent-cdg4-3.cdninstagram.com/v/t51.82787-15/623514578_18090793919006089_3012384562685775869_n.jpg?stp=dst-jpg_e35_tt6&_nc_cat=111&ig_cache_key=MjQxMzA1Njk4MjkwMTg5NzIzMA%3D%3D.3-ccb7-5&ccb=7-5&_nc_sid=58cdad&efg=eyJ2ZW5jb2RlX3RhZyI6IkZFRUQueHBpZHMuODA5LnNkci5yZWd1bGFyX3Bob3RvLkMzIn0%3D&_nc_ohc=wNhcBfR2xqQQ7kNvwEk9iAC&_nc_oc=Adprh49BppDOOuEcswXtNLsIj2cqKIa5jG0GXCSoAOg-zQyuXj3tla4PJShgmI3bMQr4L-2gTdK-s9rDPbmjT9NH&_nc_zt=23&_nc_ht=scontent-cdg4-3.cdninstagram.com&_nc_gid=PqTX2uf83X7yhh2_b3g_nQ&_nc_ss=7c689&oh=00_AQACsC2wE87FYf0Yxo3O-AlCkQVJCWa3T-myBw94iDtIAQ&oe=6A6950FF,False
https://www.instagram.com/rishikesh.official,2708,18,2020-10-04T03:18:29.000Z,Video,"Credits @unplugged.camera

.
.
.
.
.
.
.
.
.
#rishikesh #reelsinstagram #reelitfeelit #thehimalayanlife #shanti #peaceloveyoga #garhwal #kumaon #dehradun #lakshmanjhula #sunset #ganga #haridwar #chopta #nainital #uttarakhand #indiapictures #himalayas #mountains #om #desi_diaries #yogaeverywhere #yogaindia #peaceandlove #riverrafting",https://www.instagram.com/p/CF5_adopZwE/,CF5_adopZwE,https://instagram.fcia3-2.fna.fbcdn.net/v/t51.71878-15/491431342_1606278586986799_5655819502907614385_n.jpg?stp=dst-jpg_e15_tt6&_nc_ht=instagram.fcia3-2.fna.fbcdn.net&_nc_cat=107&_nc_oc=Q6cZ2gGE9dukhKDnL6ihGNRrBgYu2l9XWa9tAPQDT7rKLM96XPtwqvD0qPwqbq0Nd4gvqNk&_nc_ohc=U0sXRK0kg_4Q7kNvwHbSHCm&_nc_gid=_KwdTFTmmfyyncrmClPSoA&edm=ADp7STQBAAAA&ccb=7-5&oh=00_AQBUO_BDEpPLuFqIQ9dhtZOKcfAyC33dlxtC6b4KHfqpNw&oe=6A6923D8&_nc_sid=c6f216,False
https://www.instagram.com/uttarakhandtourism,2,0,2026-05-03T12:40:28.000Z,Video,,https://www.instagram.com/p/DX4HkDRN76e/,DX4HkDRN76e,https://scontent-waw2-1.cdninstagram.com/v/t51.71878-15/684194706_26605175242458885_8323844068957225411_n.jpg?stp=dst-jpg_e15_tt6&_nc_ht=scontent-waw2-1.cdninstagram.com&_nc_cat=109&_nc_oc=Q6cZ2gEPE_Fp2BdQpcdNH3Xjt0UCuS_hif5G84euEAk1zEqs6hNcVDaCmiOek4P9JuO9o84&_nc_ohc=RpaqFegUTTYQ7kNvwFLjEqn&_nc_gid=UCTUjMTD0Lyv04xJxrXZjg&edm=ADp7STQBAAAA&ccb=7-5&oh=00_AQADkChWfby9-kowwG7oIh6d7sPqbm5SlRTyoHhsDHzstg&oe=6A6920E8&_nc_sid=c6f216,False
https://www.instagram.com/uttarakhandtourism,1,0,2026-05-03T12:34:11.000Z,Sidecar,Dehradun Mussorie,https://www.instagram.com/p/DX4G3IvlAcy/,DX4G3IvlAcy,https://scontent-ams2-1.cdninstagram.com/v/t51.82787-15/687651880_18578158708029796_756210442112727691_n.jpg?stp=dst-jpegr_e35_tt6&_nc_cat=109&ig_cache_key=Mzg4ODg4ODMzODI3NTE3NDU0Ng%3D%3D.3-ccb7-5&ccb=7-5&_nc_sid=58cdad&efg=eyJ2ZW5jb2RlX3RhZyI6IkNBUk9VU0VMX0lURU0ueHBpZHMuMTQ0MC5oZHIucmVndWxhcl9waG90by5DMyJ9&_nc_ohc=d4qofqcVcM4Q7kNvwG-zHI-&_nc_oc=Adrtg0dy2xBBPHZIcdJUizO8tvTcYrZLYadoAmeKATNifmLqrhn_5wDrkn-oE8je5eFDllydTXw96b_lA1W4hNGP&_nc_zt=23&_nc_ht=scontent-ams2-1.cdninstagram.com&_nc_gid=qD_XUlthn0fCOFE5qmvvrg&_nc_ss=72689&oh=00_AQDZJddEUch5tYlzAgNH-HXwku3ByeJSWoHy4eDpTzO6qQ&oe=6A691ED6,False
https://www.instagram.com/uttarakhandtourism,0,0,2026-04-29T06:43:28.000Z,Image,,https://www.instagram.com/p/DXtLhqCjdPT/,DXtLhqCjdPT,https://scontent-ord5-2.cdninstagram.com/v/t51.82787-15/682679473_18576934306029796_8096915226125718728_n.jpg?stp=dst-jpg_e35_p1080x1080_sh2.08_tt6&_nc_ht=scontent-ord5-2.cdninstagram.com&_nc_cat=104&_nc_oc=Q6cZ2gHn0Omaql87GETnomBlg1dflbMwO9YEwzYPefE7GC5_wgqMi7ycLdlsU_g3o5WnVtsGsROXMxFQ-IUqxrLFLct8&_nc_ohc=_JgNl9fH7XUQ7kNvwEKy7fz&_nc_gid=4377LG3gco3nfCOrd0wOlw&edm=ADp7STQBAAAA&ccb=7-5&oh=00_AQAm6GuOq4Ja85T5EGQnhhT9YJBubaCb3-AP9db4wEwk2g&oe=6A691D84&_nc_sid=c6f216,False
https://www.instagram.com/uttarakhandtourism,1,0,2026-04-29T06:25:15.000Z,Image,,https://www.instagram.com/p/DXtJa2ujcgj/,DXtJa2ujcgj,https://instagram.fntr10-1.fna.fbcdn.net/v/t51.82787-15/683661025_18576931840029796_3638398277899703448_n.jpg?stp=dst-jpg_e35_p1080x1080_sh2.08_tt6&_nc_ht=instagram.fntr10-1.fna.fbcdn.net&_nc_cat=104&_nc_oc=Q6cZ2gGYje6QKOmTiYSK3u5CQd5uXIILA7CI3T4fjmZszYXvwKd4OCT28bHaN4VbEy2Njmc&_nc_ohc=LICfSK9BrgsQ7kNvwHUM5A4&_nc_gid=C0Gd9TbHPXjt6gowoc0_SQ&edm=ADp7STQBAAAA&ccb=7-5&oh=00_AQDIO5mSqloxVwhizOYT52SoQoU2s-nCIMvKk5b9QKzAkA&oe=6A694B04&_nc_sid=c6f216,False
https://www.instagram.com/uttarakhandtourism,1,0,2026-04-29T06:10:40.000Z,Image,"DM for booking and details..Limited batch of 15. Open for Me, Women, Families and Children with Guardians",https://www.instagram.com/p/DXtHrfTjTDe/,DXtHrfTjTDe,https://scontent-ber1-1.cdninstagram.com/v/t51.82787-15/683463131_18576929713029796_6176075115697893954_n.jpg?stp=dst-jpg_e35_s1080x1080_sh2.08_tt6&_nc_ht=scontent-ber1-1.cdninstagram.com&_nc_cat=104&_nc_oc=Q6cZ2gHmhdvhdRhM_yLOh1i8NNUStqX5tdGeJs7LkQm1vK0zg6vcJ6gfOeYcAtI6rqqMXLBIpErlQDd0W7d9VNpTTaFX&_nc_ohc=8ph4CR8m44QQ7kNvwHaA96h&_nc_gid=_GTTlA6wNxqPCRWjT3STow&edm=ADp7STQBAAAA&ccb=7-5&oh=00_AQAU9NlezeBaRVKnSSUumgmqfhwLKyN2kOj5UakDjFUawA&oe=6A692247&_nc_sid=c6f216,False
https://www.instagram.com/uttarakhandtourism,25,1,2021-03-09T09:10:27.000Z,Sidecar,Devprayag,https://www.instagram.com/p/CMMUTBnp0vL/,CMMUTBnp0vL,https://scontent-icn2-1.cdninstagram.com/v/t51.82787-15/651042031_18096846910795928_3401627396507140798_n.jpg?stp=dst-jpg_e35_tt6&_nc_cat=102&ig_cache_key=MjUyNTQ4Mjc1NTEwODk3NjcwNw%3D%3D.3-ccb7-5&ccb=7-5&_nc_sid=58cdad&efg=eyJ2ZW5jb2RlX3RhZyI6IkNBUk9VU0VMX0lURU0ueHBpZHMuMTQ0MC5zZHIucmVndWxhcl9waG90by5DMyJ9&_nc_ohc=SaYKkMlJpwAQ7kNvwFZncRj&_nc_oc=Adpgxi85FNT7tbPrwcZ5VAHZ6IGwkIclNzbdbTuTqEpLaQ_wVvwkZq21-1iM3mfX-Mo&_nc_zt=23&_nc_ht=scontent-icn2-1.cdninstagram.com&_nc_gid=ClLCUrSC5kEWap0jh3NFeg&_nc_ss=7ca8c&oh=00_AQAgxgf-PtwIQNL4GMDUz4sNd-lU8GpT5mfWfr9gzsWx7w&oe=6A6938F4,False
https://www.instagram.com/uttarakhandtourism,37,0,2019-05-28T15:30:24.000Z,Image,,https://www.instagram.com/p/ByAuSORp8le/,ByAuSORp8le,https://scontent-fra5-1.cdninstagram.com/v/t51.82787-15/629068311_18422064892143501_7731114560770351702_n.jpg?stp=dst-jpg_e35_tt6&_nc_cat=100&ig_cache_key=MjA1Mzg0NDk5MjQ5OTYzMjQ3OA%3D%3D.3-ccb7-5&ccb=7-5&_nc_sid=58cdad&efg=eyJ2ZW5jb2RlX3RhZyI6IkZFRUQueHBpZHMuMTA4MC5zZHIucmVndWxhcl9waG90by5DMyJ9&_nc_ohc=fZWvXrcC3UEQ7kNvwHJVPEY&_nc_oc=AdroCw7XtdjavYs7mjJIM2aOC6mqoqAQhltujVZ417FdAIyy8K99unVeJ8qhmoOljnA&_nc_zt=23&_nc_ht=scontent-fra5-1.cdninstagram.com&_nc_gid=ctYIMUiV4diGYpwmk0_e-w&_nc_ss=7c689&oh=00_AQCaKEYIpXDTdtUxPn0S6_e5izBCliO4Nc_WqHT6elEQDQ&oe=6A69514F,False
https://www.instagram.com/uttarakhandtourism,32,0,2019-05-28T15:00:49.000Z,Image,,https://www.instagram.com/p/ByAq5nPJ97R/,ByAq5nPJ97R,https://scontent-ham3-1.cdninstagram.com/v/t51.82787-15/621795489_18149618605449497_6236163249615627905_n.jpg?stp=dst-jpg_e35_tt6&_nc_cat=100&ig_cache_key=MjA1MzgzMDEwNzE3NDc4ODgxNw%3D%3D.3-ccb7-5&ccb=7-5&_nc_sid=58cdad&efg=eyJ2ZW5jb2RlX3RhZyI6IkZFRUQueHBpZHMuNTA2LnNkci5yZWd1bGFyX3Bob3RvLkMzIn0%3D&_nc_ohc=wzIDgRs8-qoQ7kNvwHpKSqc&_nc_oc=AdoDGq9ytwtByhKvG3YVblnVLgWHFPljq-Qpt61N6FHhTWfGdiIGlh97pRhGA4WcPLE&_nc_zt=23&_nc_ht=scontent-ham3-1.cdninstagram.com&_nc_gid=ovGhTABm1fc_KI8v_r4AKA&_nc_ss=7ca8c&oh=00_AQBoBM1a1kWZnhrgvhISJZUNofq7eLRZ4FMvYfLmjOTuEw&oe=6A69396D,False
https://www.instagram.com/uttarakhandtourism,30,0,2019-05-28T14:58:26.000Z,Image,,https://www.instagram.com/p/ByAqoFtJtJ4/,ByAqoFtJtJ4,https://scontent-ham3-1.cdninstagram.com/v/t51.82787-15/625347858_18330958198245311_2994054770494500531_n.jpg?stp=dst-jpg_e15_tt6&_nc_ht=scontent-ham3-1.cdninstagram.com&_nc_cat=111&_nc_oc=Q6cZ2gGXAVsrtKVxfN_873iVFl0f_5YT3QwpdZev-2FWGYLNdMWK3lZu_XsQQ6shH7BZjbI&_nc_ohc=OHNzlSkc4K8Q7kNvwGxD2zs&_nc_gid=tFve49eZNskeVgSrDT-swA&edm=ADp7STQBAAAA&ccb=7-5&oh=00_AQBdEvDPlmilohDn5kxzgPelipj-RvuFuN4zV7iYiEx5xA&oe=6A692184&_nc_sid=c6f216,False
https://www.instagram.com/uttarakhandtourism,22,0,2014-01-01T12:51:28.000Z,Image,,https://www.instagram.com/p/ioHt4bjHDt/,ioHt4bjHDt,https://scontent-syd2-1.cdninstagram.com/v/t51.82787-15/618915348_18547242322029796_3365588676011925910_n.jpg?stp=dst-jpg_e15_tt6&_nc_ht=scontent-syd2-1.cdninstagram.com&_nc_cat=104&_nc_oc=Q6cZ2gEuMg0QAe4JvplTpu1ORiSHE6uXpKhysOdYkzxLwZBikZIpraVs2BMg6U3w27RDi7o&_nc_ohc=-gytHogWmJsQ7kNvwEif-7W&_nc_gid=UVC-M-Wn6ytuYeB1KIJALg&edm=ADp7STQBAAAA&ccb=7-5&oh=00_AQB4s6oF5YDR1xFQxdyXQnovMOyH66ge9tXXVEd6zrbgMg&oe=6A695047&_nc_sid=c6f216,False
https://www.instagram.com/uttarakhandtourism,26,2,2014-01-01T12:49:27.000Z,Image,,https://www.instagram.com/p/ioHfCHjHDb/,ioHfCHjHDb,https://scontent-gmp1-1.cdninstagram.com/v/t51.82787-15/624304085_18550299841029796_2321601961217510965_n.jpg?stp=dst-jpg_e15_tt6&_nc_ht=scontent-gmp1-1.cdninstagram.com&_nc_cat=104&_nc_oc=Q6cZ2gG4aLKj19GDh3X2mj6WTes6e_A4oml5EeJeMKpExmcQLchYkgJpvMsAdg3zNBH-3uI&_nc_ohc=0E6GNBMOExQQ7kNvwEKBWvE&_nc_gid=0yB3px4v7-iZwYU0L6Nr-Q&edm=ADp7STQBAAAA&ccb=7-5&oh=00_AQC9PL6shCsZvvbKp75DSKjbCMQZUxidvaYaC80j_YWLSA&oe=6A691B94&_nc_sid=c6f216,False
https://www.instagram.com/uttarakhandtourism,16,0,2014-01-01T12:48:15.000Z,Image,,https://www.instagram.com/p/ioHWR3DHDQ/,ioHWR3DHDQ,https://instagram.fsyd11-2.fna.fbcdn.net/v/t51.82787-15/626926500_18553451836029796_1890337999400900546_n.jpg?stp=dst-jpg_e35_tt6&_nc_cat=101&ig_cache_key=NjIzNzgwODY1NzIyMDUyODE2.3-ccb7-5&ccb=7-5&_nc_sid=58cdad&efg=eyJ2ZW5jb2RlX3RhZyI6IkZFRUQueHBpZHMuNjQwLnNkci5yZWd1bGFyX3Bob3RvLkMzIn0%3D&_nc_ohc=CUxtBU0MBUMQ7kNvwH6GNZz&_nc_oc=AdrWXWW72dz7No5wZaOfDDTx24gmgvHqey3ZItOx5Ffgj6uisS3HJGM5ta-m1upVXrs&_nc_zt=23&_nc_ht=instagram.fsyd11-2.fna&_nc_gid=l6VFNrLUCGNFxw-kQl0dNA&_nc_ss=7ca8c&oh=00_AQB5q8rkDSLn4uRrvrrOeAnb7VBNtZs-3RWtUvQrZ5wS6Q&oe=6A694904,False
https://www.instagram.com/uttarakhandtourism,12,1,2014-01-01T12:47:32.000Z,Image,,https://www.instagram.com/p/ioHQ_7jHDK/,ioHQ_7jHDK,https://scontent-lhr11-1.cdninstagram.com/v/t51.82787-15/624723417_18550547827029796_4661327491579586094_n.jpg?stp=dst-jpg_e15_tt6&_nc_ht=scontent-lhr11-1.cdninstagram.com&_nc_cat=104&_nc_oc=Q6cZ2gHo4HnfRjHia-EuXTS9amAEjqojlG-F1RZNWzVgFcRE_619WcNvrgBkHH5QRiFtCtg&_nc_ohc=jpTDAabqpCoQ7kNvwHrbYdu&_nc_gid=b1xjcoaIlZIxBu0YFS7-1w&edm=ADp7STQBAAAA&ccb=7-5&oh=00_AQAQ5KhR4tap4V0PAg_7s0HvmEcxWOiJFz7lG7XoBIAD0Q&oe=6A693309&_nc_sid=c6f216,False
https://www.instagram.com/uttarakhandtourism,14,0,2014-01-01T12:46:55.000Z,Image,,https://www.instagram.com/p/ioHMd-DHDE/,ioHMd-DHDE,https://scontent-fra3-2.cdninstagram.com/v/t51.82787-15/629802577_18553451749029796_2953751823438821053_n.jpg?stp=dst-jpg_e15_tt6&_nc_ht=scontent-fra3-2.cdninstagram.com&_nc_cat=104&_nc_oc=Q6cZ2gHfm_nvjWiXHStvrUPA9p49nSt5CcrAoPZuMTZM4T_gYNe-8lJu97BKfDCYTqNgA5A&_nc_ohc=OIgNkcxRv2UQ7kNvwGdimBp&_nc_gid=S6mTcbxjUUGhw4jFjyRvCA&edm=ADp7STQBAAAA&ccb=7-5&oh=00_AQAncgrzllgFH1UUFTJZnktgOG8MpXE04yr1FJftarbW4Q&oe=6A691F9C&_nc_sid=c6f216,False
https://www.instagram.com/uttarakhandtourism,14,0,2014-01-01T12:46:17.000Z,Image,,https://www.instagram.com/p/ioHH2NjHC8/,ioHH2NjHC8,https://instagram.fymq1-2.fna.fbcdn.net/v/t51.82787-15/626010686_18553451830029796_4110508907670191913_n.jpg?stp=dst-jpg_e15_tt6&_nc_ht=instagram.fymq1-2.fna.fbcdn.net&_nc_cat=104&_nc_oc=Q6cZ2gHayx6jac82g7AipRW7S24G44KINmK1L6h9xVV3M04LYqp1wS77rxZ0vgQHVhJaaP8&_nc_ohc=uYUsFaEp0KwQ7kNvwHNz7sx&_nc_gid=UseKjgma9e3jQkfsIaqQKg&edm=ADp7STQBAAAA&ccb=7-5&oh=00_AQAmfcad-mNq3f-UqGszQLOjF9G8mpuduAbIydRmUAtW-w&oe=6A692C89&_nc_sid=c6f216,False
https://www.instagram.com/incredibleindia,788,10,2026-07-23T16:14:36.000Z,Sidecar,"The view changes when you leave the shore behind.

Follow waterways that weave through mangrove forests, crystal-clear rivers, cascading waterfalls, tranquil lakes and expansive lagoons - revealing a side of India that’s impossible to experience any other way.

Which boat ride has your attention?

Featuring: shotsbylohith, @ashwin.explorer, @bangaloresanchar, @neo.rahul 

#OneIndiaManyWorlds #IncredibleIndia #ExploreIndia #TraveIndia",https://www.instagram.com/p/DbJEeWzkiuc/,DbJEeWzkiuc,https://scontent-for2-2.cdninstagram.com/v/t51.82787-15/754981273_18476928271107788_3416594605997989678_n.jpg?stp=dst-jpg_e35_tt6&_nc_cat=103&ig_cache_key=Mzk0NzcwMjUzODMwMDAzMjc3Mw%3D%3D.3-ccb7-5&ccb=7-5&_nc_sid=58cdad&efg=eyJ2ZW5jb2RlX3RhZyI6IkNBUk9VU0VMX0lURU0ueHBpZHMuMTA4MC5zZHIucmVndWxhcl9waG90by5DMyJ9&_nc_ohc=XKXH9n62UPQQ7kNvwHeVjfc&_nc_oc=Adr113Ux9Aaez4yvbd_5Y9nxbg97ytuCru0CVuWVw-pYWguCpm34l4_ExVstYEktGFU&_nc_zt=23&_nc_ht=scontent-for2-2.cdninstagram.com&_nc_gid=uwFa2NGqwBjujpjxoiK7ew&_nc_ss=72a8c&oh=00_AQCR_48VqMKMnJI9U_Pk4lYW1nU57GZcLMqRhKP4lrR4LQ&oe=6A694F6F,False
https://www.instagram.com/incredibleindia,915,13,2026-07-14T16:07:06.000Z,Video,"The journey to India's last village is one you'll never forget.

📍Chitkul, Himachal Pradesh

Credit: @storiesofaml

#IncredibleIndia #HimachalPradesh #Chitkul #ExploreIndia #Travel",https://www.instagram.com/p/Dax4Y0USrjG/,Dax4Y0USrjG,https://scontent-dus1-1.cdninstagram.com/v/t51.71878-15/746351811_1643667641094731_5915400372641172478_n.jpg?stp=dst-jpg_e15_tt6&_nc_ht=scontent-dus1-1.cdninstagram.com&_nc_cat=111&_nc_oc=Q6cZ2gGIWD6mfra0xS1GtPScb7h8PS_4Po50hx-_NXiTZxJ7V0j5TvXPIwdwlrLLYZ90vbQ&_nc_ohc=xQee7vQa2wgQ7kNvwHN6sPF&_nc_gid=f1uSv0hBRqj-8vS4VOZ6SA&edm=ADp7STQBAAAA&ccb=7-5&oh=00_AQC-9ijTp0o-xjT4t1VnrgPNgqXLMJd5LZiNS1jiHzIf5Q&oe=6A694E6A&_nc_sid=c6f216,False
https://www.instagram.com/incredibleindia,1076,9,2026-07-13T15:46:01.000Z,Sidecar,"Some journeys are measured not in miles, but in the views they reward you with.

Traverse hidden valleys, high-altitude passes and scenic mountain trails that lead to extraordinary landscapes and unforgettable experiences. Every step reveals a new side of India’s remarkable natural beauty.

Which hidden hiking gem is calling your name?

Image Credits: @trekkersofindia, @arathy__p__, @gareeebghumakkad

#incredibleindia #trekking #exploreındia #travelindia",https://www.instagram.com/p/DavRQVKklZ1/,DavRQVKklZ1,https://scontent-dus1-1.cdninstagram.com/v/t51.82787-15/747736357_18475002181107788_7330278043596135924_n.jpg?stp=dst-jpg_e35_tt6&_nc_cat=105&ig_cache_key=Mzk0MDQ0MzIyNTczMDk5Njg2MQ%3D%3D.3-ccb7-5&ccb=7-5&_nc_sid=58cdad&efg=eyJ2ZW5jb2RlX3RhZyI6IkNBUk9VU0VMX0lURU0ueHBpZHMuMTA4MC5zZHIucmVndWxhcl9waG90by5DMyJ9&_nc_ohc=IPQVH98yVFwQ7kNvwHwYFrM&_nc_oc=AdqtNqHm0hbwVLizUH08z-Jme69iHsTjmLHeF3JivTjD2VTn2uF1lJqcZnHh9EHEWh8&_nc_zt=23&_nc_ht=scontent-dus1-1.cdninstagram.com&_nc_gid=F_EwNnEcFlg9cRz7I3zXJg&_nc_ss=7ca8c&oh=00_AQCnlfZx6Ho6WtfI9NpRi3Zlj61lRtJ7hY4P-Wvw2i_sZw&oe=6A691C2C,False
https://www.instagram.com/haridwar_official,17,2,2020-09-30T08:11:42.000Z,Image,"Featuring artist @tiny.dreamer_ 
#haridwar #haridwarvibes #haridwardiaries #haridwarcity  #haridwarphtographer",https://www.instagram.com/p/CFwOYxJhz5Q/,CFwOYxJhz5Q,https://instagram.fhnl3-1.fna.fbcdn.net/v/t51.82787-15/620869219_18148273045454283_5179377030825511012_n.jpg?stp=dst-jpg_e35_tt6&_nc_cat=104&_nc_map=urlgen_bucketless&ig_cache_key=MjQwOTQ4OTA3NTMzNTAyMDExMg%3D%3D.3-ccb7-5&ccb=7-5&_nc_sid=58cdad&efg=eyJ2ZW5jb2RlX3RhZyI6IkZFRUQueHBpZHMuMTA4MC5zZHIucmVndWxhcl9waG90by5DMyJ9&_nc_ohc=MBMA337uev8Q7kNvwGgR9af&_nc_oc=Ado7lwTJYoTId5kL2rT7e8xzr3nlcM148e4RdbLMu0jrO620UjVXAB3vtDLm4xPSAy3lOjNPw5XrTOVZlURa3akX&_nc_zt=23&_nc_ht=instagram.fhnl3-1.fna&_nc_gid=3cknqpDdFjv3UYQQ6IwwuA&_nc_ss=72689&oh=00_AQDOKzlUzTYzQvDDR80x2s55c1A1H-IeXGYGvOX9jCfYrg&oe=6A692013,False
https://www.instagram.com/haridwar_official,28,3,2020-09-28T12:25:15.000Z,Image,#haridwar #haridwarvibes #harkipauri,https://www.instagram.com/p/CFrh0FehaCg/,CFrh0FehaCg,https://instagram.fmam1-1.fna.fbcdn.net/v/t51.82787-15/625669367_18326486341221567_4092342083783077382_n.jpg?stp=dst-jpg_e35_tt6&_nc_cat=100&ig_cache_key=MjQwODE2NzE0MDU4ODEwMTc5Mg%3D%3D.3-ccb7-5&ccb=7-5&_nc_sid=58cdad&efg=eyJ2ZW5jb2RlX3RhZyI6IkZFRUQueHBpZHMuMTA3MS5zZHIucmVndWxhcl9waG90by5DMyJ9&_nc_ohc=bCdus-ilkxAQ7kNvwGiSDGH&_nc_oc=AdofmRpY0MJ2HErnHr5A4yPWlPAVm5UuvcrzCjQcR18f9ObWQcY0WfGZ7psLsdZULdY&_nc_zt=23&_nc_ht=instagram.fmam1-1.fna&_nc_gid=zgOoX1AajRSEb_EhDVzjIA&_nc_ss=72a8c&oh=00_AQAgZ39Te0CVyrqJ2sHWPq0NyBUx9uIBX3H-Sz2B5_hkFA&oe=6A694D11,False
https://www.instagram.com/haridwar_official,22,1,2020-09-28T06:15:47.000Z,Image,"Featuring artist @indian_army_page_
#haridwr #haridwardiaries #haridwar_vibes",https://www.instagram.com/p/CFq3iCyhaSX/,CFq3iCyhaSX,https://instagram.fmex1-2.fna.fbcdn.net/v/t51.82787-15/619836816_18105214207774692_4584178264325650834_n.jpg?stp=dst-jpg_e35_tt6&_nc_cat=110&_nc_map=urlgen_bucketless&ig_cache_key=MjQwNzk4MTE4Mjc5ODM3NDAzOQ%3D%3D.3-ccb7-5&ccb=7-5&_nc_sid=58cdad&efg=eyJ2ZW5jb2RlX3RhZyI6IkZFRUQueHBpZHMuMTA4MC5zZHIucmVndWxhcl9waG90by5DMyJ9&_nc_ohc=eAjVBGUO1dkQ7kNvwHyI58A&_nc_oc=Ado47-mqkp5Pjybc1L9uvI3f1BXRoN7VW_Gdaqa5G-ZrfCtnjixLhQW9PdFbYGpjWQg9Gz-O2ynlO2hmC9b2eCXT&_nc_zt=23&_nc_ht=instagram.fmex1-2.fna&_nc_gid=5VXo87w0c6rcjtwai0yaEw&_nc_ss=7c689&oh=00_AQBdoth2ZCM_oTO7avTlctybTZLVa5cuRysC0or-1SHqPg&oe=6A692903,False
https://www.instagram.com/devbhoomi_uttarakhand,236,12,2026-07-23T13:41:08.000Z,Sidecar,"""हवा से दोस्ती है, मुस्कान से पहचान है,
जो भी देखे इस तस्वीर को, बस यही कहे—कमाल है। 🌸✨
.
.
.
.
.
.
.
.
.
.
#trending
#viral #photograph #pahadan❤️ #photographer",https://www.instagram.com/p/DbIy6Xpk3oK/,DbIy6Xpk3oK,https://scontent-mia5-2.cdninstagram.com/v/t51.82787-15/755807079_18000286580974354_120785000738708322_n.heic?stp=dst-jpg_e35_tt6&_nc_cat=100&ig_cache_key=Mzk0NzYyMzEyODMxNDYwNjkzMw%3D%3D.3-ccb7-5&ccb=7-5&_nc_sid=58cdad&efg=eyJ2ZW5jb2RlX3RhZyI6IkNBUk9VU0VMX0lURU0ueHBpZHMuMTQ0MC5zZHIucmVndWxhcl9waG90by5DMyJ9&_nc_ohc=GMDjoLZJOYkQ7kNvwEFekvq&_nc_oc=AdoracXGul8rqL4OqgIBnwklRawXhc3wDOTmDj3EbwB6OtHIH4oAgKTD0oaZH_8ySGI6N27tUCyV5PFgfBT9ZVVK&_nc_zt=23&_nc_ht=scontent-mia5-2.cdninstagram.com&_nc_gid=iJTWk_jrcbj9QG_6X-8VQw&_nc_ss=72689&oh=00_AQBSMZ7c2lyoP1qIMy3mnODvcsP6dKOmRzy56PJdi2OHdw&oe=6A6938B8,False
https://www.instagram.com/devbhoomi_uttarakhand,292,15,2026-07-21T12:50:25.000Z,Video,"Jhyam param ❤️🍁✨
.
.
.
.
.
.
.
.

.
.
#trending #reels #viral #uttarakhand #pahadi",https://www.instagram.com/p/DbDjPQ2zWDt/,DbDjPQ2zWDt,https://scontent-lga3-3.cdninstagram.com/v/t51.71878-15/753206042_1018916591108420_1397545205726370709_n.jpg?stp=dst-jpg_e15_tt6&_nc_cat=102&ig_cache_key=Mzk0NjE1MjY3OTAyNjAyNDY4NQ%3D%3D.3-ccb7-5&ccb=7-5&_nc_sid=58cdad&efg=eyJ2ZW5jb2RlX3RhZyI6IkNMSVBTLnhwaWRzLjY0MC5zZHIudmlkZW9fbmZyYW1lX2NvdmVyX2ZyYW1lLkMzIn0%3D&_nc_ohc=itu4pTAT190Q7kNvwGxL-g6&_nc_oc=AdoLA314uB2jgcuxkNB50CLpN23h1GCgqwOJ-RZ47MOq2w5prujV6jXmOXuKoftdBf_-PlzEQoP_UZtxVoKeTY7T&_nc_zt=23&_nc_ht=scontent-lga3-3.cdninstagram.com&_nc_gid=JK_zwxuY8TlX3T3P8_yqkQ&_nc_ss=72689&oh=00_AQDLXbbBgarX8-SojwS8WXWWEYhOor96Rvjfi4fIGzdwWg&oe=6A693D32,False
https://www.instagram.com/devbhoomi_uttarakhand,116,13,2026-07-20T07:11:36.000Z,Video,"Dance nhi aa rha hai 😜😆
🫶💗
#uttarakhand 
@khushijoshidigari
.
.
.
...
.
.
#fypppppppppppppppppppppppppppppppppppppppppppppppppppppppppppppppppppppp #instalike #like",https://www.instagram.com/p/DbAXwLqPDeT/,DbAXwLqPDeT,https://scontent-fra5-1.cdninstagram.com/v/t51.71878-15/752199075_1012384048349702_8984659861602078346_n.jpg?stp=dst-jpg_e15_tt6&_nc_ht=scontent-fra5-1.cdninstagram.com&_nc_cat=102&_nc_oc=Q6cZ2gG9v6wKK0iQjLiVlQ-wppj2dw-Ewv9_BIriQPy68pRmHfwrTw7X9ayKmO6Z7aqO51Y&_nc_ohc=mLSFXm76BacQ7kNvwF9V2Vm&_nc_gid=FMxm-z6xoQLE3uZ7_PyIeg&edm=ADp7STQBAAAA&ccb=7-5&oh=00_AQCHazCdy9tBgWJepOjRSFnKYOcEMt5XRizWBv5BLyHMlA&oe=6A6947A7&_nc_sid=c6f216,False
https://www.instagram.com/devbhoomi_uttarakhand,139,1,2026-07-18T17:29:31.000Z,Video,"✨ “Lost in the beauty of Kasar Devi, found in the peace within. 🌿✨”

#kasardevi #temple #viral #likesforlike #instagram",https://www.instagram.com/p/Da8U-jrIx4O/,Da8U-jrIx4O,https://scontent-atl3-1.cdninstagram.com/v/t51.82787-15/750255780_17979010707059076_6548101905441162176_n.jpg?stp=dst-jpg_e15_tt6&_nc_cat=106&ig_cache_key=Mzk0NDExOTYzMzUxMjE3NzE2NjE3OTc5MDEwNzAxMDU5MDc2.3-ccb7-5&ccb=7-5&_nc_sid=58cdad&efg=eyJ2ZW5jb2RlX3RhZyI6IkNMSVBTLnhwaWRzLjExNzAuc2RyLnZpZGVvX2RlZmF1bHRfY292ZXJfZnJhbWUuQzMifQ%3D%3D&_nc_ohc=A5i2W0yKfXMQ7kNvwGDAq1y&_nc_oc=AdqK7_DnLjPP-kxfyQTdz5mQNgZcWcGRFuYHMiNbDLLeP4AjHturh_rTlSJnsbiT4e4lcTn5eTil0aWpGntfasAW&_nc_zt=23&_nc_ht=scontent-atl3-1.cdninstagram.com&_nc_gid=_P5K4pgbbJJ4Q_gEdOXTMg&_nc_ss=7c689&oh=00_AQAmAbNBkbGX5avU8gzk7w8pnWxaYXhF2s1SUQyxtfwb2A&oe=6A69232D,False
https://www.instagram.com/devbhoomi_uttarakhand,1358,19,2026-07-18T13:37:58.000Z,Video,"Girgon bati ❤️🙏🏻😊
.
.
.
.
.
.
.
.
.
.
.
#trending #viralvideos #uttarakhand #devbhoomi #like",https://www.instagram.com/p/Da75dY2TJop/,Da75dY2TJop,https://instagram.fktw4-1.fna.fbcdn.net/v/t51.82787-15/750053951_17999511584974354_8202972610969650300_n.jpg?stp=dst-jpg_e15_tt6&_nc_cat=108&ig_cache_key=Mzk0Mzk5ODYwNjg4OTc1MzEyOTE3OTk5NTExNTc4OTc0MzU0.3-ccb7-5&ccb=7-5&_nc_sid=58cdad&efg=eyJ2ZW5jb2RlX3RhZyI6IkNMSVBTLnhwaWRzLjU0MC5zZHIudmlkZW9fZGVmYXVsdF9jb3Zlcl9mcmFtZS5DMyJ9&_nc_ohc=vh3KlO5RNlUQ7kNvwEBH-W2&_nc_oc=AdrhZllHKBHp_ZnRCNAsbKUbFWwb7_illRVa49xQfesZHn5b8oQS0yxI8RCoZUQY2iM&_nc_zt=23&_nc_ht=instagram.fktw4-1.fna&_nc_gid=koVarjldLJCdH6EKoyBCfg&_nc_ss=72a8c&oh=00_AQAn69uknoa9YTSUwidx3kPGr2ULFz6mzrmePItv170kfg&oe=6A6923A4,False
https://www.instagram.com/devbhoomi_uttarakhand,-1,6,2026-07-18T05:37:23.000Z,Video,bagori valley,https://www.instagram.com/p/Da7DXaYPOaK/,Da7DXaYPOaK,https://instagram.flhr9-1.fna.fbcdn.net/v/t51.71878-15/742198120_1658354201923486_1527320521865740579_n.jpg?stp=dst-jpg_e15_tt6&_nc_ht=instagram.flhr9-1.fna.fbcdn.net&_nc_cat=110&_nc_oc=Q6cZ2gGLgqzw6pmDbdnJs8q0b05ihyHxLl8HK3hW8QNUpO_H8ty6g_yHQF1Whf_5qv-ByiSGmhdvjYrvoMzvNdCbAh_c&_nc_ohc=DgIRxUrO1jkQ7kNvwHLG68L&_nc_gid=xcxFM9ByT6CS8sG9DzOLfg&edm=ADp7STQBAAAA&ccb=7-5&oh=00_AQA4q8xHPDzdEPIcKphFnBxIegwann3zMaFjNMl0fffQoQ&oe=6A695067&_nc_sid=c6f216,False
https://www.instagram.com/devbhoomi_uttarakhand,80,11,2026-07-17T04:26:29.000Z,Video,"Tu lagi re chhe swana 
#uttarakhandi❤️
#uttarakhanddevbhoomi⛰️❤️🍃🌿🙏
#viral 
#reels",https://www.instagram.com/p/Da4VJIgT_8Z/,Da4VJIgT_8Z,https://scontent-yyz1-1.cdninstagram.com/v/t51.82787-15/748264881_18108079322472855_5128216185591396104_n.jpg?stp=dst-jpg_e15_tt6&_nc_ht=scontent-yyz1-1.cdninstagram.com&_nc_cat=103&_nc_oc=Q6cZ2gFJd7ZpB0qdiK5UTxZZJwsFubC6G7GUWOcFrrLJI3z40__MToeWBiJihzfFatwq6iw&_nc_ohc=yPrqDCCa3xcQ7kNvwGm1AET&_nc_gid=VHadN1bnzVSbMQpUCXcbdA&edm=ADp7STQBAAAA&ccb=7-5&oh=00_AQBWgfnrsNYmukM-j3xarW02TDTmOeGC88NHl_Cu50Mg2Q&oe=6A691DF0&_nc_sid=c6f216,False
https://www.instagram.com/devbhoomi_uttarakhand,43,13,2026-07-16T12:35:19.000Z,Video,Tera bina song 👌☺️##pahadi #highlightseveryone #highlights #follower,https://www.instagram.com/p/Da2pZQ3T98K/,Da2pZQ3T98K,https://scontent-waw2-2.cdninstagram.com/v/t51.82787-15/748527463_18120704902737360_2794025545518118607_n.jpg?stp=dst-jpg_e35_p1080x1080_sh2.08_tt6&_nc_ht=scontent-waw2-2.cdninstagram.com&_nc_cat=100&_nc_oc=Q6cZ2gE7_-9pu-zX873gxeBGn91Qs-N9X5_Mj68cZL1Oc7AV-YEPFgvXoWTJTkdpU6ZolkI&_nc_ohc=SDMVONUwQ0gQ7kNvwFeR1C5&_nc_gid=gnOsUZhyjW1qZwZzfFy_lg&edm=ADp7STQBAAAA&ccb=7-5&oh=00_AQBaskTqDCUWJ8rtrs1TI6LtKnJp_qIj9Mswfqyzl6HvKg&oe=6A693653&_nc_sid=c6f216,False
https://www.instagram.com/devbhoomi_uttarakhand,139,22,2026-07-16T06:48:33.000Z,Video,"💗🫠

#uttarakhand",https://www.instagram.com/p/Da2B9uoPtx7/,Da2B9uoPtx7,https://scontent-ams2-1.cdninstagram.com/v/t51.82787-15/748287256_18099806666582290_1110222904545579181_n.jpg?stp=dst-jpg_e15_tt6&_nc_ht=scontent-ams2-1.cdninstagram.com&_nc_cat=110&_nc_oc=Q6cZ2gEKKm0sp-CD9CLGEUTi48I5equ20BtaqEAV0GYdSuBBKtsAnp-AaOhPLj4kOdJlVYjT-90uTFJAvQY-QIM74Rfa&_nc_ohc=v2Ce8YSwGSkQ7kNvwElK5kO&_nc_gid=Re-C71UUmQXmQkg3Pe8jeQ&edm=ADp7STQBAAAA&ccb=7-5&oh=00_AQDXN8a-5_CbmgESP3SyxJu4tuPJSNzaaA-kcOEUdwHI4w&oe=6A693702&_nc_sid=c6f216,False
https://www.instagram.com/devbhoomi_uttarakhand,155,8,2026-07-15T13:17:44.000Z,Video,"Slow motion ❤️🫶🏻
.
.
.
.
.
.
.
.

#trending #reels #viral #songs #instagood",https://www.instagram.com/p/Da0JubuzsHv/,Da0JubuzsHv,https://instagram.fmex28-1.fna.fbcdn.net/v/t51.82787-15/748216100_17999060957974354_4183838231922413004_n.jpg?stp=dst-jpg_e15_tt6&_nc_cat=105&_nc_map=urlgen_bucketless&ig_cache_key=Mzk0MTgxODM0NzE0Njg4NzY2MzE3OTk5MDYwOTU0OTc0MzU0.3-ccb7-5&ccb=7-5&_nc_sid=58cdad&efg=eyJ2ZW5jb2RlX3RhZyI6IkNMSVBTLnhwaWRzLjU0MC5zZHIudmlkZW9fZGVmYXVsdF9jb3Zlcl9mcmFtZS5DMyJ9&_nc_ohc=Lo_KFvTXgggQ7kNvwHLhE5c&_nc_oc=Adr4Wmlub2Hef8Tv7jwytufZvoGswWJpyHQlBjvtaJhx1Sa160p7Mq7JHYHnR3CPi2G8wLZuszh5M1XcMbH9kPwc&_nc_zt=23&_nc_ht=instagram.fmex28-1.fna&_nc_gid=ouTxQMNy44n3cEQuxURQCg&_nc_ss=72689&oh=00_AQDlHi2JC_gsPDKe1qi8SIyIPG7sBzpxa5SKDt6Ju1p2Ag&oe=6A691F95,False
https://www.instagram.com/devbhoomi_uttarakhand,-1,45,2026-07-14T14:12:03.000Z,Sidecar,"ऐपन तोरण ❤️✨ 
अल्मोडा उत्तराखंड के मुख्य मंदिर ...

Kumaon ki parampara, bhakti aur kala ka ek chhota sa roop ❤️🙏Golu Dev • Kasar Devi • Kedarnath • Nanda Devi • Jageshwar Dham 

Handmade with love | 📍@_ms_chitranjali Aipan Art 🎨

#aipanart #kumaoniart #uttarakhand #pahadiculture #mandirdecor

✨ Aipan Art तोरण  se saja hua hamara mandir ✨
.
Kumaon ki parampara, bhakti aur kala ka ek chhota sa roop ❤️🙏Golu Dev • Kasar Devi • Kedarnath • Nanda Devi • Jageshwar Dham 

Handmade with love | 📍@_ms_chitranjali Aipan Art 🎨

#aipanart #kumaoniart #uttarakhand #hanmade #mandirdecor

ऐपन तोरण ❤️✨
Kumaon ki parampara, bhakti aur kala ka ek chhota sa roop ❤️🙏Golu Dev • Kasar Devi • Kedarnath • Nanda Devi • Jageshwar Dham 

Handmade with love | 📍@_ms_chitranjali Aipan Art 🎨

#aipanart #kumaoniart #uttarakhand #pahadiculture #mandirdecor",https://www.instagram.com/p/DaxrS7SGmIm/,DaxrS7SGmIm,https://scontent-man2-1.cdninstagram.com/v/t51.82787-15/746452191_18112559735489946_2389082765761335685_n.webp?_nc_cat=100&ig_cache_key=Mzk0MTEyMTUwNTM0Mzc2NDA0Mg%3D%3D.3-ccb7-5&ccb=7-5&_nc_sid=58cdad&efg=eyJ2ZW5jb2RlX3RhZyI6IkNBUk9VU0VMX0lURU0ueHBpZHMuMTA4MC5zZHIucmVndWxhcl9waG90by5DMyJ9&_nc_ohc=hL0Wq-vIxoAQ7kNvwFGAz_b&_nc_oc=AdrZjLojDO_3JkSkORMjk9JkZQeSvO4RIIIH4DeyWZvaBoxBJP8470hczYhfn9TgTlfW3B9OQFG8RKviI9O7oPis&_nc_zt=23&_nc_ht=scontent-man2-1.cdninstagram.com&_nc_gid=QM7v2GVuB78Y_otLLZzAJQ&_nc_ss=72689&oh=00_AQCWnxgtV05TR1Xld_jfW_lc9n2oEwzYTu4ap_UkyrqnZA&oe=6A692B5D,False
https://www.instagram.com/devbhoomi_uttarakhand,318,27,2026-07-14T13:23:16.000Z,Video,"Lahanga ❤️😊
.
 
 .
.
.
.
.
.
.
.
.
#trending #reels #viral #uttarakhand #pahadi",https://www.instagram.com/p/DaxlLz9zZ-j/,DaxlLz9zZ-j,https://instagram.fncl2-1.fna.fbcdn.net/v/t51.71878-15/747718408_2040257616573750_7038331947641999462_n.jpg?stp=dst-jpg_e15_tt6&_nc_ht=instagram.fncl2-1.fna.fbcdn.net&_nc_cat=106&_nc_oc=Q6cZ2gEA7N9vnHAqTs5FB9HQecfrbzHrd8_UvMLpTHKG3Z0F10Rfc-6z3AoHXrQEqkyNpV4&_nc_ohc=3QIptFCU5xIQ7kNvwGGjYXu&_nc_gid=sfnuEZKYLZDzAFOiadN5eA&edm=ADp7STQBAAAA&ccb=7-5&oh=00_AQAO7CL99WT8_KgLIjesAZACBOS7Wb4fRNE-8JerIfQoAA&oe=6A69416E&_nc_sid=c6f216,False
https://www.instagram.com/devbhoomi_uttarakhand,165,15,2026-07-13T13:51:44.000Z,Video,"Maya le ❤️🫶🏻
.
.
.
.
.
.
.
.
.
.
#trending #viralvideos #uttarakhand #pahadi #dance",https://www.instagram.com/p/DavDMAnT3KZ/,DavDMAnT3KZ,https://scontent-man2-1.cdninstagram.com/v/t51.71878-15/746384394_1531238452032675_5081432562407882503_n.jpg?stp=dst-jpg_e15_tt6&_nc_ht=scontent-man2-1.cdninstagram.com&_nc_cat=103&_nc_oc=Q6cZ2gGTGtiAi1IvJNWfT4FPm5bIvf-1V6TUrNCWrf0KGxM6X9vtJJz46rhxMANijMNjN30&_nc_ohc=d4U296cXcLAQ7kNvwFepe5Y&_nc_gid=nqezz6lySld_6CfuNYsVow&edm=ADp7STQBAAAA&ccb=7-5&oh=00_AQDCaqAtaIy2p_39ID3FSY-gyxkMn52b2K-p7ARIh26rEw&oe=6A6923B7&_nc_sid=c6f216,False
https://www.instagram.com/devbhoomi_uttarakhand,163,6,2026-07-12T13:41:07.000Z,Video,"Urvashi mushkil💓
.
.
.
.

.
.
.
.
.
#trending #reels #viral #uttarakhand #pahadi",https://www.instagram.com/p/DasdsuPzkOy/,DasdsuPzkOy,https://scontent-ams2-1.cdninstagram.com/v/t51.71878-15/744994271_2125705195018022_5223378377562147853_n.jpg?stp=dst-jpg_e15_tt6&_nc_cat=109&ig_cache_key=MzkzOTY1NDM5MDcwNTQzOTY2Ng%3D%3D.3-ccb7-5&ccb=7-5&_nc_sid=58cdad&efg=eyJ2ZW5jb2RlX3RhZyI6IkNMSVBTLnhwaWRzLjY0MC5zZHIudmlkZW9fbmZyYW1lX2NvdmVyX2ZyYW1lLkMzIn0%3D&_nc_ohc=eBaFqwdsySsQ7kNvwHFEbTp&_nc_oc=Adq0FiNsrvO6-Fp52MyRjWXy9QCaqJBEQ-PbylGplU5DDRVeLTCyfhCpNftMJRzGZo8&_nc_zt=23&_nc_ht=scontent-ams2-1.cdninstagram.com&_nc_gid=UEHTsmQ6PaiSVfIAiDn3KA&_nc_ss=7ca8c&oh=00_AQCgM2bK3klQFsBi83h3gcIxfKZBmpxBnvvPqHuRrU7soQ&oe=6A6939A1,False
https://www.instagram.com/devbhoomi_uttarakhand,538,22,2026-07-11T12:55:09.000Z,Sidecar,"Seeking Love and Blessings before starting our forever ❤️🧿
@bhavana_bahuguna @samyak_bahuguna 
#couple #couplephotoshoot #trending #explore #insta 

couple photo shoot, pre-wedding photo shoot, couples life, couple, wedding photo shoot, pre-wedding photo shoot, couple photo shoot, perfect couple, explore, explore more,Insta Daily, Insta post",https://www.instagram.com/p/Dap0HE9E5QC/,Dap0HE9E5QC,https://scontent-muc2-1.cdninstagram.com/v/t51.82787-15/743016956_17888924307595317_1888603262180309267_n.jpg?stp=dst-jpg_e35_tt6&_nc_cat=109&ig_cache_key=MzkzODkwMzU0MTk3MjY1ODYxNQ%3D%3D.3-ccb7-5&ccb=7-5&_nc_sid=58cdad&efg=eyJ2ZW5jb2RlX3RhZyI6IkNBUk9VU0VMX0lURU0ueHBpZHMuMzA3Mi5zZHIucmVndWxhcl9waG90by5DMyJ9&_nc_ohc=PqzNpEJno8EQ7kNvwEiMkeQ&_nc_oc=AdonJNTv4V2cV6y4cRnznNnqZMlm7C97Rh8w8gWWQND42H0wMh5yDmgIGEe2B4u4nrOQ451zutv0o_Ry_DdPq7Tr&_nc_zt=23&_nc_ht=scontent-muc2-1.cdninstagram.com&_nc_gid=aj29IkYg8FU9T-wAInMxmA&_nc_ss=7ca8c&oh=00_AQA0d161taZQ5Rc_zWDhDFbQCxfdxbvkOYLCG1FcAuPIaw&oe=6A693F50,False
https://www.instagram.com/rishikesh_diaries,7,0,2016-07-11T17:15:59.000Z,Image,Real peace is listening to th water flowing while sitting by the river and reading..,https://www.instagram.com/p/BHuq58Vg8Be/,BHuq58Vg8Be,https://scontent-fra5-2.cdninstagram.com/v/t51.82787-15/626396604_18430723786118676_3848178294008601783_n.jpg?stp=dst-jpg_e35_tt6&_nc_cat=109&ig_cache_key=MTI5MjE1ODg0Mjg1MTAxNjc5OA%3D%3D.3-ccb7-5&ccb=7-5&_nc_sid=58cdad&efg=eyJ2ZW5jb2RlX3RhZyI6IkZFRUQueHBpZHMuMTA4MC5zZHIucmVndWxhcl9waG90by5DMyJ9&_nc_ohc=uWGwhsr6fG8Q7kNvwFQFRZN&_nc_oc=AdpAlsbtPEnJ3zs1n96kEEaOzz1qiu6MIpUXt57FnCXsq_lIJ5ICdRU-Jhuo2JfsnZg&_nc_zt=23&_nc_ht=scontent-fra5-2.cdninstagram.com&_nc_gid=vqqe7H4jISb5F4iPcvdW6A&_nc_ss=7ca8c&oh=00_AQCHdXxUd5iqTei6EygEEpIgzlDNAks3zAjozl-Qrnl9Zw&oe=6A69268A,False
https://www.instagram.com/rishikesh_diaries,7,0,2016-07-11T17:05:42.000Z,Image,Scenic beauty of Ram jhula... Astonishing sunsets...😇,https://www.instagram.com/p/BHupuonAa8x/,BHupuonAa8x,https://scontent-ssn1-1.cdninstagram.com/v/t51.82787-15/636727492_18562427902008234_5708097221800320555_n.jpg?stp=dst-jpg_e35_tt6&_nc_cat=107&ig_cache_key=MTI5MjE1MzY2NzcwODg5MDkyOQ%3D%3D.3-ccb7-5&ccb=7-5&_nc_sid=58cdad&efg=eyJ2ZW5jb2RlX3RhZyI6IkZFRUQueHBpZHMuMTA4MC5zZHIucmVndWxhcl9waG90by5DMyJ9&_nc_ohc=rx7V24su8yUQ7kNvwG9Anbq&_nc_oc=Ado0KWjUBrQG8EFy3PLeOR9uxdFf8Gb7N9qYjH2OWPmKcvPiH_B8fAnRg1nVOEUBoNE&_nc_zt=23&_nc_ht=scontent-ssn1-1.cdninstagram.com&_nc_gid=gGJy4dOEJv68EdVKFb3Kaw&_nc_ss=7c689&oh=00_AQAWWhzs7S2DgC32EIhDpY-DLC7I6NfGGDyrknRCh0pT8A&oe=6A693680,False
https://www.instagram.com/starsportsindia,719,23,2026-07-28T05:30:11.000Z,Image,"𝟏𝟎𝟎 𝐛𝐚𝐥𝐥𝐬. 𝐈𝐧𝐟𝐢𝐧𝐢𝐭𝐞 𝐞𝐧𝐭𝐞𝐫𝐭𝐚𝐢𝐧𝐦𝐞𝐧𝐭. 💯

Sunrisers Leeds & Manchester Super Giants go head-to-head in a blockbuster double-header. 🏏

#TheHundred 2026 👉 EVERYDAY | 7:00 PM Onwards",https://www.instagram.com/p/DbTHzq0mIon/,DbTHzq0mIon,https://scontent-cdg6-1.cdninstagram.com/v/t51.82787-15/756682899_18469018906119702_7332119942031404941_n.jpg?stp=dst-jpg_e15_fr_p1080x1080_tt6&_nc_ht=scontent-cdg6-1.cdninstagram.com&_nc_cat=1&_nc_oc=Q6cZ2gGetHaj44PIwxTnEUJoymVNsopoZkjngcuni_7q8N-66DULfdnZXB2D675DV0KdUwo&_nc_ohc=L7sEVkIb5yIQ7kNvwH5WAxM&_nc_gid=es81Zbbe8WVsnwbChOVc7Q&edm=ADp7STQBAAAA&ccb=7-5&oh=00_AQB0VMOLHJl1ySTU2Mxe5rILRHA1vi-nK7fz99lx1cDp1g&oe=6A6E100B&_nc_sid=c6f216,False
https://www.instagram.com/starsportsindia,2205,15,2026-07-28T04:38:23.000Z,Video,"From battling injuries to standing atop the podium once again, Mirabai Chanu shares the joy of winning her third gold at #CWG26 and thanking the people who made it possible. 🔥🏅

#CWG2026",https://www.instagram.com/p/DbUsrB7s_81/,DbUsrB7s_81,https://scontent-mxp1-1.cdninstagram.com/v/t51.82787-15/759456358_18469123216119702_4762750358456691046_n.jpg?stp=dst-jpg_e35_p1080x1080_sh2.08_tt6&_nc_ht=scontent-mxp1-1.cdninstagram.com&_nc_cat=1&_nc_oc=Q6cZ2gEB82Eh50bOaXTSGNgzNSS5tOiL4wB-bzm5hWuZy4ywuf_-bVm9GEO759-siSz9B-U&_nc_ohc=CXX15AFB7SIQ7kNvwFIYxIS&_nc_gid=DLTYbfRcWLzUxfh7on_Y3A&edm=ADp7STQBAAAA&ccb=7-5&oh=00_AQA9zm2VR3Fjzp8BMwBpwbSketR9kURaI974UzIrBveZFQ&oe=6A6E35F6&_nc_sid=c6f216,False
https://www.instagram.com/starsportsindia,38942,147,2026-07-27T16:18:32.000Z,Sidecar,"BRB, admin's taking notes from @l.belll_ 😅

#TheHundred 2026 👉 Southern Brave v MI London | LIVE NOW!",https://www.instagram.com/p/DbTYFG6jRm5/,DbTYFG6jRm5,https://instagram.fbne8-1.fna.fbcdn.net/v/t51.82787-15/758427548_18469038751119702_6490067399459379555_n.jpg?stp=dst-jpg_e35_tt6&_nc_cat=1&ig_cache_key=Mzk1MDYwNjQwNjI4NTg5OTI3MA%3D%3D.3-ccb7-5&ccb=7-5&_nc_sid=58cdad&efg=eyJ2ZW5jb2RlX3RhZyI6IkNBUk9VU0VMX0lURU0ueHBpZHMuMTA4MC5zZHIucmVndWxhcl9waG90by5DMyJ9&_nc_ohc=XmNbNblJlMIQ7kNvwEPbQee&_nc_oc=AdoP3cHViQq8qQTecacJlAtxtNDPhr6LXlLJdpB7rXojcurcc0a9s81Y5whDMe9LluU&_nc_zt=23&_nc_ht=instagram.fbne8-1.fna&_nc_gid=JFaR22QRFTF1lewnQEuxFQ&_nc_ss=72a8c&oh=00_AQC0_IK2f1juAbo6KDxYB9FRfSW7vPY11gzpPmcKaBGT3g&oe=6A6E2175,False
https://www.instagram.com/starsportsindia,55004,157,2026-07-27T15:03:40.000Z,Video,"Jemimah Rodrigues in full flow! 🔥

Jemmy is putting on a show for Southern Brave as she keeps the pressure on MI London 👏

#TheHundred 2026 👉 Southern Brave v MI London | LIVE NOW!",https://www.instagram.com/p/DbTPYRRsjgJ/,DbTPYRRsjgJ,https://instagram.fadl8-1.fna.fbcdn.net/v/t51.82787-15/759024781_18469027639119702_1326751968883940575_n.jpg?stp=dst-jpg_e15_tt6&_nc_ht=instagram.fadl8-1.fna.fbcdn.net&_nc_cat=1&_nc_oc=Q6cZ2gEWSv9f0RbMhA-atfw2r4svgYHzrkr4bzudbH5aBUEdyC-i2ojPzjmppfmTpL26eXU&_nc_ohc=HVkGlJPkOMUQ7kNvwGxb0i5&_nc_gid=Mq9vjiJW8unHjYJyxaZNSQ&edm=ADp7STQBAAAA&ccb=7-5&oh=00_AQCKL1yQm4Kh0oQPDsTurXlvW1pHCB-hac5DiQwUxYa_9g&oe=6A6E0C10&_nc_sid=c6f216,False
https://www.instagram.com/starsportsindia,3167,29,2026-07-27T06:57:34.000Z,Image,"The stage is set for a blockbuster showdown! 🔥

Two power-packed sides. One thrilling battle. Every ball counts.⚔️

#TheHundred 2026 👉 EVERYDAY | 7:00 PM Onwards",https://www.instagram.com/p/DbSX3-Hj4e0/,DbSX3-Hj4e0,https://scontent-ssn1-1.cdninstagram.com/v/t51.82787-15/758427068_18468967942119702_105633966235356231_n.jpg?stp=dst-jpg_e15_fr_p1080x1080_tt6&_nc_ht=scontent-ssn1-1.cdninstagram.com&_nc_cat=106&_nc_oc=Q6cZ2gHuKqntJsmO2irW9gs6k_Tfa3dg963OBsfHcK7yM3LQKzex-qlXs74oeMpl97ALJpA&_nc_ohc=ndOXWWah2mQQ7kNvwG1Fl4y&_nc_gid=ZsAcEZZ0lpXmVzbSEEVLhQ&edm=ADp7STQBAAAA&ccb=7-5&oh=00_AQDBJloNH5XLGYzCVIahIqbxQ7h8SJPEeITBdCCZehlsyg&oe=6A6E1486&_nc_sid=c6f216,False
https://www.instagram.com/starsportsindia,39379,121,2026-07-26T18:28:06.000Z,Video,"Dewald Brevis' six-hitting blitz stuns the bowlers! 🚀

A full-blown assault from Baby AB!

#TheHundred 2026 👉 Trent Rockets v London Spirit",https://www.instagram.com/p/DbRB735smYb/,DbRB735smYb,https://scontent-ord5-1.cdninstagram.com/v/t51.82787-15/758350243_18468885280119702_4202629736166839086_n.jpg?stp=dst-jpg_e15_tt6&_nc_ht=scontent-ord5-1.cdninstagram.com&_nc_cat=106&_nc_oc=Q6cZ2gGKTUszD5cQdL4L0FpqgYCsoENhMR8B-b1NCyI1Z4PHA_lG1Sv_HycoHKHc4LUXqLs&_nc_ohc=gd8cTEcHqpkQ7kNvwGFY40m&_nc_gid=g6YBkcTcJ2SC_BxS8347BQ&edm=ADp7STQBAAAA&ccb=7-5&oh=00_AQCo3xJe9xJvboe2VwfrWlDGSMpTWVzM1CwbN7Da7BRbVQ&oe=6A6E3935&_nc_sid=c6f216,False
https://www.instagram.com/starsportsindia,14642,81,2026-07-26T16:54:06.000Z,Image,"She doesn't just lift weights, she lifts a nation 🇮🇳

Mirabai Chanu strikes GOLD once again, making it three consecutive Commonwealth Games titles! 👑🥇

#MirabaiChanu #CWG2026",https://www.instagram.com/p/DbQ3VsCjO3P/,DbQ3VsCjO3P,https://scontent-ams2-1.cdninstagram.com/v/t51.82787-15/758356754_18468870415119702_909093821156347837_n.jpg?stp=dst-jpg_e15_fr_p1080x1080_tt6&_nc_ht=scontent-ams2-1.cdninstagram.com&_nc_cat=106&_nc_oc=Q6cZ2gFrJe9EgtZmPch-LeOUjUHjNPUYz4Ob0nLCXPUFHiqJDeVSZSUQyTkxLettDHmu7jE&_nc_ohc=1Ms846PMUwMQ7kNvwGhdHIv&_nc_gid=XkiM0cyjB6ausO0yPfjXbw&edm=ADp7STQBAAAA&ccb=7-5&oh=00_AQCWCvCKevQ_GRIGGyeF92z88PZ8QiqqIsYRBr76LB3XZw&oe=6A6E29BA&_nc_sid=c6f216,False
https://www.instagram.com/starsportsindia,83639,195,2026-07-26T16:46:14.000Z,Sidecar,"Back to winning ways with a lot of positives! 💙

✅ Vaibhav Sooryavanshi's first Player of the Series award
✅ Shreyas Iyer's first T20I series win as captain

#ZIMvIND",https://www.instagram.com/p/DbQ2btplXWZ/,DbQ2btplXWZ,https://scontent-fco2-1.cdninstagram.com/v/t51.82787-15/754143670_18468869254119702_203699091861069051_n.jpg?stp=dst-jpg_e35_tt6&_nc_cat=104&ig_cache_key=Mzk0OTg5NjIwMTM5OTU2NTk3Nw%3D%3D.3-ccb7-5&ccb=7-5&_nc_sid=58cdad&efg=eyJ2ZW5jb2RlX3RhZyI6IkNBUk9VU0VMX0lURU0ueHBpZHMuMTA4MC5zZHIucmVndWxhcl9waG90by5DMyJ9&_nc_ohc=K6rWqVkyNY0Q7kNvwFNHGUD&_nc_oc=AdrFOEN4QmlaKeQAzKKIpvSPJTv1mywmGX0Rm8w-sftW309FTI6GViK6Qso8a7_uNXs&_nc_zt=23&_nc_ht=scontent-fco2-1.cdninstagram.com&_nc_gid=tUKOhoLAMHozEAJpBWMdGw&_nc_ss=7c289&oh=00_AQDf6zE0tGqpKOUwesWU57YIZnv93LXECEMZiNR3vYmWXg&oe=6A6E0F4B,False
https://www.instagram.com/starsportsindia,4227,10,2026-07-26T13:59:38.000Z,Video,"Timing, power and confidence!

Sophia Dunkley turns up the heat with 4️⃣ & 6️⃣ 💥

#TheHundred 2026 👉 Trent Rockets v London Spirit",https://www.instagram.com/p/DbQjU9jMiP0/,DbQjU9jMiP0,https://instagram.fcpq14-1.fna.fbcdn.net/v/t51.82787-15/758356783_18468848074119702_7518718952645961071_n.jpg?stp=dst-jpg_e15_tt6&_nc_ht=instagram.fcpq14-1.fna.fbcdn.net&_nc_cat=106&_nc_oc=Q6cZ2gEYrI-3XD_uYZqrkMAIcppLqUwS09Q_kMoL3Vf0B4IY6Ih_z_fKesM6SFmWBVSBm14&_nc_ohc=wtt3kMrbPVIQ7kNvwFGlJrO&_nc_gid=XqAuikaIZp52nPRIljg1WQ&edm=ADp7STQBAAAA&ccb=7-5&oh=00_AQAokIUYzbtQdYblpKAUq0ebYWWSl_26rLdPjwnPycJM6w&oe=6A6E1421&_nc_sid=c6f216,False
https://www.instagram.com/starsportsindia,2912,18,2026-07-26T13:36:11.000Z,Video,"Kamaal prediction, dhamaal performance! 😂

Ek se bhale do! #YashThakur sahab, ke baat seh! 🫡

Enjoy #TeamIndia's brilliant bowling in Haryanvi commentary🎙️🔥

#ZIMvIND | 3rd T20I | WATCH NOW!",https://www.instagram.com/p/DbQgqVtEp6H/,DbQgqVtEp6H,https://scontent-cdg6-1.cdninstagram.com/v/t51.82787-15/758239251_18468840697119702_7409502677251358422_n.jpg?stp=dst-jpg_e15_tt6&_nc_ht=scontent-cdg6-1.cdninstagram.com&_nc_cat=106&_nc_oc=Q6cZ2gF8gq0drIwgGkSNMfODt_3gjQanhVNdD3iMB1VKm9bQpI6QJ47hW4SoSKLzKC-W1l8&_nc_ohc=tsPCIrkhiRUQ7kNvwF2mjUW&_nc_gid=nl_zDT_vtclwwbwaYFE0JA&edm=ADp7STQBAAAA&ccb=7-5&oh=00_AQD_21Uy64-s5GFXJ30wload6PQepH4_qPoInL1IOQpkqw&oe=6A6E1A36&_nc_sid=c6f216,False
https://www.instagram.com/starsportsindia,4899,24,2026-07-26T13:13:23.000Z,Video,"#MayankYadav ke pehila ball par wicket! ⚡

Bhojpuri ke desi swaad ke saath judeen ball-by-ball updates ke liye! 🎙️

#ZIMvIND | 3rd T20I | WATCH NOW!",https://www.instagram.com/p/DbQd_l6FWn0/,DbQd_l6FWn0,https://scontent-mad1-1.cdninstagram.com/v/t51.82787-15/756530589_18468838315119702_63073821656745933_n.jpg?stp=dst-jpg_e15_tt6&_nc_ht=scontent-mad1-1.cdninstagram.com&_nc_cat=106&_nc_oc=Q6cZ2gF81milf-2OtKazYPnG_vboahQsN-taIbd6oB7eqqBkNUEljEddEk9pltGj-WihIa8&_nc_ohc=5GqgG_r4JVwQ7kNvwEFP9iW&_nc_gid=bL_SZ7Kc1W6sxCiR1uka-g&edm=ADp7STQBAAAA&ccb=7-5&oh=00_AQC0IE3PbiWVce71jhEW1lgy8L5rHtlPfYqolxlHoDgKRQ&oe=6A6E12DF&_nc_sid=c6f216,False
https://www.instagram.com/starsportsindia,1897,24,2026-07-26T12:23:01.000Z,Video,"Kaptaan #ShreyasIyer laagal baadan ekdam gazab form mein! 💪 

Back-to-back chauka ke maza leen Bhojpuri mein! 💥

#ZIMvIND | 3rd T20I | WATCH NOW!",https://www.instagram.com/p/DbQYSM3gch-/,DbQYSM3gch-,https://instagram.fyxd4-1.fna.fbcdn.net/v/t51.82787-15/758239586_18468835174119702_4924663931449767301_n.jpg?stp=dst-jpg_e15_tt6&_nc_ht=instagram.fyxd4-1.fna.fbcdn.net&_nc_cat=106&_nc_oc=Q6cZ2gEyt0dGQrQfu6w6FlTX85yC7G2ycVCePL17w-_R0nVrROqLRVzeJUUKItxFXdnggK8&_nc_ohc=r_M6nhr9YmUQ7kNvwGjTOb5&_nc_gid=lxkBnM6XbC6IagF5rDwsFA&edm=ADp7STQBAAAA&ccb=7-5&oh=00_AQD2Fp70eA8WmlGcMagiRmim410TGFiWOC2nKEL8OXTkGg&oe=6A6E14FA&_nc_sid=c6f216,False
https://www.instagram.com/starsportsindia,2225,26,2026-07-26T12:09:39.000Z,Video,"Vaibhav Sooryavanshi unleashes a colossal 102 m six straight off the opposition captain🤯

Enjoy the exciting coverage in Haryanvi commentary🎙️🔥

#ZIMvIND | 3rd T20I | WATCH NOW!",https://www.instagram.com/p/DbQWuBJgJhf/,DbQWuBJgJhf,https://instagram.fbhx4-2.fna.fbcdn.net/v/t51.82787-15/758368251_18468826450119702_5868191225983695801_n.jpg?stp=dst-jpg_e15_tt6&_nc_ht=instagram.fbhx4-2.fna.fbcdn.net&_nc_cat=106&_nc_oc=Q6cZ2gH72RPb7UWo6-dbg1CCWnwUrIHzJr9oJuiLohfSS5xpwm9dNQv1ImY5HU5J0Kfn5As&_nc_ohc=P0Ls77E9kX4Q7kNvwHF4FbP&_nc_gid=nVCugKZpD8MiVsMihgjYgg&edm=ADp7STQBAAAA&ccb=7-5&oh=00_AQDbEfxyWtQCx5FNjEBVEGhLH0fsFUtDFEAmudEIaGQRPA&oe=6A6E1AAE&_nc_sid=c6f216,False
https://www.instagram.com/starsportsindia,7663,31,2026-07-26T12:07:40.000Z,Video,"The young Indian batter brings up a superb half-century!

Kya Vaibhav ka agla padaav hoga ek shandaar shatak? 👀

Enjoy the exciting coverage in Haryanvi commentary🎙️🔥

#ZIMvIND | 3rd T20I | WATCH NOW!",https://www.instagram.com/p/DbQWfLgmggB/,DbQWfLgmggB,https://scontent-mad1-1.cdninstagram.com/v/t51.82787-15/758304493_18468826420119702_4476043062633680285_n.jpg?stp=dst-jpg_e15_tt6&_nc_ht=scontent-mad1-1.cdninstagram.com&_nc_cat=106&_nc_oc=Q6cZ2gHeAv-yfqmAUa1DbIHMNa4D7ny0rcSUXQBK23WyPm_R-k4F5nHIuEgJCIu8AWgYFZk&_nc_ohc=w74s6bhNKNwQ7kNvwG2YKTg&_nc_gid=V1g6m5KwpzUnDe0Af-x4Eg&edm=ADp7STQBAAAA&ccb=7-5&oh=00_AQB5FnhPyc6oeYdFPHfczCoqSDDuRbnEidWdqQkes7JQ_g&oe=6A6E3B0C&_nc_sid=c6f216,False
https://www.instagram.com/starsportsindia,3563,103,2026-07-26T12:01:12.000Z,Video,"#VaibhavSooryavanshi thokle aapan 2nd T20I ardhashatak! 🫡 

Enke paari ke maza leen Bhojpuri commentary ke saath! 🎙️✨

#ZIMvIND | 3rd T20I | WATCH NOW!",https://www.instagram.com/p/DbQVynKGz7l/,DbQVynKGz7l,https://instagram.fymq3-1.fna.fbcdn.net/v/t51.82787-15/758328789_18468838375119702_7122116880979381883_n.jpg?stp=dst-jpg_e15_tt6&_nc_ht=instagram.fymq3-1.fna.fbcdn.net&_nc_cat=106&_nc_oc=Q6cZ2gF7XzhkoCj3z1imuCau7rB6utbDqF0nGB_vVPf27zSXUGtjjM80LiggZQ_PKxkDS74&_nc_ohc=dnPS3Kki-Q0Q7kNvwGiJiaH&_nc_gid=1oS9umjQOB-N6AWzjA-0uA&edm=ADp7STQBAAAA&ccb=7-5&oh=00_AQDTaD2isebKgiBOMv6O4vjEJYgGg2khwBrxUeI15W-Rog&oe=6A6E0D5D&_nc_sid=c6f216,False
https://www.instagram.com/crex.live_,180,2,2026-07-28T06:24:15.000Z,Image,"Here's India's squad for the two-match Test series against Sri Lanka. 🇮🇳

Saransh Jain receives his maiden Test call-up, while Sai Sudharsan and Jasprit Bumrah's availability will be subject to fitness clearance from the Centre of Excellence.

PC: AFP

#SaranshJain #SLvsIND #TeamIndia #CricketMatlabCREX",https://www.instagram.com/p/DbU443OAWOO/,DbU443OAWOO,https://instagram.fxds1-1.fna.fbcdn.net/v/t39.30808-6/759094188_1014327201367537_7207152922964969893_n.jpg?stp=dst-jpg_e15_fr_p1080x1080_tt6&_nc_ht=instagram.fxds1-1.fna.fbcdn.net&_nc_cat=101&_nc_oc=Q6cZ2gGmEVaNELZcGkA5xekubBHPQwVTUPOPKPqEIwJvD3u5MDCyn8zQfgA3PUA0CAhbzZA&_nc_ohc=mv4P3UTMDzsQ7kNvwHJ2_Bg&_nc_gid=CXih8vtcNTlKSpEEQhg5Hg&edm=ADp7STQAAAAA&ccb=7-5&oh=00_AQDTbHHS1L9OZcx30u9ltrB5kOSz7-xWwUAEN1D8gSoPtw&oe=6A6E04A3&_nc_sid=c6f216,False
https://www.instagram.com/crex.live_,8990,24,2026-07-27T16:06:01.000Z,Image,"VVS Laxman's record as India's stand-in Head coach in Bilateral series 👌🏽
.
.
.
.
#Cricket #VVSLaxman #TeamIndia #ZIMvIND #CricketMatlabCREX",https://www.instagram.com/p/DbTWq6sG5eo/,DbTWq6sG5eo,https://scontent-lhr11-1.cdninstagram.com/v/t39.30808-6/757954948_1013845778082346_4491471367772804923_n.jpg?stp=dst-jpg_e15_fr_p1080x1080_tt6&_nc_ht=scontent-lhr11-1.cdninstagram.com&_nc_cat=110&_nc_oc=Q6cZ2gGIYZ81gcxG6F06Yy2zZP-ez0JJQ2fI_-jfrF6II4rlr0erDkuexEUXiWFRw_LZGzc&_nc_ohc=A2JYrEdF1Q4Q7kNvwH21U28&_nc_gid=pMtyGHsDW-5WE5Ky4AB9ig&edm=ADp7STQAAAAA&ccb=7-5&oh=00_AQCA-sFpDqACcFUPUZYLxHf08lAMfYLHyY3GcCfhWma6bQ&oe=6A6E271F&_nc_sid=c6f216,False
https://www.instagram.com/crex.live_,3776,11,2026-07-27T14:51:21.000Z,Sidecar,"Perspective over pressure 🫡
.
.
.
.
#Cricket #SanjuSamson #TeamIndia #CricketMatlabCREX",https://www.instagram.com/p/DbTOILNm4eC/,DbTOILNm4eC,https://scontent-mxp1-1.cdninstagram.com/v/t39.30808-6/758808168_1013794848087439_2493928456814161314_n.jpg?stp=dst-jpg_e35_tt6&_nc_cat=106&ig_cache_key=Mzk1MDU2MzQxNzg1MDA2NjgyNQ%3D%3D.3-ccb7-5&ccb=7-5&_nc_sid=58cdad&efg=eyJ2ZW5jb2RlX3RhZyI6IkNBUk9VU0VMX0lURU0ueHBpZHMuMTA4MC5zZHIucmVndWxhcl9waG90by5DMyJ9&_nc_ohc=Q40tKNyesB0Q7kNvwE4QOaw&_nc_oc=AdqRq1JPqAIG4WU7O-JEkicMcKx8VlVd3UGb9LLHtChrywq3kfS-chlQNZKbiVWdg1Q&_nc_zt=23&_nc_ht=scontent-mxp1-1.cdninstagram.com&_nc_gid=RxNMQSNkci6qzp1Ucit-9A&_nc_ss=7ca8c&oh=00_AQCZTM4xPUjO0R6DiPq0H4HnIsW0WRk1i4lwMqGnfpAvSw&oe=6A6E128D,False
https://www.instagram.com/crex.live_,424,5,2026-07-27T13:19:43.000Z,Video,"Rating players from India vs Zimbabwe T20 series 👀

#indvszim #TeamIndia 

[T20 cricket, T20 series, india vs Zimbabwe, vaibhav Suryavanshi, Ishan Kishan, Tilak Varma, Blessing Muzarabani]",https://www.instagram.com/p/DbTDdCNCy9Z/,DbTDdCNCy9Z,https://scontent-cdg4-1.cdninstagram.com/v/t51.82787-15/755693040_17976801720086284_3245739559026946080_n.jpg?stp=dst-jpg_e15_tt6&_nc_ht=scontent-cdg4-1.cdninstagram.com&_nc_cat=104&_nc_oc=Q6cZ2gFpaVVS5EsaUUFP0ic2sqNefAsDPXEJJ_17rJNCQXKdLYqWaCdIoEaykQYp-3Xd8PI&_nc_ohc=70IBOk_p1ecQ7kNvwFPUjFi&_nc_gid=p4BWp7cM41Bp3Asx0GHK0w&edm=ADp7STQBAAAA&ccb=7-5&oh=00_AQC-VIbkdjYvW8LEXavv2lbQ7H6GCKg1xjMR2FhwRi9txw&oe=6A6E1BB4&_nc_sid=c6f216,False
https://www.instagram.com/crex.live_,65548,334,2026-07-27T13:18:18.000Z,Image,"Trade Rumors: A report from Times Of India Tamil mentioned that Delhi Capitals are ready to offload their skipper Axar Patel and opener Prithvi Shaw to bring in Hardik Pandya to the team. 

The offer meets the demands of both teams because Capitals require a quality all-rounder, while Mumbai Indians are hunting for a spin-bowling all-rounder. At present, the deal is in nascent stage and there is no advance stage.

Although, the latest report hints that Hardik Pandya's possible trade to Chennai Super Kings has been called off due to a deadlock.
.
.
.
.
#Cricket #HardikPandya #AxarPatel #MumbaiIndians #DelhiCapitals #CricketMatlabCREX",https://www.instagram.com/p/DbTDee-myhR/,DbTDee-myhR,https://scontent-lga3-3.cdninstagram.com/v/t39.30808-6/758617240_1013721274761463_7633243409537621571_n.jpg?stp=dst-jpg_e15_fr_p1080x1080_tt6&_nc_ht=scontent-lga3-3.cdninstagram.com&_nc_cat=1&_nc_oc=Q6cZ2gHRLceTbAVrqpHJmarMZ__QMqOoLo3gLyaVjs9xZSXClZQocGcAtX4vmAAJVZwbdw8&_nc_ohc=Lw5Jy5jfvtsQ7kNvwEdfViH&_nc_gid=wQSwjwAeAfUF-F3MAcHEkw&edm=ADp7STQAAAAA&ccb=7-5&oh=00_AQBOoP3LiU78UC7zJXIUhYo5SJM87NNfqZ2RNnmwEAIFEA&oe=6A6E1282&_nc_sid=c6f216,False
https://www.instagram.com/crex.live_,4344,16,2026-07-27T11:09:32.000Z,Sidecar,"A true leader doesn’t need the armband to guide his team. 🫡

SKY making sure the boys keep their heads high! 🙌🏼
.
.
.
.
#Cricket #AbhishekSharma #SuryakumarYadav #TeamIndia #CricketMatlabCREX",https://www.instagram.com/p/DbS0veem3hg/,DbS0veem3hg,https://instagram.fgdl5-1.fna.fbcdn.net/v/t39.30808-6/755141601_1013631271437130_6983877066929115118_n.jpg?stp=dst-jpg_e35_tt6&_nc_cat=103&_nc_map=urlgen_bucketless&ig_cache_key=Mzk1MDQ1MTc2Njk3OTEzODE2Mg%3D%3D.3-ccb7-5&ccb=7-5&_nc_sid=58cdad&efg=eyJ2ZW5jb2RlX3RhZyI6IkNBUk9VU0VMX0lURU0ueHBpZHMuMTA4MC5zZHIucmVndWxhcl9waG90by5DMyJ9&_nc_ohc=fz-VFpsRy5oQ7kNvwETToLi&_nc_oc=AdqjXrFyfQ_tIeDAFRd8Vo6Mt7QIwe_7w7uSFikwSX3FbfEaQld3y35J5nG0n4n_nIY&_nc_zt=23&_nc_ht=instagram.fgdl5-1.fna&_nc_gid=1o6SWnyRohjnSX7iQMAd3A&_nc_ss=72a8c&oh=00_AQCu9TGEV5t6xaT4OnNnFFhNTSpJO5Brhe1AqML88O2R_w&oe=6A6E0630,False
https://www.instagram.com/crex.live_,719,2,2026-07-27T09:15:11.000Z,Image,"Head Coach VVS Laxman speaks on 15-year-old Vaibhav Sooryavanshi’s incredible spirit and fighting attitude, while noting overall fitness as an area for development.
.
.
.
.
#Cricket #VaibhavSuryavanshi #TeamIndia #CricketMatlabCREX",https://www.instagram.com/p/DbSnp2VCS1e/,DbSnp2VCS1e,https://scontent-waw2-2.cdninstagram.com/v/t39.30808-6/756339067_1013561074777483_3843710129401048422_n.jpg?stp=dst-jpg_e15_fr_p1080x1080_tt6&_nc_ht=scontent-waw2-2.cdninstagram.com&_nc_cat=107&_nc_oc=Q6cZ2gH7D7rMNF31w7Qd06eBioiFsOuQbO337T_wH_4c_chiq5ijxSraBfRWPZot_l4qMXg&_nc_ohc=qIafRntSUDAQ7kNvwGJl8LB&_nc_gid=4qxIBvgHyqHfCEnFG70Qfw&edm=ADp7STQAAAAA&ccb=7-5&oh=00_AQBGwYlkRxGjZcMjtNe1QJqzhTAOhWzRNQk0dAlIg3tXVA&oe=6A6E0FF3&_nc_sid=c6f216,False
https://www.instagram.com/crex.live_,13948,71,2026-07-27T06:43:02.000Z,Video,"The real truth behind the changes in Team India's support staff ft. @vimalwa
.
.
.
.
#Cricket #gautamgambhir #teamindia #CricketMatlabCREX",https://www.instagram.com/p/DbSV2oxi2_c/,DbSV2oxi2_c,https://instagram.fsqx1-1.fna.fbcdn.net/v/t51.82787-15/757656930_17976778290086284_556842301701231711_n.jpg?stp=dst-jpg_e15_tt6&_nc_ht=instagram.fsqx1-1.fna.fbcdn.net&_nc_cat=104&_nc_oc=Q6cZ2gHJrIll0nvdpooUh-gJR2SNDN0N4c7_-vUZgvcAS9qSCoK5Z61kaIXkoxxg94Mtm8Q&_nc_ohc=cloAKYR4gikQ7kNvwGdRmHj&_nc_gid=qaUgdCuA_ISV4pdGD4pA7Q&edm=ADp7STQBAAAA&ccb=7-5&oh=00_AQAVaGcV5sVMck5LO9tpCif11mB2IIP1RwOKd53vDCoRbQ&oe=6A6E1DFA&_nc_sid=c6f216,False
https://www.instagram.com/crex.live_,419,2,2026-07-26T14:43:21.000Z,Sidecar,"Team India bounced back strongly after a tough UK tour as they defeated Zimbabwe 3–0 on their home turf.. 🎯🇮🇳

Plenty of positives from the series:
• Vaibhav's fearless, consistent batting on the big stage. 💥
• Ishan Kishan and Tilak Varma back among the runs 🔥
• Mayank Yadav's brilliant comeback ⚡
• Impressive performances from debutants Yash Thakur and Ashok Sharma 👏
• Team India back on the winning track.🇮🇳

#ShreyasIyer #VaibhavSooryavanshi #ZIMvsIND #CricketMatlabCREX",https://www.instagram.com/p/DbQoanwgaOZ/,DbQoanwgaOZ,https://instagram.flba1-1.fna.fbcdn.net/v/t39.30808-6/756953450_1012947318172192_7922644509308780607_n.jpg?stp=dst-jpg_e35_tt6&_nc_cat=102&ig_cache_key=Mzk0OTgzNDU5NjA1NjYzNTg0NQ%3D%3D.3-ccb7-5&ccb=7-5&_nc_sid=58cdad&efg=eyJ2ZW5jb2RlX3RhZyI6IkNBUk9VU0VMX0lURU0ueHBpZHMuMTA4MC5zZHIucmVndWxhcl9waG90by5DMyJ9&_nc_ohc=rylgsT0RrpMQ7kNvwFOorZL&_nc_oc=AdrLt9yXDjfBiR2GeefGSH13xxPyl3EfI7wpnUrc3SrOPFK-qPxXhmr1uzzotH29dxI&_nc_zt=23&_nc_ht=instagram.flba1-1.fna&_nc_gid=3He5LSHc7Q-ZSvbXvv1tNg&_nc_ss=72289&oh=00_AQDBD6Vgio7fP-XmT3s3CxKnIUBe-RqTmL1YjND06TALkA&oe=6A6E2733,False
https://www.instagram.com/crex.live_,32380,75,2026-07-26T14:09:26.000Z,Image,"Kung Fu Pandya will be back in business 🙌

Hardik Pandya is officially fit and available to play both ODIs and T20Is starting this August. 🇮🇳

🗞️: Kushan Sarkar (PTI)
.
.
.
.
#Cricket #HardikPandya #TeamIndia #CricketMatlabCREX",https://www.instagram.com/p/DbQkiJLm7-m/,DbQkiJLm7-m,https://instagram.fsvq4-2.fna.fbcdn.net/v/t39.30808-6/755364529_1012924888174435_8599312649421548378_n.jpg?stp=dst-jpg_e15_fr_p1080x1080_tt6&_nc_ht=instagram.fsvq4-2.fna.fbcdn.net&_nc_cat=107&_nc_oc=Q6cZ2gF6AOwI9NRzMSiCYrgCdAV0n9HxZRjoKNsjo5xWtSz2pOUsRv-FHfQfQA9wsA14peY&_nc_ohc=rbjTFDCTJzUQ7kNvwGLRr5g&_nc_gid=_VkDPhRxd2_EAeT_0eh40A&edm=ADp7STQAAAAA&ccb=7-5&oh=00_AQAJeWeGgW3X9GDwgPp3rJiSvUcGdEKY161H6uyOh-jWyg&oe=6A6E2319&_nc_sid=c6f216,False
https://www.instagram.com/crex.live_,5341,10,2026-07-26T13:52:00.000Z,Sidecar,"Vaibhav Suryavanshi put on an absolute masterclass against Zimbabwe in the 3-match T20I series.

📊 Most Runs- 151
🚀 Most Sixes- 9
⚡ Highest Strike Rate-196.10

The future is here! 
.
.
.
.
#Cricket #VaibhavSuryavanshi #TeamIndia #ZIMvIND #CricketMatlabCREX",https://www.instagram.com/p/DbQiijBmyPU/,DbQiijBmyPU,https://instagram.fblq3-2.fna.fbcdn.net/v/t39.30808-6/755952314_1012909334842657_2646708565588487919_n.jpg?stp=dst-jpg_e35_tt6&_nc_cat=107&ig_cache_key=Mzk0OTgwODc2NzU1OTQ5MDQzOA%3D%3D.3-ccb7-5&ccb=7-5&_nc_sid=58cdad&efg=eyJ2ZW5jb2RlX3RhZyI6IkNBUk9VU0VMX0lURU0ueHBpZHMuMTA4MC5zZHIucmVndWxhcl9waG90by5DMyJ9&_nc_ohc=-OUaKg_3XCoQ7kNvwH_lz6S&_nc_oc=AdoufsXHYyMQgBb0uF2SEAp34ANDOdgFLBYD3rUljsx2TXy8_DnYt_fxD3vI7opgPCg&_nc_zt=23&_nc_ht=instagram.fblq3-2.fna&_nc_gid=RkQxLGR92s7toQZkxtF10w&_nc_ss=72a8c&oh=00_AQBXVMmPR6PDuqZgV08h_RoJcRxHHNF3brg4o966V-9tXw&oe=6A6E2A04,False
https://www.instagram.com/crex.live_,3329,29,2026-07-26T12:30:09.000Z,Image,"Unwanted record for former No.1 ranked T20I batter 😬

*Including top 7 Batter only
.
.
.
.
#Cricket #AbhishekSharma #ZIMvIND #CricketMatlabCREX",https://www.instagram.com/p/DbQZLCvm-qX/,DbQZLCvm-qX,https://scontent-phl2-1.cdninstagram.com/v/t39.30808-6/755034742_1012856984847892_8775874717566926582_n.jpg?stp=dst-jpg_e15_fr_p1080x1080_tt6&_nc_ht=scontent-phl2-1.cdninstagram.com&_nc_cat=104&_nc_oc=Q6cZ2gH1R8EVluKbJdOBqlNgthzhBfidk0r0_-Iwatf63Oz31OIl_By6rogFTeO2NAtwjuQ&_nc_ohc=y9POPtDV1L0Q7kNvwEWf9BL&_nc_gid=kzl2x90h4MhI2ldlFYeObw&edm=ADp7STQAAAAA&ccb=7-5&oh=00_AQBkihIgIgTFOO8FaPRFYZy_Hl_acbpVvhycmsyRmcfjYA&oe=6A6E2F77&_nc_sid=c6f216,False
https://www.instagram.com/crex.live_,265,4,2026-07-26T11:54:04.000Z,Image,"1st T20I: Got him. 
2nd T20I: Got him again. 
3rd T20I: Make it a trilogy! 🎬

Complete dominance from Blessing Muzarabani!
.
.
.
.
#Cricket #AbhishekSharma #TeamIndia #ZIMvIND #CricketMatlabCREX",https://www.instagram.com/p/DbQVCqSG-Kq/,DbQVCqSG-Kq,https://scontent-mad2-1.cdninstagram.com/v/t39.30808-6/756632383_1012834431516814_302694190489304319_n.jpg?stp=dst-jpg_e15_fr_p1080x1080_tt6&_nc_ht=scontent-mad2-1.cdninstagram.com&_nc_cat=110&_nc_oc=Q6cZ2gESy7yMvizWMYxZq0KY3qUe8C5w1R2y2zEszAOQj3X85tghH9YioVorHzR8-kn87TU&_nc_ohc=q6LjCYFRKGgQ7kNvwHbQ8v3&_nc_gid=hiGb9EgsCO7WJyAtaq9ITQ&edm=ADp7STQAAAAA&ccb=7-5&oh=00_AQA468J9qLGC5Ory85-iIMMoXmdWFKRnh6PqoBrPtSAbIg&oe=6A6E1697&_nc_sid=c6f216,False
https://www.instagram.com/crex.live_,4466,16,2026-07-26T11:46:03.000Z,Image,"FIFTY No. 2 for 15-year-old Vaibhav Sooryavanshi! 🔥

What a remarkable tour of Zimbabwe he has had! 🇮🇳

#vaibhavsooryavanshi #ZIMvsIND #CricketMatlabCREX",https://www.instagram.com/p/DbQUH9VAQ61/,DbQUH9VAQ61,https://scontent-cdg4-1.cdninstagram.com/v/t39.30808-6/758488752_1012828758184048_1865136550601266420_n.jpg?stp=dst-jpg_e15_fr_p1080x1080_tt6&_nc_ht=scontent-cdg4-1.cdninstagram.com&_nc_cat=104&_nc_oc=Q6cZ2gEpnWav3ZbR_4yIJpzE65ymkVbECawj7KE_Nc7KBW67GmJEYbIaSbTRx-i_DAukBYg&_nc_ohc=S8Rgjx3AzGsQ7kNvwG_HKBZ&_nc_gid=5z9an9k61BPqRdjHFFegEg&edm=ADp7STQAAAAA&ccb=7-5&oh=00_AQBWY-2GDad_RLDG8sYEPWTz1bzGUe0Jp9l8sOY5DX4lcA&oe=6A6E27E4&_nc_sid=c6f216,False
https://www.instagram.com/crex.live_,6405,30,2026-07-26T08:52:02.000Z,Image,"Team India's combination taking a few hits ahead of the Sri Lanka Tests 🚨

Washington Sundar misses the opener, while Harshit Rana and Nitish Kumar Reddy are unavailable.

Bumrah's return depends on his fitness evaluation at the COE post-July 30, and Sai Sudharsan is working his way back.

{Abhishek Tripathi}
.
.
.
.
#Cricket #TeamIndia #TestCricket #INDvSL #CricketMatlabCREX",https://www.instagram.com/p/DbQANdqlvfL/,DbQANdqlvfL,https://scontent-yyz1-1.cdninstagram.com/v/t39.30808-6/756790426_1012724381527819_1689221047504055216_n.jpg?stp=dst-jpg_e15_fr_p1080x1080_tt6&_nc_ht=scontent-yyz1-1.cdninstagram.com&_nc_cat=107&_nc_oc=Q6cZ2gFxz0NBlroWuek166jTUQtbpYHiNDYZAccw--MD0v2g-t56IPU-zcFDEYmayF09CM4&_nc_ohc=G8HEdCoxDxwQ7kNvwFPctHm&_nc_gid=x5PyJ20dfHLtx5_uKNDlhA&edm=ADp7STQAAAAA&ccb=7-5&oh=00_AQDFAey5OFs1gU0ylSgYJzEkm-75ZM7QDPBQmoQNYnYy5A&oe=6A6E2700&_nc_sid=c6f216,False
https://www.instagram.com/starsportstelugu,976,3,2026-07-28T06:08:26.000Z,Image,"శ్రీలంకతో జరగనున్న 2 మ్యాచ్‌ల టెస్ట్ సిరీస్‌కు స్క్వాడ్‌ను అనౌన్స్ చేసిన సెలెక్టర్లు! 

#TeamIndia #SLvIND",https://www.instagram.com/p/DbU3CzUnFxX/,DbU3CzUnFxX,https://scontent-dfw5-1.cdninstagram.com/v/t51.82787-15/759280180_18108678407040407_52796567182856169_n.jpg?stp=dst-jpg_e15_tt6&_nc_ht=scontent-dfw5-1.cdninstagram.com&_nc_cat=111&_nc_oc=Q6cZ2gELpZ9BBWz6cZ1vVmHMXpUGZzSZI36GvG2dJNtNAaU-rL3vhiBId1SSXj8jvhq-KYg8B92NV9l-IWSKa06OEX74&_nc_ohc=_uXno9zxrMsQ7kNvwE-nU90&_nc_gid=hRSzgQlyrev6FkDlIOoFiA&edm=ADp7STQBAAAA&ccb=7-5&oh=00_AQC6BlsrNLemnIq9I7JmDl9A7IYvhSlCBsxidnhz6tghyg&oe=6A6E33CC&_nc_sid=c6f216,False
https://www.instagram.com/starsportstelugu,1010,4,2026-07-28T03:30:15.000Z,Video,"ఈ స్పిన్ కాంబో గురించి మీరేమంటారు ?🤔

#Mission2027",https://www.instagram.com/p/DbTFk0RgRRw/,DbTFk0RgRRw,https://scontent-dus1-1.cdninstagram.com/v/t51.82787-15/756603834_18108669446040407_7391360634735899011_n.jpg?stp=dst-jpg_e15_fr_p1080x1080_tt6&_nc_ht=scontent-dus1-1.cdninstagram.com&_nc_cat=111&_nc_oc=Q6cZ2gFrCvuP1jsl0XRHWqO_QxwJnqBGvz9iZ6xkBc_6skCsk8Zg8sW_Y0mJ9OjPu0uZC9E&_nc_ohc=fYC2PEMRH1UQ7kNvwF_1hLV&_nc_gid=ihbLbdoFSCgW5m2iaM6rqQ&edm=ADp7STQBAAAA&ccb=7-5&oh=00_AQC-cT5B8h1AFV7OJCORIZOSwMgTAHZ6s_zsDPpTeuNR6w&oe=6A6E33E4&_nc_sid=c6f216,False
https://www.instagram.com/starsportstelugu,3453,11,2026-07-27T13:30:23.000Z,Video,"సిరాజ్‌లోని ఆటిట్యూడ్ చాలా హెల్ప్ అవుతుంది 😎

#Mission2027",https://www.instagram.com/p/DbRZwLkiSvu/,DbRZwLkiSvu,https://scontent-dus1-1.cdninstagram.com/v/t51.82787-15/756873122_18108615557040407_4174876848725447311_n.jpg?stp=dst-jpg_e15_fr_p1080x1080_tt6&_nc_ht=scontent-dus1-1.cdninstagram.com&_nc_cat=111&_nc_oc=Q6cZ2gFQmVrw52e0j_XM_a5_B0fbcVMRRDzL9Gai0XjYuPkb4B4nbDHh8bKguT4WN3P7qh4&_nc_ohc=z1YJ8b0q-fUQ7kNvwEX-3Ei&_nc_gid=ms0LtlN4rq9ZAtZHent22Q&edm=ADp7STQBAAAA&ccb=7-5&oh=00_AQD8iRmqIdmiOQit00i12hI035HGb65IOzCNfzm-rqu_2A&oe=6A6E1F64&_nc_sid=c6f216,False
https://www.instagram.com/starsportstelugu,2968,8,2026-07-27T08:30:13.000Z,Video,"టీమిండియా జాగ్రత్తగా కాపాడుకోవాల్సిన ప్లేయర్💙

#Mission2027",https://www.instagram.com/p/DbQYDZzgN44/,DbQYDZzgN44,https://instagram.fbne8-1.fna.fbcdn.net/v/t51.82787-15/755868133_18108592490040407_5619484144083772092_n.jpg?stp=dst-jpg_e15_fr_p1080x1080_tt6&_nc_ht=instagram.fbne8-1.fna.fbcdn.net&_nc_cat=111&_nc_oc=Q6cZ2gG_wW9lOvCxkFv54W79E1nZqW2MeeqgmdwO7nm3iy7yTWZUvUF1GAGn-KApUiINxr0&_nc_ohc=_yccL9whr9oQ7kNvwHhrISu&_nc_gid=KWb3GWFrOC8OrtpGsKGH9w&edm=ADp7STQBAAAA&ccb=7-5&oh=00_AQDegowFeuRTcLMtHqvbOTXV_-zBVvsX0vrHVDNUl--Ahg&oe=6A6E10EA&_nc_sid=c6f216,False
https://www.instagram.com/starsportstelugu,3931,33,2026-07-27T03:30:14.000Z,Video,"⁨	ఈ ఆరుగురు టీమ్‌‌లో సాలిడ్ ప్లేయర్స్ 😎✊🏼

#Mission2027⁩",https://www.instagram.com/p/DbQYSn3FK-W/,DbQYSn3FK-W,https://instagram.fcdg2-1.fna.fbcdn.net/v/t51.82787-15/757331805_18108575054040407_4835498689065142330_n.jpg?stp=dst-jpg_e15_fr_p1080x1080_tt6&_nc_ht=instagram.fcdg2-1.fna.fbcdn.net&_nc_cat=111&_nc_oc=Q6cZ2gGMof10_0A2pmWEbPQXhK26feg7d1A-TruOuB1DMx2tgRSPO8ShBEK2xHN7yAEPERvsUT1SXyK6ECqwLJb57Tl4&_nc_ohc=rQsskoGneNkQ7kNvwFOpkZY&_nc_gid=2t3X-R8BrIEBrcHV5ljf-g&edm=ADp7STQBAAAA&ccb=7-5&oh=00_AQC8y2aJ2YIESGEEzOmJqwA7EJjergoUfX9HT4tbucu6gw&oe=6A6E38B0&_nc_sid=c6f216,False
https://www.instagram.com/starsportstelugu,1220,3,2026-07-26T16:56:34.000Z,Image,"కామన్‌వెల్త్ గేమ్స్‌లో బంగారు పతకం గెలిచిన మీరాబాయ్ చాను 🥇👑

#MirabaiChanu #CWG2026",https://www.instagram.com/p/DbQ3nXyioOo/,DbQ3nXyioOo,https://scontent-man2-1.cdninstagram.com/v/t51.82787-15/756137996_18108534728040407_5765010467976646671_n.jpg?stp=dst-jpg_e15_tt6&_nc_ht=scontent-man2-1.cdninstagram.com&_nc_cat=111&_nc_oc=Q6cZ2gHgc3FvAhd7ClvN65j9edf7swcgTR8JoaBNKQbxjMY3r80i9nynES8Gu9AQ0ZXYcfo&_nc_ohc=uNdRSTx9_aEQ7kNvwEJVYpP&_nc_gid=8llUYbThGgPnV53Q4sIudw&edm=ADp7STQBAAAA&ccb=7-5&oh=00_AQBoy4xFQFr1NpG3hiRKG8Lsk5hzTj4O4mrbiM_xMIaPOQ&oe=6A6E1BFA&_nc_sid=c6f216,False
https://www.instagram.com/starsportstelugu,10303,8,2026-07-26T16:50:24.000Z,Sidecar,"తిరిగి విన్నింగ్ ట్రాక్ ఎక్కిన టీమిండియా 😎

#ZIMvIND",https://www.instagram.com/p/DbQ26R0FCP3/,DbQ26R0FCP3,https://instagram.fjdo1-2.fna.fbcdn.net/v/t51.82787-15/756661531_18108534218040407_710493513053247671_n.jpg?stp=dst-jpg_e35_tt6&_nc_cat=100&ig_cache_key=Mzk0OTg5ODMxNTM2MjIxMTIxNg%3D%3D.3-ccb7-5&ccb=7-5&_nc_sid=58cdad&efg=eyJ2ZW5jb2RlX3RhZyI6IkNBUk9VU0VMX0lURU0ueHBpZHMuNzIwLnNkci5yZWd1bGFyX3Bob3RvLkMzIn0%3D&_nc_ohc=7AfTYp4BgDYQ7kNvwG7Qh1b&_nc_oc=Adp1xSYxyqUCb71V2oPhEcEkVYBD6veFUO6FFjTiA9z9_1YEYNcd1-p3IDsjAGgU0qs&_nc_zt=23&_nc_ht=instagram.fjdo1-2.fna&_nc_gid=Uj2l_a1QyFRH7AYzoGUCqw&_nc_ss=72a8c&oh=00_AQAIpPbGCAerltXCq3V6qu3y6DEckY7rHuDdGayPTkrqgg&oe=6A6E094A,False
https://www.instagram.com/starsportstelugu,5928,53,2026-07-26T13:30:13.000Z,Video,"⁨	ఏ గేర్‌లో అయినా పెర్ఫార్మన్స్ పీక్‌లో ఉంటుంది 😎

#Mission2027⁩",https://www.instagram.com/p/DbObbqjCdj7/,DbObbqjCdj7,https://instagram.fvlc7-1.fna.fbcdn.net/v/t51.82787-15/756661525_18108514781040407_4660853539092941226_n.jpg?stp=dst-jpg_e15_fr_p1080x1080_tt6&_nc_ht=instagram.fvlc7-1.fna.fbcdn.net&_nc_cat=111&_nc_oc=Q6cZ2gHkkZxl2Vva_ohLIU3pkBDJF3PVjfNxDeQZxNqP9y0bQt1yyap_NNOxiIXHmiaWMj4&_nc_ohc=F8--DZfxPN4Q7kNvwF_f8Rf&_nc_gid=vuVfuf8_-JMNCKqTfIFYAw&edm=ADp7STQBAAAA&ccb=7-5&oh=00_AQDCoxSb76V2U9pQoDa1kQ-tFaGNEbbn0aN95eS8kDk--A&oe=6A6E324C&_nc_sid=c6f216,False
https://www.instagram.com/starsportstelugu,5917,306,2026-07-26T11:01:21.000Z,Image,"హెలికాప్టర్ + గ్లోవ్స్ = ?

తెలిస్తే కామెంట్ చేయండి! 👇",https://www.instagram.com/p/DbQPAIaII-p/,DbQPAIaII-p,https://scontent-waw2-1.cdninstagram.com/v/t51.82787-15/758386648_18108504116040407_8338177711575118692_n.webp?stp=dst-jpg_e35_p1080x1080_sh2.08_tt6&_nc_ht=scontent-waw2-1.cdninstagram.com&_nc_cat=111&_nc_oc=Q6cZ2gHIIi6UJUfzv8AiYQyoL_tLQHdrJuoLuCFeJUNfu2pomtCJE7nG6quo-hIdMMDT7Us&_nc_ohc=zsu_BigiSqYQ7kNvwH8fVWw&_nc_gid=OjrUtxhR4phnpopSXf3aIw&edm=ADp7STQBAAAA&ccb=7-5&oh=00_AQCneWKjunq2f7Bn5VxOfIN1OxyL6_g-h2af4zdNld7jLw&oe=6A6E2020&_nc_sid=c6f216,False
https://www.instagram.com/starsportstelugu,1776,17,2026-07-26T08:30:13.000Z,Video,"మరి టీమిండియాలో మీకు ❎ ఫాక్టర్ ఎవరో కామెంట్ చేయండి

#Mission2027",https://www.instagram.com/p/DbOHZs6AeK0/,DbOHZs6AeK0,https://instagram.ffxe1-1.fna.fbcdn.net/v/t51.82787-15/755949453_18108493703040407_7014638586089861120_n.jpg?stp=dst-jpg_e15_fr_p1080x1080_tt6&_nc_ht=instagram.ffxe1-1.fna.fbcdn.net&_nc_cat=111&_nc_oc=Q6cZ2gFr5d2Rp_S5PhPBR_lkzFY_qIoBiUV6nCIAClrvMPPKVYnRjKgaeb2D98rQn2QdpGk&_nc_ohc=5Eh65D6IO2AQ7kNvwGGCp3J&_nc_gid=epbeUYSkpwKqkQVxo_n7ow&edm=ADp7STQBAAAA&ccb=7-5&oh=00_AQAHaAayx7fb6Xwbg3-r1n-ETlZ2N3Shl2g4pKiT2LClBg&oe=6A6E2278&_nc_sid=c6f216,False
https://www.instagram.com/starsportstelugu,4014,7,2026-07-26T07:33:04.000Z,Image,"జింబాబ్వేపై 2వ మ్యాచ్‌లో గెలవడంతో.. 
ICC T20I టీమ్ ర్యాంకింగ్స్‌లో తిరిగి టాప్ పొజిషన్‌కు చేరిన టీమిండియా 🫡😎

📷: BCCI",https://www.instagram.com/p/DbP3IFRirPA/,DbP3IFRirPA,https://scontent-mrs2-3.cdninstagram.com/v/t51.82787-15/755349440_18108488747040407_833100757521036884_n.jpg?stp=dst-jpg_e15_tt6&_nc_ht=scontent-mrs2-3.cdninstagram.com&_nc_cat=111&_nc_oc=Q6cZ2gFOayawpl5wuy_Kk1ovKA1TIIyemh9U2oh35NWrvvRaGCu8OjYGJOBgxx8ACZjAPrWtlPyoqGcuy0oZK_kf5Onl&_nc_ohc=PYBhx9qky5UQ7kNvwHF_0Ik&_nc_gid=4fiVXWCIGTTZz7PwhskWVw&edm=ADp7STQBAAAA&ccb=7-5&oh=00_AQBMu88YhA_xTQOuxDxIxAvytPFVRA542zAeSHJ2z1XcgA&oe=6A6E0B13&_nc_sid=c6f216,False
https://www.instagram.com/starsportstelugu,4522,10,2026-07-26T03:30:13.000Z,Video,"టీమిండియా ❎ ఫాక్టర్స్ 
బ్యాటింగ్‌లో విరాట్ బౌలింగ్‌లో బుమ్రా 💥

#Mission2027",https://www.instagram.com/p/DbN_I6VFCXC/,DbN_I6VFCXC,https://scontent-mad2-1.cdninstagram.com/v/t51.82787-15/755246269_18108470975040407_632423997930516892_n.jpg?stp=dst-jpg_e15_fr_p1080x1080_tt6&_nc_ht=scontent-mad2-1.cdninstagram.com&_nc_cat=111&_nc_oc=Q6cZ2gF1M1GWko-1v75AmYkmjCVq36n-RE-qc4Ce8CTDNOEPGNCRhyHC8oiZfvoHrESjRWtnXy6OAjKXJBtXy3MAjOtm&_nc_ohc=ja5he6w1lcQQ7kNvwEIXoYA&_nc_gid=6HiFYDktJn_7y7dVA820QA&edm=ADp7STQBAAAA&ccb=7-5&oh=00_AQB4fhobN6K-7JtTBotiw2P4thW_NrSTXdrMHhNr8rqiHA&oe=6A6E3944&_nc_sid=c6f216,False
https://www.instagram.com/starsportstelugu,1756,6,2026-07-25T13:30:15.000Z,Video,"ఈ ముగ్గురు టీమిండియా అల్ రౌండర్స్ చాలా ఇంపార్టెంట్ 💙💙💙

#Mission2027",https://www.instagram.com/p/DbMOG-qE3Aw/,DbMOG-qE3Aw,https://scontent-lhr11-1.cdninstagram.com/v/t51.82787-15/755208066_18108408287040407_7668362855322300915_n.jpg?stp=dst-jpg_e15_fr_p1080x1080_tt6&_nc_ht=scontent-lhr11-1.cdninstagram.com&_nc_cat=111&_nc_oc=Q6cZ2gEp9cFDDb7nzfrOaM8_h4GCjHeMOD5obZySvBZGUAuA5S2J51zYhH7IY6snBoB7ffQ&_nc_ohc=dO0Z1_gPc80Q7kNvwEN1Ydf&_nc_gid=LQWc4Z5x3GVcEja_gQletg&edm=ADp7STQBAAAA&ccb=7-5&oh=00_AQCfoxiat08vKyVfuvd9z77CQ26Lzsk7gp2eLfXn8BnpSw&oe=6A6E2A15&_nc_sid=c6f216,False
https://www.instagram.com/starsportstelugu,6013,15,2026-07-25T08:30:14.000Z,Video,"రోహిత్ శర్మ ఉంటె వరల్డ్ కప్ వేరే లెవెల్‌లో ఉంటుంది 🏏 😎

#Mission2027",https://www.instagram.com/p/DbMGSvCFGWI/,DbMGSvCFGWI,https://scontent-phx1-1.cdninstagram.com/v/t51.82787-15/756661974_18108387164040407_1633008076843253303_n.jpg?stp=dst-jpg_e15_fr_p1080x1080_tt6&_nc_ht=scontent-phx1-1.cdninstagram.com&_nc_cat=111&_nc_oc=Q6cZ2gGYfaP0O3PY4GB4_YFklDVgmAGweTKUU_qPttuqtiWzNYoWuKlhaRR2d1lrIEnGmJg&_nc_ohc=6jSPsafn0EUQ7kNvwF61dTO&_nc_gid=QncqrZYYeB_W_TBjUNnkWg&edm=ADp7STQBAAAA&ccb=7-5&oh=00_AQBrr6sqx-ELmoLnQ9wiceWRnHILJUj0WoVyZN89b0xpqg&oe=6A6E1DA9&_nc_sid=c6f216,False
https://www.instagram.com/starsportstelugu,6471,38,2026-07-25T04:25:18.000Z,Image,"షాట్‌లో తేడా లేదు.. కానీ ఫొటోలో 3 తేడాలున్నాయి! 
కనుక్కోండి చూద్దాం!

#Cricket",https://www.instagram.com/p/DbM82JICLPW/,DbM82JICLPW,https://scontent-ham3-1.cdninstagram.com/v/t51.82787-15/756682878_18108372038040407_6393570169521166909_n.jpg?stp=dst-jpg_e15_tt6&_nc_ht=scontent-ham3-1.cdninstagram.com&_nc_cat=111&_nc_oc=Q6cZ2gFQI7U9dBco5qN3IB0dcwQ-qLL0w41abd77GrfecBZPcWXw7ISuSmSB60fHJZOzrO0&_nc_ohc=xQozgFb4rqoQ7kNvwG7iOoJ&_nc_gid=0OEKbdIBaXyYRkWSPIyQrQ&edm=ADp7STQBAAAA&ccb=7-5&oh=00_AQBdj4PLoCyz4CyUWQdyGEuZnyMBXid6jbHug2ksEjLtQA&oe=6A6E0DBC&_nc_sid=c6f216,False
https://www.instagram.com/rajasthanroyals,16082,88,2026-07-28T05:37:58.000Z,Sidecar,"the waRRior returns to International cricket 👌💕

#TeamIndia | #SLvIND | [Ravindra Jadeja]",https://www.instagram.com/p/DbUzl7MjGoA/,DbUzl7MjGoA,https://scontent-phl2-1.cdninstagram.com/v/t51.82787-15/759850615_18610184506017203_3482621340836659342_n.heic?stp=dst-jpg_e35_tt6&_nc_cat=1&ig_cache_key=Mzk1MTAwOTI4MjY2Nzg1MTcyMQ%3D%3D.3-ccb7-5&ccb=7-5&_nc_sid=58cdad&efg=eyJ2ZW5jb2RlX3RhZyI6IkNBUk9VU0VMX0lURU0ueHBpZHMuMTQ0MC5zZHIucmVndWxhcl9waG90by5DMyJ9&_nc_ohc=e4GkjDOS3EEQ7kNvwGi1-tE&_nc_oc=AdqfEbe3JUr4NnbmIiytSBS2c0vrq87B6OXvBT8EftgscYWx2HqSDSLJ9MmhiLFyvcI&_nc_zt=23&_nc_ht=scontent-phl2-1.cdninstagram.com&_nc_gid=r6giipJJF3fe8Ue3lLs9OQ&_nc_ss=72a8c&oh=00_AQDe9tBxYwzXfPURIX5KZmD9f2l0vipuUB8yINgr7qb7og&oe=6A6E1D9D,False
https://www.instagram.com/rajasthanroyals,12599,65,2026-07-28T05:08:48.000Z,Sidecar,"Big WTC points on the line as India name a full strength side to tour SL 🇮🇳

#TeamIndia | #SLvIND",https://www.instagram.com/p/DbUwQVYjHto/,DbUwQVYjHto,https://scontent-mxp2-1.cdninstagram.com/v/t51.82787-15/759880899_18610179226017203_56795692107984133_n.heic?stp=dst-jpg_e35_tt6&_nc_cat=1&ig_cache_key=Mzk1MDk5NDQwOTQwNTg0MDE4MA%3D%3D.3-ccb7-5&ccb=7-5&_nc_sid=58cdad&efg=eyJ2ZW5jb2RlX3RhZyI6IkNBUk9VU0VMX0lURU0ueHBpZHMuMTQ0MC5zZHIucmVndWxhcl9waG90by5DMyJ9&_nc_ohc=qoPiHp_jDzMQ7kNvwE3Miup&_nc_oc=AdqAofjaQ9adx7O3SiycE5BE6lQj2A4iXLDVpbDFxhA2SJxSb6nnIvM0xGmymv_s5H2xFbwlmKjUtvXTodlXsbhL&_nc_zt=23&_nc_ht=scontent-mxp2-1.cdninstagram.com&_nc_gid=X7BcgaInk8PmDIzg1OF_zw&_nc_ss=72a8c&oh=00_AQBciMpQxhGL06ONyyTRa8Q2vTU76Sjp2xNefZVSV0x6Sw&oe=6A6E2E66,False
https://www.instagram.com/rajasthanroyals,7967,41,2026-07-28T03:40:08.000Z,Video,"POV: Your feed needed a JaisBall refresh 💗🔥

#RoyalsFamily | #HallaBol",https://www.instagram.com/p/DbUmBSLssHz/,DbUmBSLssHz,https://instagram.fhyw1-1.fna.fbcdn.net/v/t51.82787-15/759688204_18610164925017203_333092444862876061_n.jpg?stp=dst-jpg_e15_tt6&_nc_ht=instagram.fhyw1-1.fna.fbcdn.net&_nc_cat=1&_nc_oc=Q6cZ2gFXZfEzu5aOW-yTfyWADYPVs5IMJe1eJZ2RkVPNcJM9q4hQwutR6hOChQLEpbid_Dw&_nc_ohc=NtTJqA89pX0Q7kNvwEBkxlr&_nc_gid=xDwMJslG2FuSaPf-fCx7kg&edm=ADp7STQBAAAA&ccb=7-5&oh=00_AQBq1HRCxQZoNXnkaahBOTqjVpELWpvztVG8rsy34fsPFw&oe=6A6E0558&_nc_sid=c6f216,False
https://www.instagram.com/rajasthanroyals,21670,60,2026-07-27T11:06:42.000Z,Image,"Player of the Match. Player of the Series. Only the beginning! 🇮🇳💗

#RoyalsFamily | #ZIMvIND | [Vaibhav Sooryavanshi, Team India]",https://www.instagram.com/p/DbS0aYJsgFq/,DbS0aYJsgFq,https://instagram.fbne15-1.fna.fbcdn.net/v/t51.82787-15/758427189_18609928543017203_7743276926577477149_n.heic?stp=dst-jpg_e35_p1080x1080_sh2.08_tt6&_nc_ht=instagram.fbne15-1.fna.fbcdn.net&_nc_cat=111&_nc_oc=Q6cZ2gGHlPHSoc88rWGOLJ67qdc1MPqd8swC1T0rEsk8jpMXtjR-OwYDRBxhlmNq5RXY5VM&_nc_ohc=KBBjp0RXgU4Q7kNvwFSAM0n&_nc_gid=AyCrFaxb4NRY_NnXYm8kfg&edm=ADp7STQBAAAA&ccb=7-5&oh=00_AQDfoO6gt_tA8g8aqE8sIzhxSKyA1J_QXMhrfiAIBWgSdw&oe=6A6E24AF&_nc_sid=c6f216,False
https://www.instagram.com/rajasthanroyals,13370,79,2026-07-27T09:24:33.000Z,Video,"When the groundsman said 𝘈𝘵𝘪 𝘚𝘶𝘯𝘥𝘢𝘳! 💗🥹

🎙️Welcome to Royals Overheard ft. Vaibhav Sooryavanshi 👌

#RoyalsFamily | #HallaBol | [Vaibhav Sooryavanshi]",https://www.instagram.com/p/DbSofwXP3px/,DbSofwXP3px,https://scontent-atl3-3.cdninstagram.com/v/t51.82787-15/758350505_18609905671017203_5540003641157567891_n.jpg?stp=dst-jpg_e15_tt6&_nc_ht=scontent-atl3-3.cdninstagram.com&_nc_cat=111&_nc_oc=Q6cZ2gE4r7m6oS6GibCIVQ6mS2xm4JYaXOVO8KRhZFTjlrZtzYEFaEIcvaJEKtQnebVcTr0&_nc_ohc=dDSMFkm8JE4Q7kNvwFi5Nh8&_nc_gid=Qpateo8GUiPr15AMLCEqSw&edm=ADp7STQBAAAA&ccb=7-5&oh=00_AQD8ecPuiGHdSqNGumAZT9_mNtGQv0aH1lEQI96bUQqctw&oe=6A6E30C1&_nc_sid=c6f216,False
https://www.instagram.com/rajasthanroyals,40880,68,2026-07-27T03:00:03.000Z,Sidecar,"Some innings are remembered for the runs but this innings will be remembered for the fight 👊❤️‍🔥 #OnThisDay

#TeamIndia | #ENGvIND",https://www.instagram.com/p/DbR80pmDPSV/,DbR80pmDPSV,https://instagram.fsac1-2.fna.fbcdn.net/v/t51.82787-15/758263489_18609756991017203_3413272456714139835_n.heic?stp=dst-jpg_e35_tt6&_nc_cat=103&ig_cache_key=Mzk1MDAwOTQ5MjgyMTUyODE3Ng%3D%3D.3-ccb7-5&ccb=7-5&_nc_sid=58cdad&efg=eyJ2ZW5jb2RlX3RhZyI6IkNBUk9VU0VMX0lURU0ueHBpZHMuMTQ0MC5zZHIucmVndWxhcl9waG90by5DMyJ9&_nc_ohc=eA5LZfat8U4Q7kNvwFf7Hce&_nc_oc=AdpKKNeQbvNwOaG46FJFUN1QLSaMJhShqG4bKMnEkoOk_B4yLLbbThVFYl-7vqVmU_A&_nc_zt=23&_nc_ht=instagram.fsac1-2.fna&_nc_gid=2c4dWEZyn0gWS2yLBnNggw&_nc_ss=72a8c&oh=00_AQDQfM-8VFBmOVIMYfZji_dnsOEMao6scXVwglI-XfhBXA&oe=6A6E346D,False
https://www.instagram.com/rajasthanroyals,97839,201,2026-07-26T18:54:08.000Z,Sidecar,"Capped off with a clean sweep 🇮🇳👍

#RoyalsFamily | #TeamIndia | #ZIMvIND",https://www.instagram.com/p/DbRFHcOEv86/,DbRFHcOEv86,https://scontent-ham3-1.cdninstagram.com/v/t51.82787-15/757374303_18609733441017203_3945630495708281764_n.jpg?stp=dst-jpg_e35_tt6&_nc_cat=103&ig_cache_key=Mzk0OTk2MDgzMzQyNjE2NTE0MQ%3D%3D.3-ccb7-5&ccb=7-5&_nc_sid=58cdad&efg=eyJ2ZW5jb2RlX3RhZyI6IkNBUk9VU0VMX0lURU0ueHBpZHMuMTA4MC5zZHIucmVndWxhcl9waG90by5DMiJ9&_nc_ohc=uRq0XGoErhEQ7kNvwHvzUdS&_nc_oc=AdoptSDerX22lbxY71_LhaLPRaIrJx2fBqCLTQJqf7Pq3yzz4mLUB114V7Zfxa98Q2U&_nc_zt=23&_nc_ht=scontent-ham3-1.cdninstagram.com&_nc_gid=cANXk6zoDd-TJ7_a_OdFMg&_nc_ss=7c289&oh=00_AQCMMSL0qmi5rJWoWJEdbsJk1KW4V_KM13JaNv1TSsWfHw&oe=6A6E07C1,False
https://www.instagram.com/rajasthanroyals,18257,69,2026-07-26T18:35:02.000Z,Sidecar,"𝘍𝘪𝘳𝘴𝘵 𝘵𝘪𝘮𝘦 𝘸𝘢𝘴 𝘴𝘰 𝘯𝘪𝘤𝘦, 𝘴𝘩𝘦 𝘩𝘢𝘥 𝘵𝘰 𝘥𝘰 𝘪𝘵 𝘵̶𝘸̶𝘪̶𝘤̶𝘦̶ 𝘵𝘩𝘳𝘪𝘤𝘦. Congratulations, @mirabai_chanu on being India’s golden girl again! 🥇🇮🇳💗

#CWG",https://www.instagram.com/p/DbRC7k9DDSW/,DbRC7k9DDSW,https://instagram.fsyd10-1.fna.fbcdn.net/v/t51.82787-15/758426903_18609726895017203_8762073308153078987_n.jpg?stp=dst-jpg_e35_tt6&_nc_cat=111&ig_cache_key=Mzk0OTk1MDg2MjA3NDM0Mzg5MQ%3D%3D.3-ccb7-5&ccb=7-5&_nc_sid=58cdad&efg=eyJ2ZW5jb2RlX3RhZyI6IkNBUk9VU0VMX0lURU0ueHBpZHMuODI4LnNkci5yZWd1bGFyX3Bob3RvLkMzIn0%3D&_nc_ohc=XcK6z7f-LMMQ7kNvwFk47pD&_nc_oc=Adr1fULXvBX4b4nNdjUKCc2h-mBuQJiFWjTcC4ZE4CKx2PxntObb78D5ocK6VAbjlK8&_nc_zt=23&_nc_ht=instagram.fsyd10-1.fna&_nc_gid=UJ9-K8buN79Se4MgYOIeLg&_nc_ss=72a8c&oh=00_AQCLrkts_uK9j-czzbTydVYHBBmyO31zLXc9zM6ur74NEg&oe=6A6E2279,False
https://www.instagram.com/rajasthanroyals,61124,189,2026-07-26T16:01:21.000Z,Sidecar,"𝐇𝐚𝐫-are maidaan fateh 🇮🇳🔥

#RoyalsFamily | #TeamIndia | #ZIMvIND",https://www.instagram.com/p/DbQxV9ljH8T/,DbQxV9ljH8T,https://instagram.fbio3-1.fna.fbcdn.net/v/t51.82787-15/756620665_18609684103017203_9031848356041180664_n.jpg?stp=dst-jpg_e35_tt6&_nc_cat=104&ig_cache_key=Mzk0OTg3MzQ4OTE2OTY4MTI5Nw%3D%3D.3-ccb7-5&ccb=7-5&_nc_sid=58cdad&efg=eyJ2ZW5jb2RlX3RhZyI6IkNBUk9VU0VMX0lURU0ueHBpZHMuMTA4MC5zZHIucmVndWxhcl9waG90by5DMyJ9&_nc_ohc=zT3yQGeSlesQ7kNvwEjtrbt&_nc_oc=AdpR5ET7lg880_SVGAOHoPEBcfuJF4UO7Qboahr0woO4YfM4iHgtbgZa-xQ9tmSTqI4&_nc_zt=23&_nc_ht=instagram.fbio3-1.fna&_nc_gid=o3_3hFqKjz11cTxIqe7STg&_nc_ss=72a8c&oh=00_AQDbzo--ueU3c6US0tMf2vZO7hrh94t8htynnXVt_oFJUQ&oe=6A6E3662,False
https://www.instagram.com/rajasthanroyals,59711,160,2026-07-26T12:41:40.000Z,Sidecar,"50(19), 20(9), 81(49) 

Last of the series and Vaibhav wraps it up with a classic! 👏🇮🇳

#RoyalsFamily | #TeamIndia | #ZIMvIND",https://www.instagram.com/p/DbQafeijMuw/,DbQafeijMuw,https://scontent-fra3-1.cdninstagram.com/v/t51.82787-15/758280500_18609626278017203_2100296047298293012_n.jpg?stp=dst-jpg_e35_tt6&_nc_cat=103&ig_cache_key=Mzk0OTc3MjU4MTQ2MzE3MjU5MQ%3D%3D.3-ccb7-5&ccb=7-5&_nc_sid=58cdad&efg=eyJ2ZW5jb2RlX3RhZyI6IkNBUk9VU0VMX0lURU0ueHBpZHMuMTA4MC5zZHIucmVndWxhcl9waG90by5DMyJ9&_nc_ohc=8MhhDs3Fdd0Q7kNvwHNxTMw&_nc_oc=AdpnzsJlbgYBU-7fQmaZELRGQpxyUpL-HJaTYWG_rY3ECLXS9Ys-IUma1Qv7QT36sQM&_nc_zt=23&_nc_ht=scontent-fra3-1.cdninstagram.com&_nc_gid=K8QFKcgGDCqHMbq3s7V1mA&_nc_ss=72689&oh=00_AQBIUwbPIgKv5jXO17NDm5_gYFri77PfC_LbeUpKOLHR7w&oe=6A6E2E2C,False
https://www.instagram.com/rajasthanroyals,20117,99,2026-07-26T12:25:44.000Z,Video,"Vaibhav at Harare: 𝘈𝘢𝘯𝘥𝘩𝘪 𝘣𝘢𝘯𝘬𝘦 𝘢𝘢𝘺𝘢 𝘩𝘰𝘰𝘯…🌪️🔥

#RoyalsFamily | #HallaBol | #TeamIndia | #ZIMvIND",https://www.instagram.com/p/DbQXng_MUbI/,DbQXng_MUbI,https://instagram.fmxp7-1.fna.fbcdn.net/v/t51.82787-15/756590769_18609621928017203_8633388263301199041_n.jpg?stp=dst-jpg_e15_tt6&_nc_ht=instagram.fmxp7-1.fna.fbcdn.net&_nc_cat=111&_nc_oc=Q6cZ2gEhuj4YwegJu_Q14pkWhvBZ1g48w71EjBqDi83-u9CLpPhUZp-qmokkrLjObB_MNQ0&_nc_ohc=coqE83MWkQwQ7kNvwEfWg1A&_nc_gid=12_duwJhxlkp-vDe6fKLjA&edm=ADp7STQBAAAA&ccb=7-5&oh=00_AQBbEOUdeQNMKSeG3Rfe4vOLJlvpKrZid73mnVVjoz_qBA&oe=6A6E13E6&_nc_sid=c6f216,False
https://www.instagram.com/rajasthanroyals,28072,198,2026-07-26T11:45:27.000Z,Sidecar,"Vaibhav Sooryavanshi loves Harare! 🔥🇮🇳

#RoyalsFamily | #TeamIndia | #ZIMvIND",https://www.instagram.com/p/DbQUDqPjIvE/,DbQUDqPjIvE,https://scontent-dus1-1.cdninstagram.com/v/t51.82787-15/758252902_18609611989017203_3662049811640540874_n.jpg?stp=dst-jpg_e35_tt6&_nc_cat=102&ig_cache_key=Mzk0OTc0NDgyMDY4MjA5NzU2NA%3D%3D.3-ccb7-5&ccb=7-5&_nc_sid=58cdad&efg=eyJ2ZW5jb2RlX3RhZyI6IkNBUk9VU0VMX0lURU0ueHBpZHMuMTA4MC5zZHIucmVndWxhcl9waG90by5DMyJ9&_nc_ohc=FyihmMPnnxoQ7kNvwHkKbOg&_nc_oc=AdoLQ61F9outReRbIxrIkU4RBTL4uxWzsA8BWVjo4msiD48QlYGKRQgMAaSELr1F0gw&_nc_zt=23&_nc_ht=scontent-dus1-1.cdninstagram.com&_nc_gid=hI8JPbwY0OW4zYyxF3nDhg&_nc_ss=7ca8c&oh=00_AQDQT5vCTyS4ijqk7hwF6mda5IBHN1X--q-IUoj1kX7mQA&oe=6A6E2F21,False
https://www.instagram.com/rajasthanroyals,51110,81,2026-07-26T05:08:24.000Z,Sidecar,"Did someone say Parent’s Day? 💗

#RoyalsFamily | #HallaBol",https://www.instagram.com/p/DbPmnk3ms7t/,DbPmnk3ms7t,https://scontent-syd2-1.cdninstagram.com/v/t51.82787-15/756590762_18609535546017203_1269490681285912597_n.heic?stp=dst-jpg_e35_tt6&_nc_cat=105&ig_cache_key=Mzk0OTU0MzgzNzU3ODM2NDc0MQ%3D%3D.3-ccb7-5&ccb=7-5&_nc_sid=58cdad&efg=eyJ2ZW5jb2RlX3RhZyI6IkNBUk9VU0VMX0lURU0ueHBpZHMuMTQ0MC5zZHIucmVndWxhcl9waG90by5DMyJ9&_nc_ohc=DJ8CQiya8KMQ7kNvwHVl52a&_nc_oc=AdqPGamitw8gBk3hgiyuowebEfQgntTTdYd8hWXULV-ACaUWowps922-IQaz8RCJmKA&_nc_zt=23&_nc_ht=scontent-syd2-1.cdninstagram.com&_nc_gid=OIYfXvTmGQfDasAIzDm0Zw&_nc_ss=72689&oh=00_AQBQ_k2SQvrKeHjScLyC5PODWdmIbdcf1i0yr_NU9uXwOQ&oe=6A6E131D,False
https://www.instagram.com/rajasthanroyals,41495,94,2026-07-25T16:33:18.000Z,Sidecar,"Series wrapped up with one to go 😮‍💨👍

#TeamIndia | #ZIMvIND",https://www.instagram.com/p/DbOQNE3DC6u/,DbOQNE3DC6u,https://scontent-ord5-2.cdninstagram.com/v/t51.82787-15/756739907_18609344323017203_4386809911189255921_n.jpg?stp=dst-jpg_e35_tt6&_nc_cat=110&ig_cache_key=Mzk0OTE2NDM1MzQ2MTE5OTcxNA%3D%3D.3-ccb7-5&ccb=7-5&_nc_sid=58cdad&efg=eyJ2ZW5jb2RlX3RhZyI6IkNBUk9VU0VMX0lURU0ueHBpZHMuMTA4MC5zZHIucmVndWxhcl9waG90by5DMyJ9&_nc_ohc=SjX7rVQFhFYQ7kNvwEvoVCW&_nc_oc=AdpLWs6-3BRT_SgUX4WeMXIxrFqIb_w3SMJPM0Lgbd7GSWkf7-l-8vdrXg2UtIAyYDg&_nc_zt=23&_nc_ht=scontent-ord5-2.cdninstagram.com&_nc_gid=j66M8aFvCfja-ocVvEFBSg&_nc_ss=72a8c&oh=00_AQBqfIMfFotJLUioO07_n9LA0VBqLqGZu9S-UK-0Ymoflw&oe=6A6E315C,False
https://www.instagram.com/rajasthanroyals,36684,65,2026-07-25T10:57:17.000Z,Sidecar,"The math is mathinggg 😂💗

#RoyalsFamily | #IPL2026",https://www.instagram.com/p/DbNpwEKDB09/,DbNpwEKDB09,https://scontent-sin2-1.cdninstagram.com/v/t51.82787-15/755416184_18609257497017203_8385233852344131162_n.jpg?stp=dst-jpg_e35_tt6&_nc_cat=100&ig_cache_key=Mzk0ODk5NTM1ODgxMjc2MDkzMA%3D%3D.3-ccb7-5&ccb=7-5&_nc_sid=58cdad&efg=eyJ2ZW5jb2RlX3RhZyI6IkNBUk9VU0VMX0lURU0ueHBpZHMuMTA4MC5zZHIucmVndWxhcl9waG90by5DMyJ9&_nc_ohc=LNHC07Unb3MQ7kNvwEE974V&_nc_oc=Adqk_mYij-X6cTrZteQgbMwOoy1skKFxpp1iDv9uO89AzETxzoJ5WxM148y70Wij5hU&_nc_zt=23&_nc_ht=scontent-sin2-1.cdninstagram.com&_nc_gid=dFKoZ1GTBIN7cdX5g8xM1w&_nc_ss=7c689&oh=00_AQDGvATsTYbQauxulFY9tUYo0azmXpel_kwOfYqU8vH5tg&oe=6A6E0745,False
https://www.instagram.com/punjabkingsipl,6237,39,2026-07-28T06:00:29.000Z,Image,"🇮🇳 is ready for red-ball cricket again 🤩💪 

#SLvIND",https://www.instagram.com/p/DbU2JnIJrPJ/,DbU2JnIJrPJ,https://scontent-itm1-1.cdninstagram.com/v/t51.82787-15/758690818_18606334708049815_750245980037038974_n.jpg?stp=dst-jpg_e35_p1080x1080_sh2.08_tt6&_nc_ht=scontent-itm1-1.cdninstagram.com&_nc_cat=107&_nc_oc=Q6cZ2gEDN4X8iCEz9nGh0aC_1UCWmLQc3LJlekkD_xNs2niTpuPiXUkqr4MgBKsdWZrZYvI&_nc_ohc=hRaKM5KKM14Q7kNvwGNKJ9s&_nc_gid=MzW4pL00Xjl2ZcjwO0OTIw&edm=ADp7STQBAAAA&ccb=7-5&oh=00_AQA4jjy23vz0hfzYftV9GXnIMUw5z9F-y4FmVLeEcYGX6Q&oe=6A6E13B3&_nc_sid=c6f216,False
https://www.instagram.com/punjabkingsipl,7289,32,2026-07-28T04:36:59.000Z,Video,"𝙋𝙍𝘼𝘽𝙃-𝙔𝘼𝙉𝙎𝙃 💥

#PunjabKings",https://www.instagram.com/p/DbUsiRzJ8bR/,DbUsiRzJ8bR,https://instagram.fsyd14-1.fna.fbcdn.net/v/t51.82787-15/755871862_18606323383049815_3142688233151112382_n.jpg?stp=dst-jpg_e35_p1080x1080_sh2.08_tt6&_nc_ht=instagram.fsyd14-1.fna.fbcdn.net&_nc_cat=1&_nc_oc=Q6cZ2gHIYHN2rodE-G52ZXIYfCi8pCeHr5RIGYWqvYnbQlsHFPtwUjF24m5WZ0Tz9pkorUU&_nc_ohc=sZ6jAP_zevAQ7kNvwHYWtn_&_nc_gid=HkZZ235Khqs42vp93YqB5w&edm=ADp7STQBAAAA&ccb=7-5&oh=00_AQDsTdnHy8q4NcKGlJtVV8VNWg_0Pv-B1fH5y-xcxG8EsA&oe=6A6E1DEB&_nc_sid=c6f216,False
https://www.instagram.com/punjabkingsipl,9357,34,2026-07-27T13:35:11.000Z,Sidecar,"#SherSquad, your weekly dose of 🦁 content is here. 📸

#PunjabKings",https://www.instagram.com/p/DbTFaUEjWzl/,DbTFaUEjWzl,https://instagram.fmad6-1.fna.fbcdn.net/v/t51.82787-15/755695489_18606121501049815_1255626327888305592_n.jpg?stp=dst-jpg_e35_tt6&_nc_cat=105&ig_cache_key=Mzk1MDUyNDY1OTE2NjEzMTczNQ%3D%3D.3-ccb7-5&ccb=7-5&_nc_sid=58cdad&efg=eyJ2ZW5jb2RlX3RhZyI6IkNBUk9VU0VMX0lURU0ueHBpZHMuMTIwMC5zZHIucmVndWxhcl9waG90by5DMyJ9&_nc_ohc=vzkjaQmYeKYQ7kNvwGUN__-&_nc_oc=AdqzKALlvb8uSXuXLxGH3C3_7MFUYEem2lx4C3_7JWnBS5uI1B_SFhLIFTmvxBHLJGA&_nc_zt=23&_nc_ht=instagram.fmad6-1.fna&_nc_gid=p3sBkHY-Pbfz4yyQCiKhIg&_nc_ss=72a8c&oh=00_AQCQeHkG19pEFLeJxSNDwaXcH0HWxOIDbAj4IzJHrks7RQ&oe=6A6E33F3,False
https://www.instagram.com/punjabkingsipl,28401,77,2026-07-27T10:31:34.000Z,Image,"Captain 🤝 Coach ❤️

#ZIMvIND",https://www.instagram.com/p/DbSwWsHttlc/,DbSwWsHttlc,https://instagram.fgyn23-1.fna.fbcdn.net/v/t51.82787-15/758357102_18606078157049815_5085731879731372943_n.jpg?stp=dst-jpg_e35_p1080x1080_sh2.08_tt6&_nc_ht=instagram.fgyn23-1.fna.fbcdn.net&_nc_cat=107&_nc_oc=Q6cZ2gGUzTuJ0kI_GBt4mntB3pU8Rk3-1B9dRx0l6XsfaFh1HtZKRgrmUolQ7PPnk1PolMc&_nc_ohc=nzfUOx-P1eUQ7kNvwFL8-OI&_nc_gid=V8cYz441ARmF2TkfH8oc_Q&edm=ADp7STQBAAAA&ccb=7-5&oh=00_AQBthbYFYdPyj77XpuZDS7eYfEMHhmMXExorYt4dvGeWWQ&oe=6A6E39F7&_nc_sid=c6f216,False
https://www.instagram.com/punjabkingsipl,19672,336,2026-07-27T09:20:20.000Z,Video,"Hint: Kitne aadmi the? 😎🔥

#PunjabKings",https://www.instagram.com/p/DbSoHBBu_Gq/,DbSoHBBu_Gq,https://instagram.fntr5-1.fna.fbcdn.net/v/t51.82787-15/757507615_18606068164049815_4812853949748889318_n.jpg?stp=dst-jpg_e15_tt6&_nc_ht=instagram.fntr5-1.fna.fbcdn.net&_nc_cat=107&_nc_oc=Q6cZ2gGRotrbcLo022jm2IivnPHWdsW-uPc8s-ULqvu7E2e3PY_kxv6oluT0DaCkZQZ7m7M&_nc_ohc=Er0abyBMXA0Q7kNvwHIfG0P&_nc_gid=HU0BY9upBKuh1ZteLc4jeg&edm=ADp7STQBAAAA&ccb=7-5&oh=00_AQCgT-fBkSfpcRya6vxdNizs8Oa2T9bz0mHA4aZaBGLQvQ&oe=6A6E3A4D&_nc_sid=c6f216,False
https://www.instagram.com/punjabkingsipl,9057,36,2026-07-27T04:30:08.000Z,Image,"#HappyBirthday to the man who made fielding an art. ⚡️

Have a great one, Jonty! 🫶

#PunjabKings",https://www.instagram.com/p/DbSHCM-DFPS/,DbSHCM-DFPS,https://instagram.fper8-1.fna.fbcdn.net/v/t39.30808-6/755287870_1477765824393051_7847749810145587358_n.jpg?stp=dst-jpg_e35_p1080x1080_sh2.08_tt6&_nc_ht=instagram.fper8-1.fna.fbcdn.net&_nc_cat=103&_nc_oc=Q6cZ2gFecJzGzjTsA0lJJaOyytIW5oG7v2AAINarMtRE72rYipqtLVt55gq0aAS13WPxgc4&_nc_ohc=VWedoE-LLU0Q7kNvwFOoxvf&_nc_gid=6-OE35CoeZWV4EszW7ptkQ&edm=ADp7STQAAAAA&ccb=7-5&oh=00_AQAx6A5aFMSh35nyorof9CCbnFzAOvuzmw6ZpJ1vnukBbQ&oe=6A6E224C&_nc_sid=c6f216,False
https://www.instagram.com/punjabkingsipl,34512,169,2026-07-26T17:11:09.000Z,Image,"Blue reigns supreme.🏆🇮🇳

#ZIMvIND",https://www.instagram.com/p/DbQ5NM7pXj4/,DbQ5NM7pXj4,https://instagram.fktw4-1.fna.fbcdn.net/v/t51.82787-15/757507611_18605862331049815_605384286719577853_n.jpg?stp=dst-jpg_e35_s1080x1080_sh2.08_tt6&_nc_ht=instagram.fktw4-1.fna.fbcdn.net&_nc_cat=107&_nc_oc=Q6cZ2gGUSgj8prKBkwcR1xkjB3pREPZHwU8tlfcLS23UYusl5kuo1p2dM7BGVCN2AJKc3uw&_nc_ohc=AvZwxWOTudoQ7kNvwEoK8oE&_nc_gid=zFR4cXXPj2K3FqD79zMXGg&edm=ADp7STQBAAAA&ccb=7-5&oh=00_AQBuPUTESh-YHQLngXyNUzqee5Q-O85EkUWNhdrOD50IRA&oe=6A6E0BCD&_nc_sid=c6f216,False
https://www.instagram.com/punjabkingsipl,6843,53,2026-07-26T16:03:27.000Z,Image,"Gold Coast 🥇
Birmingham 🥇
Glasgow 🥇

Mirabai Chanu continues her golden run! 🇮🇳✨

#Glasgow2026 #PunjabKings",https://www.instagram.com/p/DbQxk_xNPyN/,DbQxk_xNPyN,https://instagram.fyyz1-2.fna.fbcdn.net/v/t51.82787-15/758274521_18605840209049815_6774723480309653832_n.webp?stp=dst-jpg_e35_p1080x1080_sh2.08_tt6&_nc_ht=instagram.fyyz1-2.fna.fbcdn.net&_nc_cat=107&_nc_oc=Q6cZ2gFhxU3iSwVkAc_rEcQMA1M5awGNqOKURJkvuV-BoLzFbQK02EGN2liQ5I4lAu1ma6Y&_nc_ohc=YoB0QgtgnqgQ7kNvwFccDo_&_nc_gid=Si0n9PZ_CvS4PniMpx17nQ&edm=ADp7STQBAAAA&ccb=7-5&oh=00_AQAdo0Ngsj4Qr5hn92sgerf4XlYN86XIQcfqlJcKjxIDjw&oe=6A6E0DC8&_nc_sid=c6f216,False
https://www.instagram.com/punjabkingsipl,19729,77,2026-07-26T15:49:09.000Z,Image,"Gold in hand, tears in eyes while singing the national anthem! 🇮🇳❤️

The ultimate feeling! ✨

#Glasgow2026 #PunjabKings",https://www.instagram.com/p/DbQv8I5NJip/,DbQv8I5NJip,https://instagram.fktw4-1.fna.fbcdn.net/v/t51.82787-15/756780053_18605835508049815_1069341893559572064_n.webp?stp=dst-jpg_e35_p1080x1080_sh2.08_tt6&_nc_ht=instagram.fktw4-1.fna.fbcdn.net&_nc_cat=107&_nc_oc=Q6cZ2gEb7PUsChL1FGS7dNPg-Q7tCgtHS2mEb0PoBdSA9jmJGq_uZ4W5uRR_NTPlrT26fOU&_nc_ohc=j40ki5oketUQ7kNvwFAOQol&_nc_gid=_pTlIg3ZeQaG8q-UWMjjXA&edm=ADp7STQBAAAA&ccb=7-5&oh=00_AQAGF1h-RinwftSGDQGA23-tEGbGnFz2rko3UR_J5n2VVA&oe=6A6E132B&_nc_sid=c6f216,False
https://www.instagram.com/punjabkingsipl,20801,69,2026-07-26T15:33:12.000Z,Video,"1️⃣5️⃣ now and first POTS! 🔥

#ZIMvIND",https://www.instagram.com/p/DbQuCXcNcsJ/,DbQuCXcNcsJ,https://instagram.fpoz3-1.fna.fbcdn.net/v/t51.82787-15/756536630_18605831710049815_555085408181334603_n.jpg?stp=dst-jpg_e15_tt6&_nc_ht=instagram.fpoz3-1.fna.fbcdn.net&_nc_cat=107&_nc_oc=Q6cZ2gER-ARvb0uK9fLbk52ZQv3ai9GBDEkvF08KEFukkE3dTKkr29-tf8pBq9j8OT9g7fI&_nc_ohc=Pq0PVvKw2dEQ7kNvwFyQOY-&_nc_gid=U-D7I91bk8xxGt_fI41JsQ&edm=ADp7STQBAAAA&ccb=7-5&oh=00_AQAC2UiQ_XFom2CUKp5Vm92lZQmANGZ4mxgpdo5Eeywjtg&oe=6A6E3465&_nc_sid=c6f216,False
https://www.instagram.com/punjabkingsipl,41250,114,2026-07-26T14:40:31.000Z,Image,"🇮🇳🔛🔝! 🔥

#ZIMvIND",https://www.instagram.com/p/DbQoFg2Nw17/,DbQoFg2Nw17,https://scontent-yyz1-1.cdninstagram.com/v/t51.82787-15/756590094_18605811430049815_6996908595161424235_n.webp?stp=dst-jpg_e35_s1080x1080_sh2.08_tt6&_nc_ht=scontent-yyz1-1.cdninstagram.com&_nc_cat=107&_nc_oc=Q6cZ2gF11AWsd2N_DXwM0aOMvVG2mCbgTIaNmAlLkOC3hlEsxcwVKPwWPPDzGLhY75tVSL0&_nc_ohc=AMFe_EyfV7AQ7kNvwFjaTUs&_nc_gid=j-m0g15c-94ktaT6Mao_xw&edm=ADp7STQBAAAA&ccb=7-5&oh=00_AQB9QUfOOGaTSWNbwm50UXJ4_siS4O6t0r56HK8ER1st8w&oe=6A6E1469&_nc_sid=c6f216,False
https://www.instagram.com/punjabkingsipl,15804,47,2026-07-26T13:34:40.000Z,Image,"Thakur ji! 🔥🔥

#ZIMvIND",https://www.instagram.com/p/DbQgjSDtOZH/,DbQgjSDtOZH,https://scontent-ham3-1.cdninstagram.com/v/t51.82787-15/758544102_18605792191049815_253959199040207958_n.webp?stp=dst-jpg_e35_p1080x1080_sh2.08_tt6&_nc_ht=scontent-ham3-1.cdninstagram.com&_nc_cat=107&_nc_oc=Q6cZ2gEEcVJ0hYEY_z20R0WXFfQK8uuyuIV19k_vmnLwCham37cKS3q-Q12TiwhriJz99pQ&_nc_ohc=bWB8R7YReogQ7kNvwGNpVdn&_nc_gid=DwFoUDj9B_pLQm5PBNmonQ&edm=ADp7STQBAAAA&ccb=7-5&oh=00_AQCmZV3-KQ_0Acxv8DdW0RMkWyhpgxIJVSQTWrpX-VxI4w&oe=6A6E12CB&_nc_sid=c6f216,False
https://www.instagram.com/punjabkingsipl,46766,132,2026-07-26T12:36:11.000Z,Video,"Built different! 🔥

#ZIMvIND",https://www.instagram.com/p/DbQZzp6tW-X/,DbQZzp6tW-X,https://scontent-cdg4-3.cdninstagram.com/v/t51.71878-15/756039208_893437396679243_2428510502297533294_n.jpg?stp=dst-jpg_e15_tt6&_nc_ht=scontent-cdg4-3.cdninstagram.com&_nc_cat=111&_nc_oc=Q6cZ2gFUzutdvrw71nycZ3quIoW8x5y2w2bX7qgsmyy1oe4clup3AFZUtmaWJ462bjvm26g&_nc_ohc=wM51UQJyBUUQ7kNvwGaD-t-&_nc_gid=iauSt2ucQHbPpkwDQTUZdQ&edm=ADp7STQBAAAA&ccb=7-5&oh=00_AQBnGCBgG8jKApgcCf1WCnaQAso1umzuCqUQ6aFN51jsCg&oe=6A6E14E5&_nc_sid=c6f216,False
https://www.instagram.com/punjabkingsipl,11064,58,2026-07-26T11:42:40.000Z,Image,"Double thumbs up for Vaibhav's knock! 👍👍

#ZIMvIND",https://www.instagram.com/p/DbQTu8jNLmq/,DbQTu8jNLmq,https://instagram.flba3-1.fna.fbcdn.net/v/t51.82787-15/756682866_18605761198049815_2919333362137217250_n.webp?stp=dst-jpg_e35_p1080x1080_sh2.08_tt6&_nc_ht=instagram.flba3-1.fna.fbcdn.net&_nc_cat=107&_nc_oc=Q6cZ2gE6qIfaHI58_PyqC-j9uAdvXkG5eC5InottS7mpWYInoImHouFQwKUFtr_r-L6uASM&_nc_ohc=EJXjyxi_JAcQ7kNvwHgAnad&_nc_gid=FD4mbBLxXE_XGS2Js24cdA&edm=ADp7STQBAAAA&ccb=7-5&oh=00_AQCaLqYrw2V7Asu5JUOJRpmdVmS3QMrqcJR9x8t4I0ozGg&oe=6A6E1380&_nc_sid=c6f216,False
https://www.instagram.com/punjabkingsipl,12981,42,2026-07-26T10:54:18.000Z,Image,"A golden chapter in Indian squash! 🇮🇳🏆

Anahat Singh scripts history as India's first World Junior Squash Champion! 🌟

#PunjabKings",https://www.instagram.com/p/DbQOMpiO3P4/,DbQOMpiO3P4,https://scontent-ams2-1.cdninstagram.com/v/t51.82787-15/756661960_18605749930049815_2761873278796191677_n.webp?stp=dst-jpg_e35_p1080x1080_sh2.08_tt6&_nc_ht=scontent-ams2-1.cdninstagram.com&_nc_cat=107&_nc_oc=Q6cZ2gEeJAoPlm5Opak8V6pV-0jAYZI19a1dHcWX33nMLqfkeHFvobJx08agLZAkPLUzgiQ&_nc_ohc=PGHDtBXlW3cQ7kNvwF0hLOI&_nc_gid=b4eklrpL1gGeBQ_K4nlwsw&edm=ADp7STQBAAAA&ccb=7-5&oh=00_AQAF9hS3_VLuqlSOzR2LsVXD4w_xKPJiXBLAhVR5ItSqkg&oe=6A6E0470&_nc_sid=c6f216,False
https://www.instagram.com/indiancricketteam,52351,127,2026-07-28T05:21:03.000Z,Video,"𝘼 𝙨𝙥𝙚𝙘𝙞𝙖𝙡 𝙛𝙞𝙧𝙨𝙩 𝙤𝙛 𝙢𝙖𝙣𝙮 🏆

Captain Shreyas Iyer reflects on his maiden series victory at the helm, powered by a fearless young squad 🙌

#TeamIndia | #ZIMvIND",https://www.instagram.com/p/DbUxeeEzO67/,DbUxeeEzO67,https://scontent-icn2-1.cdninstagram.com/v/t51.82787-15/759239403_18578646367066764_7727539332778192364_n.jpg?stp=dst-jpg_e35_s1080x1080_sh2.08_tt6&_nc_ht=scontent-icn2-1.cdninstagram.com&_nc_cat=1&_nc_oc=Q6cZ2gF-H_yvFs6c0c0TXwpWfhiR3bIhJSJVBKcBXqDmOP3jFsIOW_cBluCYDLSJvbuL1tA&_nc_ohc=FEmlwI0rwKUQ7kNvwG1tmrN&_nc_gid=j7F9VuaNSjrMXHCOexcpWg&edm=ADp7STQBAAAA&ccb=7-5&oh=00_AQCL43A1rY4XrFB_VpkN3voRqdSI0x_tjsD9rnAmr4kBlA&oe=6A6E3A88&_nc_sid=c6f216,False
https://www.instagram.com/indiancricketteam,420626,3589,2026-07-28T03:31:55.000Z,Image,"🚨 News 🚨

#TeamIndia's squad for the 2⃣-match Test Series against Sri Lanka announced. 

Note: Washington Sundar was not available for selection for the first Test. 

More Details in our stories 🔼

#SLvIND",https://www.instagram.com/p/DbUlKufD-B9/,DbUlKufD-B9,https://instagram.frtm1-3.fna.fbcdn.net/v/t51.82787-15/756038945_18578626735066764_8282688076126962102_n.jpg?stp=dst-jpg_e35_p1080x1080_sh2.08_tt6&_nc_ht=instagram.frtm1-3.fna.fbcdn.net&_nc_cat=1&_nc_oc=Q6cZ2gGB38FxjnNaH0sfnLfxwl3ZH6E8HobZT5nMNC10JMwJDQSvCpj6Y7a_5_OV-wUenfs&_nc_ohc=4KzJGBnpvQUQ7kNvwFDp--W&_nc_gid=e77e-ZAiUgmFx0IfsTFQPg&edm=ADp7STQBAAAA&ccb=7-5&oh=00_AQDiWYKZ95M4jf3B7j98ZbD7100nTnraMv2ptZW3-rXF-A&oe=6A6E1BE6&_nc_sid=c6f216,False
https://www.instagram.com/indiancricketteam,95687,198,2026-07-27T07:42:16.000Z,Image,"Winner of ICC Women's Cricket World Cup 2️⃣0️⃣2️⃣5️⃣ 🏆

Here's wishing #TeamIndia wicketkeeper-batter Uma Chetry a very happy birthday 🎂🥳",https://www.instagram.com/p/DbSdBeKlG-V/,DbSdBeKlG-V,https://instagram.fhmo2-4.fna.fbcdn.net/v/t51.82787-15/757831243_18578388988066764_4621863533551110015_n.jpg?stp=dst-jpg_e35_p1080x1080_sh2.08_tt6&_nc_ht=instagram.fhmo2-4.fna.fbcdn.net&_nc_cat=1&_nc_oc=Q6cZ2gHMIltsgKuRq01JjJWbk4TvlPZk5BUC-KFRfk6cTD-iSwdoHrbkcnVWejF-8n1cd5Q&_nc_ohc=LhJKmSedjf4Q7kNvwGTgPL7&_nc_gid=SWYP-3RsjYf31_FHJI_YoQ&edm=ADp7STQBAAAA&ccb=7-5&oh=00_AQBbONBdc2cvOyHorou0DRTARZ_bfuevhyPX94KELYOZNQ&oe=6A6E375B&_nc_sid=c6f216,False
https://www.instagram.com/indiancricketteam,212987,389,2026-07-27T06:05:04.000Z,Video,"A 𝙙𝙧𝙚𝙖𝙢 𝙘𝙤𝙢𝙚 𝙩𝙧𝙪𝙚 ✨
And he is only getting started 🙌

🎥 Hear from Player of the Series Vaibhav Sooryavanshi on a milestone series 🏆

#TeamIndia | #ZIMvIND",https://www.instagram.com/p/DbSRog4zd9g/,DbSRog4zd9g,https://scontent-gmp1-1.cdninstagram.com/v/t51.82787-15/756039126_18578373154066764_5652566941770614204_n.jpg?stp=dst-jpg_e35_s1080x1080_sh2.08_tt6&_nc_ht=scontent-gmp1-1.cdninstagram.com&_nc_cat=1&_nc_oc=Q6cZ2gHDuIa7koiILwwJdBZLkHNUwOXv9rigxddDZ7-Iw4x5Eg5ugCp6KCRRzR_by1E5VWM&_nc_ohc=CJgJ2ih8JAgQ7kNvwFlhTBr&_nc_gid=gaz_oi06a8UdNfQT9_hfeA&edm=ADp7STQBAAAA&ccb=7-5&oh=00_AQB9_pncEp9Htg71CRlyrDX7506Z0EZJnvRqzsDwvPgYNw&oe=6A6E3769&_nc_sid=c6f216,False
https://www.instagram.com/indiancricketteam,258736,774,2026-07-27T04:01:33.000Z,Video,"The vision was set. The execution was flawless 👏

🎥 Experience the dressing room vibes as Head Coach VVS Laxman & Captain Shreyas Iyer reflect on a phenomenal series win 🏆

#TeamIndia | #ZIMvIND",https://www.instagram.com/p/DbSDix1zTdW/,DbSDix1zTdW,https://scontent-pmo1-1.cdninstagram.com/v/t51.82787-15/755170866_18578354641066764_5174291114258486807_n.jpg?stp=dst-jpg_e35_s1080x1080_sh2.08_tt6&_nc_ht=scontent-pmo1-1.cdninstagram.com&_nc_cat=1&_nc_oc=Q6cZ2gGnuqd4bTIjOBgwlhdByI505MobJOvSETLaB6pRtUL30oO0MkybFYKm_of1H6QN__I&_nc_ohc=waJv1Hu3XA4Q7kNvwGbIfl4&_nc_gid=S_ttZK5YuOo9I6iGZO7W4A&edm=ADp7STQBAAAA&ccb=7-5&oh=00_AQBAvB9sCQQ6Zx3eLgkVPYoCDjQhQ_ZeE_jLJrHGNsIorQ&oe=6A6E0F6D&_nc_sid=c6f216,False
https://www.instagram.com/indiancricketteam,269391,1115,2026-07-26T15:59:06.000Z,Image,"𝗪.𝗜.𝗡.𝗡.𝗘.𝗥.𝗦 🏆

A dominant performance from #TeamIndia as we clinch a 3️⃣-0️⃣ clean sweep over Zimbabwe 👏👏",https://www.instagram.com/p/DbQxFbIFOxm/,DbQxFbIFOxm,https://instagram.fymq2-1.fna.fbcdn.net/v/t51.82787-15/756846607_18578206954066764_8260776171278902848_n.jpg?stp=dst-jpg_e35_p1080x1080_sh2.08_tt6&_nc_ht=instagram.fymq2-1.fna.fbcdn.net&_nc_cat=1&_nc_oc=Q6cZ2gH1rljlmHqHgvwC9FueJ2miEt7bVTU_kawOjyByDNTTwpu6J8WmABG334rmwmceO2g&_nc_ohc=uQf_i5-BrawQ7kNvwFIG5t8&_nc_gid=5Nb6_TNNtzhh5iLwkaxPlg&edm=ADp7STQBAAAA&ccb=7-5&oh=00_AQCppqxWtHLIRytg0F_bzEYoWSNkm3cfkUMYo3a6DYF8FQ&oe=6A6E2E92&_nc_sid=c6f216,False
https://www.instagram.com/indiancricketteam,242951,560,2026-07-26T15:21:05.000Z,Image,"1️⃣5️⃣1️⃣ runs at an explosive 1️⃣9️⃣6️⃣ strike rate 💥

15-year-old Vaibhav Sooryavanshi bags the Player of the Series award 👏👏

#TeamIndia | #ZIMvIND",https://www.instagram.com/p/DbQsvEbDX_F/,DbQsvEbDX_F,https://scontent-ams2-1.cdninstagram.com/v/t51.82787-15/755221046_18578196544066764_756030136499818902_n.jpg?stp=dst-jpg_e35_p1080x1080_sh2.08_tt6&_nc_ht=scontent-ams2-1.cdninstagram.com&_nc_cat=1&_nc_oc=Q6cZ2gHfe9NL-_Njgc0Yzy5q60xN5ufeEOS0DSLJmi2IOe-8FcWPHTfnrIssvDOfvpZHY0A&_nc_ohc=K6uySSKdfhMQ7kNvwFb-bpv&_nc_gid=o7st9VTIYws8MEtmOIYZHQ&edm=ADp7STQBAAAA&ccb=7-5&oh=00_AQAHIoj43FsUwyGWRdyxWKtt43foOSEaKGaDgeMRzTqV7A&oe=6A6E0A72&_nc_sid=c6f216,False
https://www.instagram.com/indiancricketteam,132964,443,2026-07-26T15:00:54.000Z,Image,"The very first of many for the teenage sensation ✨

Vaibhav Sooryavanshi takes home his maiden Player of the Match award in international cricket! 🏆

#TeamIndia | #ZIMvIND",https://www.instagram.com/p/DbQqbP2lGLV/,DbQqbP2lGLV,https://scontent-ham3-1.cdninstagram.com/v/t51.82787-15/755878724_18578190760066764_8021238500049649526_n.jpg?stp=dst-jpg_e35_p1080x1080_sh2.08_tt6&_nc_ht=scontent-ham3-1.cdninstagram.com&_nc_cat=1&_nc_oc=Q6cZ2gE0OhiBvP3zPhbzH2ReU9VKcFpjIhyA_ckZqyQ_SXZruQBtiLIzMKYkvPjDvJZtR7c&_nc_ohc=K6aZ_-u3gUgQ7kNvwFTioy0&_nc_gid=wgp1HF-SKowjzK75GbSJoA&edm=ADp7STQBAAAA&ccb=7-5&oh=00_AQAJ7Eo6K9rF0zSrV_mrhrfVpmetElgkDIDmnGcbBou77g&oe=6A6E1A99&_nc_sid=c6f216,False
https://www.instagram.com/indiancricketteam,276950,215,2026-07-26T14:44:25.000Z,Sidecar,"Nothing beats the feeling of first international wicket 🥹

Ashok Sharma with a picture-perfect delivery to open his account 💙

#TeamIndia | #ZIMvIND",https://www.instagram.com/p/DbQoicOFDRi/,DbQoicOFDRi,https://scontent-fra3-1.cdninstagram.com/v/t51.82787-15/755464036_18578186356066764_6674776511071126237_n.jpg?stp=dst-jpg_e35_tt6&_nc_cat=1&ig_cache_key=Mzk0OTgzNTE1NTA5OTg4Mzc0Mw%3D%3D.3-ccb7-5&ccb=7-5&_nc_sid=58cdad&efg=eyJ2ZW5jb2RlX3RhZyI6IkNBUk9VU0VMX0lURU0ueHBpZHMuMTQ0MC5zZHIucmVndWxhcl9waG90by5DMyJ9&_nc_ohc=eW5THSxShk4Q7kNvwE_huS7&_nc_oc=AdpsgLbGHwpBQnfvH9P65hssnGJK8aE-yPaBf2yT-zEZh2x09oKoRqNhNlOC7HX-58s&_nc_zt=23&_nc_ht=scontent-fra3-1.cdninstagram.com&_nc_gid=5wFytUkTQmFBFv64pTGTdA&_nc_ss=72a8c&oh=00_AQAcRLCeYAuUKy6venhuQOs6NguxA3gCmkmEb3b7M1wqoA&oe=6A6E1D39,False
https://www.instagram.com/indiancricketteam,129733,116,2026-07-26T13:59:44.000Z,Sidecar,"Ravi Bishnoi gets in on the act 💥

Zimbabwe are 4 down now 👊

#TeamIndia | #ZIMvIND",https://www.instagram.com/p/DbQjbKwjR1R/,DbQjbKwjR1R,https://scontent-atl3-1.cdninstagram.com/v/t51.82787-15/755695474_18578174785066764_2504255421780818745_n.jpg?stp=dst-jpg_e35_tt6&_nc_cat=1&ig_cache_key=Mzk0OTgxMjY2MTU4Mzk2NjE2MQ%3D%3D.3-ccb7-5&ccb=7-5&_nc_sid=58cdad&efg=eyJ2ZW5jb2RlX3RhZyI6IkNBUk9VU0VMX0lURU0ueHBpZHMuMTQwNS5zZHIucmVndWxhcl9waG90by5DMyJ9&_nc_ohc=0NSN3ot2UXAQ7kNvwFnwDjR&_nc_oc=AdrdvE6QO9pBbegTDyuCozYKY2A7v1e7XXozwITySJGEmCChB8mOmS8YUJUy2ERfEgU&_nc_zt=23&_nc_ht=scontent-atl3-1.cdninstagram.com&_nc_gid=qXxdkhP0aAur7_Hty8JrHw&_nc_ss=7ca8c&oh=00_AQAe-GUxe7AjERPet2R55UVvRnwfwJENdlAib2R2fvBktg&oe=6A6E0AED,False
https://www.instagram.com/indiancricketteam,134037,162,2026-07-26T13:24:52.000Z,Sidecar,"Back-to-back strikes 👊

Yash Thakur with a double blow to put #TeamIndia on top 👏👏

#TeamIndia | #ZIMvIND",https://www.instagram.com/p/DbQfbyIjTUD/,DbQfbyIjTUD,https://scontent-ord5-2.cdninstagram.com/v/t51.82787-15/757563403_18578166709066764_3734534387606481901_n.jpg?stp=dst-jpg_e35_tt6&_nc_cat=1&ig_cache_key=Mzk0OTc5NTEwOTM5NDgwMTAxMQ%3D%3D.3-ccb7-5&ccb=7-5&_nc_sid=58cdad&efg=eyJ2ZW5jb2RlX3RhZyI6IkNBUk9VU0VMX0lURU0ueHBpZHMuMTQ0MC5zZHIucmVndWxhcl9waG90by5DMyJ9&_nc_ohc=fTADXj91fT8Q7kNvwFIFOnX&_nc_oc=AdoR1RhOOwmHarB4Ht5onUfDnkIEEFJL3CE9eGIxb_b4KetefD7jRoCHybin8RDNjOA&_nc_zt=23&_nc_ht=scontent-ord5-2.cdninstagram.com&_nc_gid=XaNwy5wVlAMeaxYU6g19aQ&_nc_ss=7ca8c&oh=00_AQDmVeD_ZuEYsMj2gfXu492gT6JkNudAS07YYUZWXfTYjw&oe=6A6E11BD,False
https://www.instagram.com/indiancricketteam,101340,106,2026-07-26T13:13:57.000Z,Sidecar,"Same bowler, same batter, same exact first-ball result 🔥

Mayank Yadav dismisses Brian Bennett on the very first ball... AGAIN 😮

#TeamIndia | #ZIMvIND",https://www.instagram.com/p/DbQeL0zjb9I/,DbQeL0zjb9I,https://scontent-ams2-1.cdninstagram.com/v/t51.82787-15/756641403_18578164300066764_4359397032467858442_n.jpg?stp=dst-jpg_e35_tt6&_nc_cat=1&ig_cache_key=Mzk0OTc4OTYxNjU1OTQ3NjgwNw%3D%3D.3-ccb7-5&ccb=7-5&_nc_sid=58cdad&efg=eyJ2ZW5jb2RlX3RhZyI6IkNBUk9VU0VMX0lURU0ueHBpZHMuOTA5LnNkci5yZWd1bGFyX3Bob3RvLkMzIn0%3D&_nc_ohc=U8mT5U9m2lUQ7kNvwHHo8hX&_nc_oc=Ado62YbzyLnGlPwOEyot7NUOnPqRa5qF3soELoa9CIY9XFGmfTIHWRKjz843e8AQWYk&_nc_zt=23&_nc_ht=scontent-ams2-1.cdninstagram.com&_nc_gid=0UMFdmPCD28K2XGJvzFIxw&_nc_ss=7ca8c&oh=00_AQCfkSUOAhbLJt7xQAQU9qbkq4dkYW3-TW0B3s0YTxqTVQ&oe=6A6E0F6E,False
https://www.instagram.com/indiancricketteam,83424,204,2026-07-26T12:41:36.000Z,Image,"A solid batting effort led by Vaibhav Sooryavanshi's fabulous knock 🔝

Over to our bowlers to defend 1️⃣9️⃣2️⃣ runs 🎯

#TeamIndia | #ZIMvIND",https://www.instagram.com/p/DbQae9YlIbR/,DbQae9YlIbR,https://scontent-muc2-1.cdninstagram.com/v/t51.82787-15/757431685_18578156707066764_5101687420161960330_n.jpg?stp=dst-jpg_e35_p1080x1080_sh2.08_tt6&_nc_ht=scontent-muc2-1.cdninstagram.com&_nc_cat=1&_nc_oc=Q6cZ2gEHtUrTSpMQwm7neFx3a_xQchhAgns4R3t4mMDqb1ryvvhv47d5XXcl0TkRnSKILEE&_nc_ohc=Tf1vK6UGpzAQ7kNvwGQn-zx&_nc_gid=zuPvqqCDaMuYAz8HlUSIAw&edm=ADp7STQBAAAA&ccb=7-5&oh=00_AQBKIO-0o0q144R6qe7OmXtsyBYq_0N0G5MS0GKo6eKGwA&oe=6A6E309B&_nc_sid=c6f216,False
https://www.instagram.com/indiancricketteam,257140,432,2026-07-26T12:14:53.000Z,Sidecar,"8️⃣1️⃣ runs
4️⃣9️⃣ deliveries
8️⃣ fours
4️⃣ sixes

Vaibhav Sooryavanshi thrilled Harare with another special outing 🌟👏

#TeamIndia | #ZIMvIND",https://www.instagram.com/p/DbQXbQsFNkx/,DbQXbQsFNkx,https://scontent-ams2-1.cdninstagram.com/v/t51.82787-15/755207717_18578151781066764_1471080023579596946_n.jpg?stp=dst-jpg_e35_tt6&_nc_cat=1&ig_cache_key=Mzk0OTc1OTg5MjU0MjQ3MTM3MA%3D%3D.3-ccb7-5&ccb=7-5&_nc_sid=58cdad&efg=eyJ2ZW5jb2RlX3RhZyI6IkNBUk9VU0VMX0lURU0ueHBpZHMuMTQ0MC5zZHIucmVndWxhcl9waG90by5DMyJ9&_nc_ohc=qg_cwgn7HAgQ7kNvwGMuIeb&_nc_oc=AdrLN4KiUfl6F7TFQPKgTMi0r_XmYYncIpDrWCFaCzGNncANMSuBMRVBgHtyBYHTYoM&_nc_zt=23&_nc_ht=scontent-ams2-1.cdninstagram.com&_nc_gid=9O1SMVMkAGrte3iPgj-TMA&_nc_ss=72a8c&oh=00_AQAkaFur779x-0MFFL7q6YVi7Iybs_AtuT2YSvYm5mSDVw&oe=6A6E2CF4,False
https://www.instagram.com/indiancricketteam,127497,252,2026-07-26T12:03:32.000Z,Sidecar,"The 1️⃣5️⃣-year-old keeps going in style 💪

Vaibhav Sooryavanshi is joined by Captain Shreyas Iyer in the middle with #TeamIndia 129/2 after 14 overs 👌

#ZIMvIND",https://www.instagram.com/p/DbQWILulMMc/,DbQWILulMMc,https://instagram.fntr1-2.fna.fbcdn.net/v/t51.82787-15/754068597_18578149063066764_3295007269448989800_n.jpg?stp=dst-jpg_e35_tt6&_nc_cat=1&ig_cache_key=Mzk0OTc1NDE4MDIwMjQxMzczNQ%3D%3D.3-ccb7-5&ccb=7-5&_nc_sid=58cdad&efg=eyJ2ZW5jb2RlX3RhZyI6IkNBUk9VU0VMX0lURU0ueHBpZHMuMTQ0MC5zZHIucmVndWxhcl9waG90by5DMyJ9&_nc_ohc=Eamj_xJYyecQ7kNvwFEvlrK&_nc_oc=AdrBiN0XCrDBz68kf17LzTrE5dI5HxEVprtw-Nu1RLHcgDhMKwhlNQu-0SO06PPcUwA&_nc_zt=23&_nc_ht=instagram.fntr1-2.fna&_nc_gid=sOEJjvMm11Wci-QNCYxiLQ&_nc_ss=72a8c&oh=00_AQAWXWiNdvHg30c1707FIpu4FlQnh-jsgcGwK9ul-IrLww&oe=6A6E1797,False
